ISO-10303-21;
HEADER;
FILE_DESCRIPTION (( 'STEP AP214' ),
    '1' );
FILE_NAME ('LGA-12_L2.0-W2.0-P0.50-TL_QMA6100.STEP',
    '2022-09-03T08:11:20',
    ( 'Sky123.Org' ),
    ( 'Sky123.Org' ),
    'SwSTEP 2.0',
    'SolidWorks 2017',
    '' );
FILE_SCHEMA (( 'AUTOMOTIVE_DESIGN' ));
ENDSEC;

DATA;
#1 = CARTESIAN_POINT ( 'NONE',  ( 0.2733419037463276100, 0.7161445019787834300, 0.9300000000000000500 ) ) ;
#2 = CARTESIAN_POINT ( 'NONE',  ( 0.4806459362019426300, 0.6525031801209211200, 0.9400000000000000600 ) ) ;
#3 = CARTESIAN_POINT ( 'NONE',  ( 0.6611543291378714200, 0.7888190780096977500, 0.9400000000000000600 ) ) ;
#4 = ORIENTED_EDGE ( 'NONE', *, *, #3660, .T. ) ;
#5 = CARTESIAN_POINT ( 'NONE',  ( 0.2272051422956250000, 0.8462915358590125100, 0.9300000000000000500 ) ) ;
#6 = EDGE_LOOP ( 'NONE', ( #10195, #1680, #3156, #4831, #8203, #1799, #7784, #5131 ) ) ;
#7 = FACE_OUTER_BOUND ( 'NONE', #9276, .T. ) ;
#8 = VECTOR ( 'NONE', #8679, 1000.000000000000000 ) ;
#9 = EDGE_CURVE ( 'NONE', #7994, #7201, #1716, .T. ) ;
#10 = ORIENTED_EDGE ( 'NONE', *, *, #6787, .T. ) ;
#11 = CARTESIAN_POINT ( 'NONE',  ( 0.4822056713211331200, 0.7727760882107978000, 0.9400000000000000600 ) ) ;
#12 = ORIENTED_EDGE ( 'NONE', *, *, #62, .T. ) ;
#13 = COLOUR_RGB ( '',0.6666666666666666300, 0.6666666666666666300, 0.6666666666666666300 ) ;
#14 = LINE ( 'NONE', #6216, #10379 ) ;
#15 = ADVANCED_FACE ( 'NONE', ( #6942 ), #5762, .F. ) ;
#16 = CARTESIAN_POINT ( 'NONE',  ( 0.4745802996267991000, 0.6490371020779830400, 0.9400000000000000600 ) ) ;
#17 = CARTESIAN_POINT ( 'NONE',  ( 0.7726382536183515900, 0.7064749667899301600, 0.9300000000000000500 ) ) ;
#18 = AXIS2_PLACEMENT_3D ( 'NONE', #2548, #8470, #3375 ) ;
#19 = CARTESIAN_POINT ( 'NONE',  ( 0.3160356479979080600, 0.7168331264331474500, 0.9400000000000000600 ) ) ;
#20 = FACE_BOUND ( 'NONE', #4345, .T. ) ;
#21 = VECTOR ( 'NONE', #2209, 1000.000000000000000 ) ;
#22 = CARTESIAN_POINT ( 'NONE',  ( 0.7615963192816301900, 0.7176159319277641800, 0.9300000000000000500 ) ) ;
#23 = DIRECTION ( 'NONE',  ( -0.0000000000000000000, -0.0000000000000000000, -1.000000000000000000 ) ) ;
#24 =( LENGTH_UNIT ( ) NAMED_UNIT ( * ) SI_UNIT ( .MILLI., .METRE. ) );
#25 = FILL_AREA_STYLE ('',( #10768 ) ) ;
#26 = DIRECTION ( 'NONE',  ( -0.0000000000000000000, -0.0000000000000000000, 1.000000000000000000 ) ) ;
#27 = CARTESIAN_POINT ( 'NONE',  ( 0.5653420289508036500, 0.6321523504689579000, 0.9300000000000000500 ) ) ;
#28 = B_SPLINE_SURFACE_WITH_KNOTS ( 'NONE', 3, 1, ( 
 ( #3635, #1026 ),
 ( #8039, #8723 ),
 ( #6222, #1520 ),
 ( #7399, #2324 ) ),
 .UNSPECIFIED., .F., .F., .F.,
 ( 4, 4 ),
 ( 2, 2 ),
 ( 8.000000000000000000, 9.000000000000000000 ),
 ( 0.0000000000000000000, 1.000000000000000000 ),
 .UNSPECIFIED. ) ;
#29 = DIRECTION ( 'NONE',  ( -0.0000000000000000000, -0.0000000000000000000, 1.000000000000000000 ) ) ;
#30 = PLANE ( 'NONE',  #7609 ) ;
#31 = ORIENTED_EDGE ( 'NONE', *, *, #8037, .T. ) ;
#32 = ORIENTED_EDGE ( 'NONE', *, *, #6225, .F. ) ;
#33 = EDGE_LOOP ( 'NONE', ( #5188, #3306, #10714, #6566 ) ) ;
#35 = DIRECTION ( 'NONE',  ( -0.0000000000000000000, -0.0000000000000000000, -1.000000000000000000 ) ) ;
#34 = CARTESIAN_POINT ( 'NONE',  ( -0.8749999999999985600, 0.3750000000000029400, -0.02000000000000000000 ) ) ;
#36 = LINE ( 'NONE', #5202, #3890 ) ;
#37 = LINE ( 'NONE', #10734, #6423 ) ;
#38 = CARTESIAN_POINT ( 'NONE',  ( -0.1115903450923940700, 0.7877598034772622700, 0.9400000000000000600 ) ) ;
#39 = CARTESIAN_POINT ( 'NONE',  ( -0.04135224160789507200, 0.8414712763175875600, 0.9300000000000000500 ) ) ;
#40 = CARTESIAN_POINT ( 'NONE',  ( 0.7471625800028051100, 0.8712622200305831800, 0.9300000000000000500 ) ) ;
#41 = FILL_AREA_STYLE ('',( #5868 ) ) ;
#42 = ORIENTED_EDGE ( 'NONE', *, *, #9833, .F. ) ;
#43 = CARTESIAN_POINT ( 'NONE',  ( 0.5866088935143900500, 0.5891729827367686600, 0.9400000000000000600 ) ) ;
#44 = VERTEX_POINT ( 'NONE', #1037 ) ;
#45 = B_SPLINE_CURVE_WITH_KNOTS ( 'NONE', 3,
 ( #2255, #5386, #3785, #9491 ),
 .UNSPECIFIED., .F., .F.,
 ( 4, 4 ),
 ( 5.000000000000000000, 6.000000000000000000 ),
 .UNSPECIFIED. ) ;
#46 = VERTEX_POINT ( 'NONE', #587 ) ;
#47 =( GEOMETRIC_REPRESENTATION_CONTEXT ( 3 ) GLOBAL_UNCERTAINTY_ASSIGNED_CONTEXT ( ( #2574 ) ) GLOBAL_UNIT_ASSIGNED_CONTEXT ( ( #258, #6313, #6331 ) ) REPRESENTATION_CONTEXT ( 'NONE', 'WORKASPACE' ) );
#48 = CARTESIAN_POINT ( 'NONE',  ( 0.5229073306253952900, 0.7784208438808782900, 0.9400000000000000600 ) ) ;
#49 = CARTESIAN_POINT ( 'NONE',  ( 0.4841367719451629700, 0.6290823956311254500, 0.9300000000000000500 ) ) ;
#50 = CARTESIAN_POINT ( 'NONE',  ( 0.8631524059392393600, 0.6984534718904845700, 0.9400000000000000600 ) ) ;
#51 = ORIENTED_EDGE ( 'NONE', *, *, #919, .T. ) ;
#52 = ORIENTED_EDGE ( 'NONE', *, *, #2891, .T. ) ;
#53 = CARTESIAN_POINT ( 'NONE',  ( 0.4745802996267991000, 0.6490371020779830400, 0.9400000000000000600 ) ) ;
#54 = ORIENTED_EDGE ( 'NONE', *, *, #5794, .T. ) ;
#55 = FACE_OUTER_BOUND ( 'NONE', #5097, .T. ) ;
#56 = CARTESIAN_POINT ( 'NONE',  ( -0.06063329947386220100, 0.6273139962764989800, 0.9300000000000000500 ) ) ;
#57 = EDGE_CURVE ( 'NONE', #8025, #80, #8403, .T. ) ;
#58 = EDGE_CURVE ( 'NONE', #2650, #2139, #3851, .T. ) ;
#59 = CARTESIAN_POINT ( 'NONE',  ( 0.4841367719451629700, 0.6290823956311254500, 0.9400000000000000600 ) ) ;
#60 = PLANE ( 'NONE',  #776 ) ;
#61 = CARTESIAN_POINT ( 'NONE',  ( 0.7961333112089773500, 0.6912737388011590500, 0.9400000000000000600 ) ) ;
#62 = EDGE_CURVE ( 'NONE', #78, #6536, #6126, .T. ) ;
#63 = VERTEX_POINT ( 'NONE', #9108 ) ;
#64 =( LENGTH_UNIT ( ) NAMED_UNIT ( * ) SI_UNIT ( .MILLI., .METRE. ) );
#65 = ORIENTED_EDGE ( 'NONE', *, *, #9094, .T. ) ;
#66 = DIRECTION ( 'NONE',  ( -0.3897582650655330200, -0.9209172030172450000, -0.0000000000000000000 ) ) ;
#67 = DIRECTION ( 'NONE',  ( -0.0000000000000000000, -0.0000000000000000000, 1.000000000000000000 ) ) ;
#68 = VECTOR ( 'NONE', #8122, 1000.000000000000000 ) ;
#69 = B_SPLINE_SURFACE_WITH_KNOTS ( 'NONE', 3, 1, ( 
 ( #673, #4805 ),
 ( #3109, #3942 ),
 ( #9866, #8210 ),
 ( #2291, #7361 ) ),
 .UNSPECIFIED., .F., .F., .F.,
 ( 4, 4 ),
 ( 2, 2 ),
 ( 9.000000000000000000, 10.00000000000000000 ),
 ( 0.0000000000000000000, 1.000000000000000000 ),
 .UNSPECIFIED. ) ;
#70 = LINE ( 'NONE', #6300, #4200 ) ;
#71 = CARTESIAN_POINT ( 'NONE',  ( 0.5622225587120900400, 0.6449768392276955500, 0.9400000000000000600 ) ) ;
#72 = EDGE_CURVE ( 'NONE', #2062, #4905, #1441, .T. ) ;
#73 = ADVANCED_FACE ( 'NONE', ( #3617 ), #2762, .F. ) ;
#74 = COLOUR_RGB ( '',0.6666666666666666300, 0.6666666666666666300, 0.6666666666666666300 ) ;
#75 = SURFACE_STYLE_USAGE ( .BOTH. , #5037 ) ;
#76 = CARTESIAN_POINT ( 'NONE',  ( 0.5463033574149133200, 0.6659218536876677600, 0.9300000000000000500 ) ) ;
#77 = EDGE_CURVE ( 'NONE', #3925, #6074, #5610, .T. ) ;
#78 = VERTEX_POINT ( 'NONE', #8932 ) ;
#79 = PRESENTATION_LAYER_ASSIGNMENT (  '', '', ( #9828 ) ) ;
#80 = VERTEX_POINT ( 'NONE', #8641 ) ;
#81 = VECTOR ( 'NONE', #10794, 1000.000000000000000 ) ;
#82 = SURFACE_STYLE_USAGE ( .BOTH. , #927 ) ;
#83 = UNCERTAINTY_MEASURE_WITH_UNIT (LENGTH_MEASURE( 1.000000000000000100E-005 ), #5181, 'distance_accuracy_value', 'NONE');
#84 = EDGE_CURVE ( 'NONE', #2914, #9690, #9821, .T. ) ;
#85 = COLOUR_RGB ( '',0.6666666666666666300, 0.6666666666666666300, 0.6666666666666666300 ) ;
#86 = DIRECTION ( 'NONE',  ( -0.0000000000000000000, -0.0000000000000000000, -1.000000000000000000 ) ) ;
#87 = DIRECTION ( 'NONE',  ( -3.491481338843133400E-015, -1.000000000000000000, 0.0000000000000000000 ) ) ;
#88 = CARTESIAN_POINT ( 'NONE',  ( 0.5658124252567533500, 0.6571081123779910500, 0.9400000000000000600 ) ) ;
#89 = EDGE_LOOP ( 'NONE', ( #1909, #271, #5351, #5050 ) ) ;
#90 = VERTEX_POINT ( 'NONE', #6597 ) ;
#91 = DIRECTION ( 'NONE',  ( 0.0000000000000000000, 0.0000000000000000000, -1.000000000000000000 ) ) ;
#92 = VERTEX_POINT ( 'NONE', #2746 ) ;
#93 = DIRECTION ( 'NONE',  ( 0.3559357243643226400, 0.9345104387438617500, 0.0000000000000000000 ) ) ;
#94 = LINE ( 'NONE', #2248, #4222 ) ;
#95 = EDGE_LOOP ( 'NONE', ( #3142, #9509, #10127, #1070 ) ) ;
#96 = ORIENTED_EDGE ( 'NONE', *, *, #10092, .F. ) ;
#97 = CARTESIAN_POINT ( 'NONE',  ( 0.4802993283973856500, 0.6290823956311254500, 0.9400000000000000600 ) ) ;
#98 = VERTEX_POINT ( 'NONE', #5866 ) ;
#99 = CARTESIAN_POINT ( 'NONE',  ( 0.6769249842330500300, 0.8584377312718356500, 0.9400000000000000600 ) ) ;
#100 = CARTESIAN_POINT ( 'NONE',  ( 0.6249999999999998900, 0.8750000000000000000, 0.0000000000000000000 ) ) ;
#101 = AXIS2_PLACEMENT_3D ( 'NONE', #8671, #4460, #10376 ) ;
#102 = LINE ( 'NONE', #3874, #8762 ) ;
#103 = CARTESIAN_POINT ( 'NONE',  ( 0.1672961807064048700, 0.6307570397439676800, 0.9400000000000000600 ) ) ;
#104 = DIRECTION ( 'NONE',  ( -0.0000000000000000000, -0.0000000000000000000, -1.000000000000000000 ) ) ;
#105 = FACE_OUTER_BOUND ( 'NONE', #9049, .T. ) ;
#106 = LINE ( 'NONE', #2500, #6486 ) ;
#107 = CARTESIAN_POINT ( 'NONE',  ( 0.4474458600906227000, 0.6207638083283396600, 0.9400000000000000600 ) ) ;
#108 = CARTESIAN_POINT ( 'NONE',  ( -0.1249999999999998900, -0.8750000000000000000, 0.0000000000000000000 ) ) ;
#109 = ORIENTED_EDGE ( 'NONE', *, *, #4341, .F. ) ;
#111 = CARTESIAN_POINT ( 'NONE',  ( 0.5025069855725459200, 0.6431447694051185500, 0.9400000000000000600 ) ) ;
#110 = DIRECTION ( 'NONE',  ( -0.0000000000000000000, -0.0000000000000000000, -1.000000000000000000 ) ) ;
#112 = ORIENTED_EDGE ( 'NONE', *, *, #7815, .T. ) ;
#113 = CARTESIAN_POINT ( 'NONE',  ( 0.4424943200293258200, 0.6643868762684275200, 0.9300000000000000500 ) ) ;
#114 = DIRECTION ( 'NONE',  ( -0.0000000000000000000, 1.000000000000000000, -0.0000000000000000000 ) ) ;
#115 = VECTOR ( 'NONE', #2029, 1000.000000000000000 ) ;
#116 = DIRECTION ( 'NONE',  ( -0.9345104387417371200, -0.3559357243699010600, 0.0000000000000000000 ) ) ;
#117 = COLOUR_RGB ( '',0.6666666666666666300, 0.6666666666666666300, 0.6666666666666666300 ) ;
#118 = CARTESIAN_POINT ( 'NONE',  ( 0.8128200012164387100, 0.6554245887570808700, 0.9300000000000000500 ) ) ;
#119 = AXIS2_PLACEMENT_3D ( 'NONE', #1916, #143, #9525 ) ;
#120 =( NAMED_UNIT ( * ) SI_UNIT ( $, .STERADIAN. ) SOLID_ANGLE_UNIT ( ) );
#121 = ORIENTED_EDGE ( 'NONE', *, *, #5859, .F. ) ;
#122 = CARTESIAN_POINT ( 'NONE',  ( 0.6379316062503077600, 0.6899368229848047400, 0.9300000000000000500 ) ) ;
#123 = ORIENTED_EDGE ( 'NONE', *, *, #3384, .F. ) ;
#124 = B_SPLINE_CURVE_WITH_KNOTS ( 'NONE', 3,
 ( #1691, #8428, #6433, #604 ),
 .UNSPECIFIED., .F., .F.,
 ( 4, 4 ),
 ( 1.000000000000000000, 2.000000000000000000 ),
 .UNSPECIFIED. ) ;
#125 = B_SPLINE_SURFACE_WITH_KNOTS ( 'NONE', 3, 1, ( 
 ( #10202, #9819 ),
 ( #7007, #6280 ),
 ( #7342, #7314 ),
 ( #9882, #9893 ) ),
 .UNSPECIFIED., .F., .F., .F.,
 ( 4, 4 ),
 ( 2, 2 ),
 ( 5.000000000000000000, 6.000000000000000000 ),
 ( 0.0000000000000000000, 1.000000000000000000 ),
 .UNSPECIFIED. ) ;
#126 = SURFACE_STYLE_FILL_AREA ( #10222 ) ;
#127 = LINE ( 'NONE', #113, #2567 ) ;
#128 = CARTESIAN_POINT ( 'NONE',  ( 0.5025069855725459200, 0.6314591348604966500, 0.9400000000000000600 ) ) ;
#129 = CARTESIAN_POINT ( 'NONE',  ( 0.02544280034949358100, 0.7898256637061896700, 0.9400000000000000600 ) ) ;
#130 = LINE ( 'NONE', #5021, #7074 ) ;
#131 = ADVANCED_FACE ( 'NONE', ( #1187 ), #3414, .F. ) ;
#132 =( NAMED_UNIT ( * ) PLANE_ANGLE_UNIT ( ) SI_UNIT ( $, .RADIAN. ) );
#133 = DIRECTION ( 'NONE',  ( 0.9345104387438617500, -0.3559357243643226400, 0.0000000000000000000 ) ) ;
#134 = ORIENTED_EDGE ( 'NONE', *, *, #3726, .T. ) ;
#135 =( GEOMETRIC_REPRESENTATION_CONTEXT ( 3 ) GLOBAL_UNCERTAINTY_ASSIGNED_CONTEXT ( ( #5945 ) ) GLOBAL_UNIT_ASSIGNED_CONTEXT ( ( #9469, #9502, #9519 ) ) REPRESENTATION_CONTEXT ( 'NONE', 'WORKASPACE' ) );
#136 = VERTEX_POINT ( 'NONE', #1150 ) ;
#137 = LINE ( 'NONE', #6977, #10730 ) ;
#138 = VECTOR ( 'NONE', #8167, 1000.000000000000100 ) ;
#139 = EDGE_CURVE ( 'NONE', #10790, #2573, #3332, .T. ) ;
#140 = AXIS2_PLACEMENT_3D ( 'NONE', #1296, #7143, #2109 ) ;
#141 = FILL_AREA_STYLE ('',( #10172 ) ) ;
#142 = ADVANCED_FACE ( 'NONE', ( #1686 ), #4621, .F. ) ;
#143 = DIRECTION ( 'NONE',  ( -1.000000000000000000, 0.0000000000000000000, 0.0000000000000000000 ) ) ;
#144 =( LENGTH_UNIT ( ) NAMED_UNIT ( * ) SI_UNIT ( .MILLI., .METRE. ) );
#145 = VERTEX_POINT ( 'NONE', #6004 ) ;
#146 = ORIENTED_EDGE ( 'NONE', *, *, #9, .T. ) ;
#147 = EDGE_CURVE ( 'NONE', #3811, #7469, #9466, .T. ) ;
#148 = STYLED_ITEM ( 'NONE', ( #7477 ), #783 ) ;
#149 = CARTESIAN_POINT ( 'NONE',  ( -0.9999999999999997800, -1.000000000000000200, 0.9300000000000000500 ) ) ;
#150 = ORIENTED_EDGE ( 'NONE', *, *, #6408, .T. ) ;
#151 = LINE ( 'NONE', #6142, #2087 ) ;
#152 = LINE ( 'NONE', #7019, #2089 ) ;
#153 = CARTESIAN_POINT ( 'NONE',  ( 0.4590572215344044200, 0.6392825681577188900, 0.9400000000000000600 ) ) ;
#154 = EDGE_CURVE ( 'NONE', #9925, #3739, #7345, .T. ) ;
#155 = DIRECTION ( 'NONE',  ( -0.0000000000000000000, -0.0000000000000000000, -1.000000000000000000 ) ) ;
#156 = CARTESIAN_POINT ( 'NONE',  ( 0.3160356479979080600, 0.6927318221602552000, 0.9400000000000000600 ) ) ;
#157 = CARTESIAN_POINT ( 'NONE',  ( 0.1250000000000001100, -0.8749999999999998900, -0.02000000000000000000 ) ) ;
#158 = CARTESIAN_POINT ( 'NONE',  ( -0.3750000000000001100, 0.6250000000000000000, -0.02000000000000000000 ) ) ;
#159 = EDGE_CURVE ( 'NONE', #7800, #8024, #1859, .T. ) ;
#160 = DIRECTION ( 'NONE',  ( -0.3559357243698839700, -0.9345104387417435500, -0.0000000000000000000 ) ) ;
#161 = ORIENTED_EDGE ( 'NONE', *, *, #278, .T. ) ;
#162 = ORIENTED_EDGE ( 'NONE', *, *, #494, .T. ) ;
#163 = CARTESIAN_POINT ( 'NONE',  ( 0.6769249842330500300, 0.8584377312718356500, 0.9400000000000000600 ) ) ;
#164 = SURFACE_STYLE_FILL_AREA ( #9697 ) ;
#165 =( LENGTH_UNIT ( ) NAMED_UNIT ( * ) SI_UNIT ( .MILLI., .METRE. ) );
#166 = UNCERTAINTY_MEASURE_WITH_UNIT (LENGTH_MEASURE( 1.000000000000000100E-005 ), #7334, 'distance_accuracy_value', 'NONE');
#167 = PRESENTATION_LAYER_ASSIGNMENT (  '', '', ( #9898 ) ) ;
#168 = CARTESIAN_POINT ( 'NONE',  ( 0.7464693643943523000, 0.7064749667899301600, 0.9400000000000000600 ) ) ;
#169 = DIRECTION ( 'NONE',  ( 0.4630180653866638500, -0.8863488427958774500, 0.0000000000000000000 ) ) ;
#170 = ORIENTED_EDGE ( 'NONE', *, *, #10832, .T. ) ;
#171 = VERTEX_POINT ( 'NONE', #3744 ) ;
#172 = SURFACE_STYLE_USAGE ( .BOTH. , #194 ) ;
#173 = VECTOR ( 'NONE', #6316, 1000.000000000000000 ) ;
#174 = STYLED_ITEM ( 'NONE', ( #6230 ), #9665 ) ;
#175 = ADVANCED_FACE ( 'NONE', ( #5343 ), #5279, .F. ) ;
#176 = CARTESIAN_POINT ( 'NONE',  ( 0.4658160737180047600, 0.6850843137249499300, 0.9400000000000000600 ) ) ;
#177 = ORIENTED_EDGE ( 'NONE', *, *, #9610, .T. ) ;
#178 = ORIENTED_EDGE ( 'NONE', *, *, #4841, .T. ) ;
#179 = ORIENTED_EDGE ( 'NONE', *, *, #7746, .T. ) ;
#180 = CARTESIAN_POINT ( 'NONE',  ( 0.4078582973002071200, 0.7064749667899272700, 0.9400000000000000600 ) ) ;
#181 = LINE ( 'NONE', #10708, #6558 ) ;
#182 = VECTOR ( 'NONE', #6798, 1000.000000000000000 ) ;
#183 = B_SPLINE_SURFACE_WITH_KNOTS ( 'NONE', 3, 1, ( 
 ( #2305, #4166 ),
 ( #5834, #397 ),
 ( #411, #466 ),
 ( #492, #8010 ) ),
 .UNSPECIFIED., .F., .F., .F.,
 ( 4, 4 ),
 ( 2, 2 ),
 ( 8.000000000000000000, 9.000000000000000000 ),
 ( 0.0000000000000000000, 1.000000000000000000 ),
 .UNSPECIFIED. ) ;
#184 = DIRECTION ( 'NONE',  ( 0.0000000000000000000, -1.000000000000000000, 0.0000000000000000000 ) ) ;
#185 = DIRECTION ( 'NONE',  ( -0.3283461648125114400, 0.9445574604294410000, -0.0000000000000000000 ) ) ;
#186 = ORIENTED_EDGE ( 'NONE', *, *, #1941, .F. ) ;
#187 = ORIENTED_EDGE ( 'NONE', *, *, #7301, .F. ) ;
#188 = DIRECTION ( 'NONE',  ( 0.0000000000000000000, -1.000000000000000000, 0.0000000000000000000 ) ) ;
#189 = EDGE_LOOP ( 'NONE', ( #8626, #5205, #9377, #10470 ) ) ;
#190 = VECTOR ( 'NONE', #2568, 1000.000000000000000 ) ;
#191 = CARTESIAN_POINT ( 'NONE',  ( 0.4643801271002033200, 0.8586357928740651100, 0.9400000000000000600 ) ) ;
#192 = CARTESIAN_POINT ( 'NONE',  ( 0.6132729367446168000, 0.5955604694158568300, 0.9400000000000000600 ) ) ;
#193 = FILL_AREA_STYLE_COLOUR ( '', #6743 ) ;
#194 = SURFACE_SIDE_STYLE ('',( #7628 ) ) ;
#195 = ADVANCED_FACE ( 'NONE', ( #2834, #7895 ), #4639, .F. ) ;
#196 = ORIENTED_EDGE ( 'NONE', *, *, #9408, .T. ) ;
#197 = B_SPLINE_CURVE_WITH_KNOTS ( 'NONE', 3,
 ( #6361, #3454, #7452, #2705 ),
 .UNSPECIFIED., .F., .F.,
 ( 4, 4 ),
 ( 4.000000000000000000, 5.000000000000000000 ),
 .UNSPECIFIED. ) ;
#198 = CARTESIAN_POINT ( 'NONE',  ( 0.6172341687937833400, 0.6322513812700694100, 0.9400000000000000600 ) ) ;
#199 = ORIENTED_EDGE ( 'NONE', *, *, #268, .T. ) ;
#200 = CARTESIAN_POINT ( 'NONE',  ( 0.01304783598586535700, 0.8518004067206334000, 0.9400000000000000600 ) ) ;
#201 =( NAMED_UNIT ( * ) PLANE_ANGLE_UNIT ( ) SI_UNIT ( $, .RADIAN. ) );
#202 = PRESENTATION_LAYER_ASSIGNMENT (  '', '', ( #9943 ) ) ;
#203 = FILL_AREA_STYLE_COLOUR ( '', #5353 ) ;
#204 = PLANE ( 'NONE',  #4001 ) ;
#205 = LINE ( 'NONE', #1627, #8850 ) ;
#206 = DIRECTION ( 'NONE',  ( -0.0000000000000000000, -1.000000000000000000, -0.0000000000000000000 ) ) ;
#207 = ORIENTED_EDGE ( 'NONE', *, *, #5521, .F. ) ;
#208 = VERTEX_POINT ( 'NONE', #2309 ) ;
#209 = LINE ( 'NONE', #1907, #4608 ) ;
#210 = VERTEX_POINT ( 'NONE', #4724 ) ;
#211 = ORIENTED_EDGE ( 'NONE', *, *, #2080, .F. ) ;
#212 = PRESENTATION_STYLE_ASSIGNMENT (( #4651 ) ) ;
#213 = EDGE_CURVE ( 'NONE', #1777, #2388, #9296, .T. ) ;
#214 = DIRECTION ( 'NONE',  ( -0.0000000000000000000, -0.0000000000000000000, -1.000000000000000000 ) ) ;
#215 = CARTESIAN_POINT ( 'NONE',  ( 0.5495218584550677400, 0.6511662643045632600, 0.9300000000000000500 ) ) ;
#216 = EDGE_CURVE ( 'NONE', #10060, #6938, #9563, .T. ) ;
#217 = PLANE ( 'NONE',  #8433 ) ;
#218 = CARTESIAN_POINT ( 'NONE',  ( 0.7384726271951779200, 0.8520997599932974600, 0.9400000000000000600 ) ) ;
#219 = VERTEX_POINT ( 'NONE', #4470 ) ;
#220 = ORIENTED_EDGE ( 'NONE', *, *, #7668, .F. ) ;
#221 = VERTEX_POINT ( 'NONE', #8301 ) ;
#222 = EDGE_CURVE ( 'NONE', #7259, #4105, #5052, .T. ) ;
#223 = CARTESIAN_POINT ( 'NONE',  ( -0.04135224160789507200, 0.8414712763175875600, 0.9300000000000000500 ) ) ;
#224 = VECTOR ( 'NONE', #4084, 1000.000000000000000 ) ;
#225 = CARTESIAN_POINT ( 'NONE',  ( 0.1170277513332148400, 0.8972485831191486800, 0.9300000000000000500 ) ) ;
#226 = EDGE_CURVE ( 'NONE', #2459, #508, #3994, .T. ) ;
#227 = DIRECTION ( 'NONE',  ( -0.0000000000000000000, -0.0000000000000000000, -1.000000000000000000 ) ) ;
#228 = EDGE_LOOP ( 'NONE', ( #6362, #1530, #6203, #1445 ) ) ;
#229 = DIRECTION ( 'NONE',  ( 0.0000000000000000000, 0.0000000000000000000, -1.000000000000000000 ) ) ;
#230 = DIRECTION ( 'NONE',  ( -1.090812488552360300E-014, -1.000000000000000000, 0.0000000000000000000 ) ) ;
#231 = EDGE_LOOP ( 'NONE', ( #2147, #8119, #4942, #331 ) ) ;
#232 = ORIENTED_EDGE ( 'NONE', *, *, #9118, .T. ) ;
#233 = ORIENTED_EDGE ( 'NONE', *, *, #1551, .F. ) ;
#234 = DIRECTION ( 'NONE',  ( -2.574713804965530900E-014, 1.000000000000000000, 0.0000000000000000000 ) ) ;
#235 = CARTESIAN_POINT ( 'NONE',  ( 0.1170277513332148400, 0.8972485831191486800, 0.9300000000000000500 ) ) ;
#236 = CARTESIAN_POINT ( 'NONE',  ( 0.5389255627236907400, 0.6860251063361897400, 0.9300000000000000500 ) ) ;
#237 = ORIENTED_EDGE ( 'NONE', *, *, #7021, .F. ) ;
#238 = ORIENTED_EDGE ( 'NONE', *, *, #9732, .F. ) ;
#239 = CARTESIAN_POINT ( 'NONE',  ( -0.8749999999999978900, 0.6250000000000028900, -0.02000000000000000000 ) ) ;
#240 = ORIENTED_EDGE ( 'NONE', *, *, #7587, .F. ) ;
#241 = CARTESIAN_POINT ( 'NONE',  ( 0.6677646351194723700, 0.8510104211797279200, 0.9400000000000000600 ) ) ;
#242 = LINE ( 'NONE', #5894, #5591 ) ;
#243 = VECTOR ( 'NONE', #2430, 1000.000000000000000 ) ;
#244 = VECTOR ( 'NONE', #8191, 1000.000000000000000 ) ;
#245 = FACE_OUTER_BOUND ( 'NONE', #7433, .T. ) ;
#246 = CARTESIAN_POINT ( 'NONE',  ( -0.1250000000000001100, 0.8749999999999998900, 0.0000000000000000000 ) ) ;
#247 = ORIENTED_EDGE ( 'NONE', *, *, #3720, .F. ) ;
#248 = SURFACE_STYLE_USAGE ( .BOTH. , #5232 ) ;
#249 = CARTESIAN_POINT ( 'NONE',  ( 0.7893249436251499300, 0.6419068843898757500, 0.9300000000000000500 ) ) ;
#250 = ADVANCED_FACE ( 'NONE', ( #2565 ), #6612, .F. ) ;
#251 = ORIENTED_EDGE ( 'NONE', *, *, #1067, .F. ) ;
#252 = FACE_OUTER_BOUND ( 'NONE', #4196, .T. ) ;
#253 = FACE_OUTER_BOUND ( 'NONE', #1183, .T. ) ;
#254 = LINE ( 'NONE', #533, #8897 ) ;
#255 = PRESENTATION_STYLE_ASSIGNMENT (( #75 ) ) ;
#256 = DIRECTION ( 'NONE',  ( 0.0000000000000000000, -0.0000000000000000000, 1.000000000000000000 ) ) ;
#257 = CARTESIAN_POINT ( 'NONE',  ( 0.8597606009971351400, 0.6984534718904845700, 0.9400000000000000600 ) ) ;
#258 =( LENGTH_UNIT ( ) NAMED_UNIT ( * ) SI_UNIT ( .MILLI., .METRE. ) );
#259 = EDGE_LOOP ( 'NONE', ( #8665, #5985, #6274, #3455 ) ) ;
#260 = CARTESIAN_POINT ( 'NONE',  ( 0.4474458600906227000, 0.6207638083283396600, 0.9300000000000000500 ) ) ;
#261 = ORIENTED_EDGE ( 'NONE', *, *, #3023, .T. ) ;
#262 = CARTESIAN_POINT ( 'NONE',  ( 0.5389255627236907400, 0.6860251063361897400, 0.9400000000000000600 ) ) ;
#263 = DIRECTION ( 'NONE',  ( -0.0000000000000000000, -0.0000000000000000000, -1.000000000000000000 ) ) ;
#264 = CARTESIAN_POINT ( 'NONE',  ( 0.4464307943782164800, 0.7744100964311524400, 0.9300000000000000500 ) ) ;
#265 = AXIS2_PLACEMENT_3D ( 'NONE', #5180, #6444, #955 ) ;
#266 = FACE_OUTER_BOUND ( 'NONE', #1290, .T. ) ;
#267 = CARTESIAN_POINT ( 'NONE',  ( 0.5310773717265184800, 0.6357174593130073800, 0.9300000000000000500 ) ) ;
#268 = EDGE_CURVE ( 'NONE', #3339, #2119, #3013, .T. ) ;
#269 = B_SPLINE_CURVE_WITH_KNOTS ( 'NONE', 3,
 ( #6735, #6866, #10629, #3527 ),
 .UNSPECIFIED., .F., .F.,
 ( 4, 4 ),
 ( 11.00000000000000000, 12.00000000000000000 ),
 .UNSPECIFIED. ) ;
#270 = CARTESIAN_POINT ( 'NONE',  ( 0.5943828114103957300, 0.7744100964311524400, 0.9300000000000000500 ) ) ;
#271 = ORIENTED_EDGE ( 'NONE', *, *, #1053, .F. ) ;
#272 = CARTESIAN_POINT ( 'NONE',  ( 0.5229073306253952900, 0.8689349962017674000, 0.9300000000000000500 ) ) ;
#273 = CARTESIAN_POINT ( 'NONE',  ( -0.01105345515318837700, 0.8001547941092382900, 0.9300000000000000500 ) ) ;
#274 = CARTESIAN_POINT ( 'NONE',  ( 0.2478634031010534800, 0.8070408416423106000, 0.9300000000000000500 ) ) ;
#275 = ORIENTED_EDGE ( 'NONE', *, *, #4931, .F. ) ;
#276 = VECTOR ( 'NONE', #2635, 1000.000000000000000 ) ;
#277 = EDGE_CURVE ( 'NONE', #1099, #1704, #10466, .T. ) ;
#278 = EDGE_CURVE ( 'NONE', #46, #8491, #1806, .T. ) ;
#279 = DIRECTION ( 'NONE',  ( -0.0000000000000000000, -0.0000000000000000000, -1.000000000000000000 ) ) ;
#280 = EDGE_CURVE ( 'NONE', #7252, #3167, #5769, .T. ) ;
#281 = UNCERTAINTY_MEASURE_WITH_UNIT (LENGTH_MEASURE( 1.000000000000000100E-005 ), #6625, 'distance_accuracy_value', 'NONE');
#282 = CARTESIAN_POINT ( 'NONE',  ( -0.8750000000000013300, -0.3749999999999970600, -0.02000000000000000000 ) ) ;
#283 = EDGE_CURVE ( 'NONE', #7302, #9722, #5977, .T. ) ;
#284 = VERTEX_POINT ( 'NONE', #5680 ) ;
#285 = LINE ( 'NONE', #9128, #4688 ) ;
#286 = DIRECTION ( 'NONE',  ( -0.0000000000000000000, 1.000000000000000000, -0.0000000000000000000 ) ) ;
#287 = PLANE ( 'NONE',  #119 ) ;
#288 = EDGE_CURVE ( 'NONE', #333, #8558, #8547, .T. ) ;
#289 = MECHANICAL_DESIGN_GEOMETRIC_PRESENTATION_REPRESENTATION (  '', ( #9486 ), #845 ) ;
#290 = SURFACE_SIDE_STYLE ('',( #4772 ) ) ;
#291 = ORIENTED_EDGE ( 'NONE', *, *, #4937, .F. ) ;
#292 = CARTESIAN_POINT ( 'NONE',  ( 0.7134673498856181100, 0.7064749667899301600, 0.9400000000000000600 ) ) ;
#293 = ORIENTED_EDGE ( 'NONE', *, *, #2348, .F. ) ;
#294 = EDGE_CURVE ( 'NONE', #4421, #9974, #8158, .T. ) ;
#295 = FACE_OUTER_BOUND ( 'NONE', #7871, .T. ) ;
#296 = LINE ( 'NONE', #8615, #4440 ) ;
#297 = CARTESIAN_POINT ( 'NONE',  ( 0.6403083454796753000, 0.8712622200305797400, 0.9300000000000000500 ) ) ;
#298 = CARTESIAN_POINT ( 'NONE',  ( 0.6760832224229499400, 0.6318057426650612900, 0.9300000000000000500 ) ) ;
#299 = EDGE_CURVE ( 'NONE', #7436, #8823, #3624, .T. ) ;
#300 = CARTESIAN_POINT ( 'NONE',  ( 0.6969044483808419800, 0.7744100964311586600, 0.9400000000000000600 ) ) ;
#301 = CARTESIAN_POINT ( 'NONE',  ( -0.09437512939602889200, 0.6548583440168537200, 0.9400000000000000600 ) ) ;
#302 = FILL_AREA_STYLE_COLOUR ( '', #1516 ) ;
#303 = DIRECTION ( 'NONE',  ( 1.000000000000000000, 0.0000000000000000000, -0.0000000000000000000 ) ) ;
#304 = EDGE_LOOP ( 'NONE', ( #1233, #7825, #10674, #3903 ) ) ;
#305 = ORIENTED_EDGE ( 'NONE', *, *, #3147, .T. ) ;
#306 = CARTESIAN_POINT ( 'NONE',  ( 0.5345929651700160900, 0.6603266134181407000, 0.9400000000000000600 ) ) ;
#307 = VECTOR ( 'NONE', #5913, 1000.000000000000000 ) ;
#308 = ADVANCED_FACE ( 'NONE', ( #1449 ), #9743, .F. ) ;
#309 = DIRECTION ( 'NONE',  ( 1.047444401652940000E-014, 1.000000000000000000, 0.0000000000000000000 ) ) ;
#310 = DIRECTION ( 'NONE',  ( -1.000000000000000000, 4.336808689942018200E-016, 0.0000000000000000000 ) ) ;
#311 = FILL_AREA_STYLE ('',( #2758 ) ) ;
#312 = DIRECTION ( 'NONE',  ( -0.0000000000000000000, -0.0000000000000000000, -1.000000000000000000 ) ) ;
#313 = DIRECTION ( 'NONE',  ( 0.0000000000000000000, 0.0000000000000000000, 1.000000000000000000 ) ) ;
#314 = DIRECTION ( 'NONE',  ( -0.0000000000000000000, -0.0000000000000000000, -1.000000000000000000 ) ) ;
#315 = ORIENTED_EDGE ( 'NONE', *, *, #8784, .T. ) ;
#316 = AXIS2_PLACEMENT_3D ( 'NONE', #10203, #169, #5982 ) ;
#317 = SURFACE_STYLE_FILL_AREA ( #1176 ) ;
#318 = CARTESIAN_POINT ( 'NONE',  ( 0.7107192451514131600, 0.6643868762684275200, 0.9400000000000000600 ) ) ;
#319 = DIRECTION ( 'NONE',  ( 0.0000000000000000000, 0.0000000000000000000, -1.000000000000000000 ) ) ;
#320 = ORIENTED_EDGE ( 'NONE', *, *, #2961, .F. ) ;
#321 = PLANE ( 'NONE',  #8758 ) ;
#322 = ADVANCED_FACE ( 'NONE', ( #9312 ), #4279, .F. ) ;
#323 = ORIENTED_EDGE ( 'NONE', *, *, #1123, .T. ) ;
#324 = LINE ( 'NONE', #1605, #2246 ) ;
#325 = VERTEX_POINT ( 'NONE', #9887 ) ;
#326 = CARTESIAN_POINT ( 'NONE',  ( 0.5921793760833068400, 0.8712622200305797400, 0.9400000000000000600 ) ) ;
#327 = CARTESIAN_POINT ( 'NONE',  ( 0.2519950447545432600, 0.6644988499655392100, 0.9400000000000000600 ) ) ;
#328 =( NAMED_UNIT ( * ) SI_UNIT ( $, .STERADIAN. ) SOLID_ANGLE_UNIT ( ) );
#329 = CARTESIAN_POINT ( 'NONE',  ( 0.6680369698231981600, 0.7955531724926939700, 0.9400000000000000600 ) ) ;
#330 = EDGE_CURVE ( 'NONE', #10091, #6699, #7082, .T. ) ;
#331 = ORIENTED_EDGE ( 'NONE', *, *, #8950, .T. ) ;
#332 = ORIENTED_EDGE ( 'NONE', *, *, #7281, .F. ) ;
#333 = VERTEX_POINT ( 'NONE', #4183 ) ;
#334 = CARTESIAN_POINT ( 'NONE',  ( 0.7239893725158002000, 0.8118437392950346200, 0.9300000000000000500 ) ) ;
#335 = VECTOR ( 'NONE', #3001, 1000.000000000000000 ) ;
#336 = VECTOR ( 'NONE', #6341, 1000.000000000000000 ) ;
#337 = EDGE_CURVE ( 'NONE', #6386, #6264, #651, .T. ) ;
#338 = CARTESIAN_POINT ( 'NONE',  ( -0.7990646368227771700, 0.7972593383840376200, 0.9100000000000000300 ) ) ;
#339 = LINE ( 'NONE', #3879, #2256 ) ;
#340 = CARTESIAN_POINT ( 'NONE',  ( 0.4713617985869710800, 0.6402728761695148900, 0.9300000000000000500 ) ) ;
#341 = B_SPLINE_CURVE_WITH_KNOTS ( 'NONE', 3,
 ( #6417, #6429, #9207, #6524 ),
 .UNSPECIFIED., .F., .F.,
 ( 4, 4 ),
 ( 1.000000000000000000, 2.000000000000000000 ),
 .UNSPECIFIED. ) ;
#342 = ORIENTED_EDGE ( 'NONE', *, *, #10826, .F. ) ;
#343 = DIRECTION ( 'NONE',  ( 0.0000000000000000000, -1.000000000000000000, 0.0000000000000000000 ) ) ;
#344 = ORIENTED_EDGE ( 'NONE', *, *, #6206, .F. ) ;
#345 = CARTESIAN_POINT ( 'NONE',  ( 0.5146382587228371900, 0.6652781534791097900, 0.9400000000000000600 ) ) ;
#346 = UNCERTAINTY_MEASURE_WITH_UNIT (LENGTH_MEASURE( 1.000000000000000100E-005 ), #2806, 'distance_accuracy_value', 'NONE');
#347 = ORIENTED_EDGE ( 'NONE', *, *, #6568, .T. ) ;
#348 = LINE ( 'NONE', #7616, #4482 ) ;
#349 = CARTESIAN_POINT ( 'NONE',  ( 0.02544278721532577900, 0.6700077142594130800, 0.9400000000000000600 ) ) ;
#350 = VECTOR ( 'NONE', #7796, 1000.000000000000000 ) ;
#351 = SURFACE_STYLE_FILL_AREA ( #1852 ) ;
#352 =( GEOMETRIC_REPRESENTATION_CONTEXT ( 3 ) GLOBAL_UNCERTAINTY_ASSIGNED_CONTEXT ( ( #83 ) ) GLOBAL_UNIT_ASSIGNED_CONTEXT ( ( #5181, #201, #6014 ) ) REPRESENTATION_CONTEXT ( 'NONE', 'WORKASPACE' ) );
#353 = CARTESIAN_POINT ( 'NONE',  ( 0.6190414809160874600, 0.6378466215395937100, 0.9400000000000000600 ) ) ;
#354 = EDGE_CURVE ( 'NONE', #10833, #470, #9039, .T. ) ;
#355 = AXIS2_PLACEMENT_3D ( 'NONE', #4680, #4650, #4438 ) ;
#356 = ORIENTED_EDGE ( 'NONE', *, *, #429, .F. ) ;
#357 = ORIENTED_EDGE ( 'NONE', *, *, #10248, .F. ) ;
#358 = CARTESIAN_POINT ( 'NONE',  ( 0.7156707852130119700, 0.6207638083283396600, 0.9400000000000000600 ) ) ;
#359 = EDGE_CURVE ( 'NONE', #3988, #10256, #6806, .T. ) ;
#360 = LINE ( 'NONE', #4260, #1771 ) ;
#361 = PLANE ( 'NONE',  #4441 ) ;
#362 = ADVANCED_FACE ( 'NONE', ( #2318 ), #7319, .F. ) ;
#363 = PLANE ( 'NONE',  #4039 ) ;
#364 = LINE ( 'NONE', #8984, #10686 ) ;
#365 = CARTESIAN_POINT ( 'NONE',  ( 0.6783856885514542000, 0.8237274354418796500, 0.9300000000000000500 ) ) ;
#366 = ORIENTED_EDGE ( 'NONE', *, *, #9729, .F. ) ;
#367 = ORIENTED_EDGE ( 'NONE', *, *, #4154, .F. ) ;
#368 = ORIENTED_EDGE ( 'NONE', *, *, #62, .F. ) ;
#369 = CARTESIAN_POINT ( 'NONE',  ( 0.5510320781737000400, 0.6290328802305755800, 0.9300000000000000500 ) ) ;
#370 = CARTESIAN_POINT ( 'NONE',  ( 0.4078582973002071200, 0.6754783260056996800, 0.9300000000000000500 ) ) ;
#371 = LINE ( 'NONE', #2968, #5322 ) ;
#372 = AXIS2_PLACEMENT_3D ( 'NONE', #7542, #9392, #10817 ) ;
#373 = FACE_OUTER_BOUND ( 'NONE', #5341, .T. ) ;
#374 = EDGE_LOOP ( 'NONE', ( #5931, #3246, #7129, #196 ) ) ;
#375 = ADVANCED_FACE ( 'NONE', ( #4266 ), #7487, .F. ) ;
#376 = EDGE_LOOP ( 'NONE', ( #10003, #1559, #3343, #3110 ) ) ;
#377 = VECTOR ( 'NONE', #4988, 1000.000000000000000 ) ;
#378 = DIRECTION ( 'NONE',  ( 1.000000000000000000, -0.0000000000000000000, -0.0000000000000000000 ) ) ;
#379 = PRESENTATION_STYLE_ASSIGNMENT (( #6990 ) ) ;
#380 = FACE_OUTER_BOUND ( 'NONE', #5513, .T. ) ;
#381 = CARTESIAN_POINT ( 'NONE',  ( 0.5025069855725459200, 0.6488390404757544700, 0.9400000000000000600 ) ) ;
#382 = ORIENTED_EDGE ( 'NONE', *, *, #10590, .T. ) ;
#383 = VERTEX_POINT ( 'NONE', #6576 ) ;
#384 = PLANE ( 'NONE',  #1379 ) ;
#385 = COLOUR_RGB ( '',0.6666666666666666300, 0.6666666666666666300, 0.6666666666666666300 ) ;
#386 = VECTOR ( 'NONE', #5114, 1000.000000000000000 ) ;
#387 = VECTOR ( 'NONE', #4928, 1000.000000000000100 ) ;
#388 = SURFACE_STYLE_FILL_AREA ( #6393 ) ;
#389 = CARTESIAN_POINT ( 'NONE',  ( 0.7962323420107516600, 0.6485914634729695900, 0.9300000000000000500 ) ) ;
#390 = CARTESIAN_POINT ( 'NONE',  ( 0.7384726271951779200, 0.8520997599932974600, 0.9400000000000000600 ) ) ;
#391 = VERTEX_POINT ( 'NONE', #4065 ) ;
#392 = FILL_AREA_STYLE_COLOUR ( '', #7740 ) ;
#393 = EDGE_LOOP ( 'NONE', ( #7559, #7988, #8781, #5622 ) ) ;
#394 = CARTESIAN_POINT ( 'NONE',  ( 0.6249999999999998900, 0.6250000000000000000, 0.0000000000000000000 ) ) ;
#395 = VECTOR ( 'NONE', #5624, 1000.000000000000000 ) ;
#396 = DIRECTION ( 'NONE',  ( 1.000000000000000000, 0.0000000000000000000, 0.0000000000000000000 ) ) ;
#397 = CARTESIAN_POINT ( 'NONE',  ( 0.4804973899999419600, 0.8580416080667182500, 0.9300000000000000500 ) ) ;
#398 =( NAMED_UNIT ( * ) SI_UNIT ( $, .STERADIAN. ) SOLID_ANGLE_UNIT ( ) );
#399 = CARTESIAN_POINT ( 'NONE',  ( 0.8750000000000001100, -0.6250000000000000000, -0.0000000000000000000 ) ) ;
#400 = ORIENTED_EDGE ( 'NONE', *, *, #6782, .T. ) ;
#401 = ORIENTED_EDGE ( 'NONE', *, *, #8105, .F. ) ;
#402 = CARTESIAN_POINT ( 'NONE',  ( 0.8750000000000001100, -0.6250000000000000000, -0.02000000000000000000 ) ) ;
#403 = CARTESIAN_POINT ( 'NONE',  ( 0.4628203919810128200, 0.7859967001746557300, 0.9300000000000000500 ) ) ;
#404 = STYLED_ITEM ( 'NONE', ( #6265 ), #4067 ) ;
#405 = VERTEX_POINT ( 'NONE', #6630 ) ;
#406 = ADVANCED_FACE ( 'NONE', ( #5743 ), #9936, .F. ) ;
#407 = B_SPLINE_CURVE_WITH_KNOTS ( 'NONE', 3,
 ( #10747, #5726, #6560, #1577 ),
 .UNSPECIFIED., .F., .F.,
 ( 4, 4 ),
 ( 2.000000000000000000, 3.000000000000000000 ),
 .UNSPECIFIED. ) ;
#408 = CARTESIAN_POINT ( 'NONE',  ( 0.5894312713490678100, 0.8180331643712409600, 0.9400000000000000600 ) ) ;
#409 = B_SPLINE_SURFACE_WITH_KNOTS ( 'NONE', 3, 1, ( 
 ( #1461, #4695 ),
 ( #8827, #1489 ),
 ( #3033, #3021 ),
 ( #2630, #3069 ) ),
 .UNSPECIFIED., .F., .F., .F.,
 ( 4, 4 ),
 ( 2, 2 ),
 ( 2.000000000000000000, 3.000000000000000000 ),
 ( 0.0000000000000000000, 1.000000000000000000 ),
 .UNSPECIFIED. ) ;
#410 = DIRECTION ( 'NONE',  ( 1.000000000000000000, -0.0000000000000000000, -0.0000000000000000000 ) ) ;
#411 = CARTESIAN_POINT ( 'NONE',  ( 0.4892863736090102800, 0.8616067169107740600, 0.9400000000000000600 ) ) ;
#412 = ORIENTED_EDGE ( 'NONE', *, *, #4064, .F. ) ;
#413 = EDGE_CURVE ( 'NONE', #8981, #6335, #9671, .T. ) ;
#414 = EDGE_CURVE ( 'NONE', #8692, #3135, #967, .T. ) ;
#415 = VERTEX_POINT ( 'NONE', #9835 ) ;
#416 = FACE_OUTER_BOUND ( 'NONE', #6577, .T. ) ;
#417 = FACE_OUTER_BOUND ( 'NONE', #8939, .T. ) ;
#418 = EDGE_CURVE ( 'NONE', #3888, #415, #4923, .T. ) ;
#419 = DIRECTION ( 'NONE',  ( -0.0000000000000000000, -0.0000000000000000000, -1.000000000000000000 ) ) ;
#420 = EDGE_CURVE ( 'NONE', #2886, #3318, #2716, .T. ) ;
#421 = ORIENTED_EDGE ( 'NONE', *, *, #475, .T. ) ;
#422 = ORIENTED_EDGE ( 'NONE', *, *, #2125, .F. ) ;
#423 = CARTESIAN_POINT ( 'NONE',  ( 0.5074832833341178500, 0.7839170533486318200, 0.9300000000000000500 ) ) ;
#424 = EDGE_LOOP ( 'NONE', ( #10822, #3664, #6320, #10431, #8389, #5173, #7617 ) ) ;
#425 = CARTESIAN_POINT ( 'NONE',  ( 0.2402887179797778000, 0.8276991024470791200, 0.9300000000000000500 ) ) ;
#426 = SURFACE_STYLE_FILL_AREA ( #7178 ) ;
#427 = EDGE_CURVE ( 'NONE', #5270, #9774, #3485, .T. ) ;
#428 = CARTESIAN_POINT ( 'NONE',  ( 0.2905571210839667500, 0.6514153005493975600, 0.9300000000000000500 ) ) ;
#429 = EDGE_CURVE ( 'NONE', #5916, #2431, #3085, .T. ) ;
#430 = CARTESIAN_POINT ( 'NONE',  ( 0.02544278721532577900, 0.6162962151507489500, 0.9400000000000000600 ) ) ;
#431 = EDGE_LOOP ( 'NONE', ( #6833, #8554, #2333, #8283 ) ) ;
#432 = DIRECTION ( 'NONE',  ( -1.000000000000000000, 0.0000000000000000000, -0.0000000000000000000 ) ) ;
#433 = ORIENTED_EDGE ( 'NONE', *, *, #2189, .F. ) ;
#434 = VECTOR ( 'NONE', #8997, 1000.000000000000000 ) ;
#435 = CARTESIAN_POINT ( 'NONE',  ( 0.4894596775109640300, 0.6290823956311254500, 0.9300000000000000500 ) ) ;
#436 = DIRECTION ( 'NONE',  ( 0.0000000000000000000, -0.0000000000000000000, -1.000000000000000000 ) ) ;
#437 = CARTESIAN_POINT ( 'NONE',  ( 0.4938665481654721500, 0.6309639808542710800, 0.9400000000000000600 ) ) ;
#438 = VERTEX_POINT ( 'NONE', #9243 ) ;
#439 = ADVANCED_FACE ( 'NONE', ( #266 ), #1092, .F. ) ;
#440 = AXIS2_PLACEMENT_3D ( 'NONE', #2422, #2385, #2577 ) ;
#441 = B_SPLINE_SURFACE_WITH_KNOTS ( 'NONE', 3, 1, ( 
 ( #6487, #6594 ),
 ( #6575, #6364 ),
 ( #3, #5878 ),
 ( #8182, #7437 ) ),
 .UNSPECIFIED., .F., .F., .F.,
 ( 4, 4 ),
 ( 2, 2 ),
 ( 2.000000000000000000, 3.000000000000000000 ),
 ( 0.0000000000000000000, 1.000000000000000000 ),
 .UNSPECIFIED. ) ;
#442 =( NAMED_UNIT ( * ) SI_UNIT ( $, .STERADIAN. ) SOLID_ANGLE_UNIT ( ) );
#443 = ORIENTED_EDGE ( 'NONE', *, *, #1050, .F. ) ;
#444 = CARTESIAN_POINT ( 'NONE',  ( -0.02895728381101941900, 0.6941090579354700600, 0.9300000000000000500 ) ) ;
#445 = AXIS2_PLACEMENT_3D ( 'NONE', #9001, #3911, #9845 ) ;
#446 = ORIENTED_EDGE ( 'NONE', *, *, #4301, .F. ) ;
#447 = VERTEX_POINT ( 'NONE', #3887 ) ;
#448 = COLOUR_RGB ( '',0.6666666666666666300, 0.6666666666666666300, 0.6666666666666666300 ) ;
#449 = EDGE_LOOP ( 'NONE', ( #3823, #5689, #1231, #1205 ) ) ;
#451 = CARTESIAN_POINT ( 'NONE',  ( 0.4474458600906227000, 0.6207638083283396600, 0.9400000000000000600 ) ) ;
#450 = VECTOR ( 'NONE', #8360, 1000.000000000000000 ) ;
#452 = DIRECTION ( 'NONE',  ( -1.000000000000000000, 0.0000000000000000000, 0.0000000000000000000 ) ) ;
#453 = ADVANCED_FACE ( 'NONE', ( #8908 ), #4852, .T. ) ;
#454 = DIRECTION ( 'NONE',  ( -0.0000000000000000000, -0.0000000000000000000, -1.000000000000000000 ) ) ;
#455 = EDGE_LOOP ( 'NONE', ( #9439, #3979, #1109, #9880 ) ) ;
#456 = VERTEX_POINT ( 'NONE', #9438 ) ;
#457 = LINE ( 'NONE', #8606, #9103 ) ;
#458 = ORIENTED_EDGE ( 'NONE', *, *, #6617, .T. ) ;
#459 = PLANE ( 'NONE',  #6645 ) ;
#460 = ORIENTED_EDGE ( 'NONE', *, *, #619, .T. ) ;
#461 = VECTOR ( 'NONE', #3125, 1000.000000000000000 ) ;
#462 = DIRECTION ( 'NONE',  ( -0.0000000000000000000, -0.0000000000000000000, -1.000000000000000000 ) ) ;
#463 = AXIS2_PLACEMENT_3D ( 'NONE', #4297, #891, #3016 ) ;
#464 = SURFACE_STYLE_FILL_AREA ( #7164 ) ;
#465 = CARTESIAN_POINT ( 'NONE',  ( 0.4973078685081360800, 0.6347271513012086000, 0.9400000000000000600 ) ) ;
#466 = CARTESIAN_POINT ( 'NONE',  ( 0.4892863736090102800, 0.8616067169107740600, 0.9300000000000000500 ) ) ;
#467 = SURFACE_STYLE_FILL_AREA ( #8732 ) ;
#468 = CARTESIAN_POINT ( 'NONE',  ( 0.6249999999999998900, 0.6250000000000000000, -0.02000000000000000000 ) ) ;
#469 = SURFACE_SIDE_STYLE ('',( #4518 ) ) ;
#470 = VERTEX_POINT ( 'NONE', #3899 ) ;
#471 = FILL_AREA_STYLE ('',( #6293 ) ) ;
#472 = ORIENTED_EDGE ( 'NONE', *, *, #4653, .F. ) ;
#473 = ORIENTED_EDGE ( 'NONE', *, *, #6869, .F. ) ;
#474 = EDGE_CURVE ( 'NONE', #6873, #2228, #4402, .T. ) ;
#475 = EDGE_CURVE ( 'NONE', #6177, #10442, #6946, .T. ) ;
#476 = ORIENTED_EDGE ( 'NONE', *, *, #3015, .F. ) ;
#477 = PRESENTATION_STYLE_ASSIGNMENT (( #8617 ) ) ;
#478 = B_SPLINE_CURVE_WITH_KNOTS ( 'NONE', 3,
 ( #9996, #7490, #6639, #1633 ),
 .UNSPECIFIED., .F., .F.,
 ( 4, 4 ),
 ( 0.0000000000000000000, 1.000000000000000000 ),
 .UNSPECIFIED. ) ;
#479 = VECTOR ( 'NONE', #8342, 1000.000000000000000 ) ;
#480 = PRESENTATION_LAYER_ASSIGNMENT (  '', '', ( #9675 ) ) ;
#481 = VERTEX_POINT ( 'NONE', #3914 ) ;
#482 = ORIENTED_EDGE ( 'NONE', *, *, #10653, .T. ) ;
#483 = DIRECTION ( 'NONE',  ( -0.5048830486499308300, 0.8631877589412118000, 0.0000000000000000000 ) ) ;
#484 = EDGE_CURVE ( 'NONE', #10688, #284, #8672, .T. ) ;
#485 = ORIENTED_EDGE ( 'NONE', *, *, #3665, .T. ) ;
#486 = ORIENTED_EDGE ( 'NONE', *, *, #2617, .T. ) ;
#487 = AXIS2_PLACEMENT_3D ( 'NONE', #5760, #763, #6593 ) ;
#488 = CARTESIAN_POINT ( 'NONE',  ( 0.6251813905923989700, 0.7854520307678748400, 0.9300000000000000500 ) ) ;
#489 = EDGE_CURVE ( 'NONE', #9774, #3920, #10849, .T. ) ;
#490 = ORIENTED_EDGE ( 'NONE', *, *, #1667, .F. ) ;
#491 = ORIENTED_EDGE ( 'NONE', *, *, #1387, .F. ) ;
#492 = CARTESIAN_POINT ( 'NONE',  ( 0.5000807309426171800, 0.8616067169107740600, 0.9400000000000000600 ) ) ;
#493 = CARTESIAN_POINT ( 'NONE',  ( 0.5634604437276604600, 0.6816677510825681600, 0.9300000000000000500 ) ) ;
#494 = EDGE_CURVE ( 'NONE', #8374, #8053, #4125, .T. ) ;
#495 = ORIENTED_EDGE ( 'NONE', *, *, #7377, .T. ) ;
#496 = DIRECTION ( 'NONE',  ( 0.0000000000000000000, -1.000000000000000000, 0.0000000000000000000 ) ) ;
#497 = B_SPLINE_SURFACE_WITH_KNOTS ( 'NONE', 3, 1, ( 
 ( #554, #9198 ),
 ( #9271, #9251 ),
 ( #9780, #1348 ),
 ( #9763, #9820 ) ),
 .UNSPECIFIED., .F., .F., .F.,
 ( 4, 4 ),
 ( 2, 2 ),
 ( 0.0000000000000000000, 1.000000000000000000 ),
 ( 0.0000000000000000000, 1.000000000000000000 ),
 .UNSPECIFIED. ) ;
#498 = LINE ( 'NONE', #10472, #9420 ) ;
#499 = VECTOR ( 'NONE', #5068, 1000.000000000000000 ) ;
#500 = VECTOR ( 'NONE', #9806, 1000.000000000000000 ) ;
#501 = CARTESIAN_POINT ( 'NONE',  ( 0.8750000000000012200, 0.1249999999999909000, -0.02000000000000000000 ) ) ;
#502 = CARTESIAN_POINT ( 'NONE',  ( 0.6760832224229499400, 0.6318057426650612900, 0.9400000000000000600 ) ) ;
#503 = CARTESIAN_POINT ( 'NONE',  ( 0.6748453374070222400, 0.8449200269046338600, 0.9300000000000000500 ) ) ;
#504 = CARTESIAN_POINT ( 'NONE',  ( 0.5062949137194319200, 0.6915213158045996300, 0.9300000000000000500 ) ) ;
#505 = ORIENTED_EDGE ( 'NONE', *, *, #2155, .F. ) ;
#506 = CARTESIAN_POINT ( 'NONE',  ( 0.7824423029398259700, 0.6351727899062257200, 0.9400000000000000600 ) ) ;
#507 = CARTESIAN_POINT ( 'NONE',  ( 0.5436542834821478400, 0.6723588557673174600, 0.9400000000000000600 ) ) ;
#508 = VERTEX_POINT ( 'NONE', #3262 ) ;
#509 = DIRECTION ( 'NONE',  ( -0.0000000000000000000, -0.0000000000000000000, 1.000000000000000000 ) ) ;
#510 = VECTOR ( 'NONE', #7434, 1000.000000000000000 ) ;
#511 = DIRECTION ( 'NONE',  ( 0.0000000000000000000, 1.000000000000000000, -0.0000000000000000000 ) ) ;
#512 = DIRECTION ( 'NONE',  ( -1.000000000000000000, 0.0000000000000000000, 0.0000000000000000000 ) ) ;
#513 = LINE ( 'NONE', #8408, #9160 ) ;
#514 = CARTESIAN_POINT ( 'NONE',  ( 0.3749999999999998900, 0.8749999999999998900, -0.02000000000000000000 ) ) ;
#515 = ADVANCED_FACE ( 'NONE', ( #8406 ), #3576, .F. ) ;
#516 = VERTEX_POINT ( 'NONE', #3359 ) ;
#517 = B_SPLINE_SURFACE_WITH_KNOTS ( 'NONE', 3, 1, ( 
 ( #3574, #7518 ),
 ( #9086, #7622 ),
 ( #10429, #3487 ),
 ( #6307, #225 ) ),
 .UNSPECIFIED., .F., .F., .F.,
 ( 4, 4 ),
 ( 2, 2 ),
 ( 1.000000000000000000, 2.000000000000000000 ),
 ( 0.0000000000000000000, 1.000000000000000000 ),
 .UNSPECIFIED. ) ;
#518 = CARTESIAN_POINT ( 'NONE',  ( 0.5943828114103957300, 0.7744100964311524400, 0.9400000000000000600 ) ) ;
#519 = ORIENTED_EDGE ( 'NONE', *, *, #1540, .T. ) ;
#520 = FILL_AREA_STYLE_COLOUR ( '', #10475 ) ;
#521 = DIRECTION ( 'NONE',  ( 1.000000000000000000, -0.0000000000000000000, -0.0000000000000000000 ) ) ;
#522 = SURFACE_STYLE_FILL_AREA ( #923 ) ;
#523 = VECTOR ( 'NONE', #3960, 1000.000000000000000 ) ;
#524 = DIRECTION ( 'NONE',  ( -0.0000000000000000000, -0.0000000000000000000, 1.000000000000000000 ) ) ;
#525 = VECTOR ( 'NONE', #7336, 1000.000000000000000 ) ;
#526 =( NAMED_UNIT ( * ) SI_UNIT ( $, .STERADIAN. ) SOLID_ANGLE_UNIT ( ) );
#527 = ORIENTED_EDGE ( 'NONE', *, *, #7668, .T. ) ;
#528 = ORIENTED_EDGE ( 'NONE', *, *, #8377, .T. ) ;
#529 = VERTEX_POINT ( 'NONE', #4759 ) ;
#530 = LINE ( 'NONE', #3126, #276 ) ;
#531 = STYLED_ITEM ( 'NONE', ( #6186 ), #2544 ) ;
#532 = CARTESIAN_POINT ( 'NONE',  ( 0.7464693643943523000, 0.7064749667899301600, 0.9400000000000000600 ) ) ;
#533 = CARTESIAN_POINT ( 'NONE',  ( 0.1913974849792963500, 0.7016837430564193400, 0.9400000000000000600 ) ) ;
#534 = B_SPLINE_SURFACE_WITH_KNOTS ( 'NONE', 3, 1, ( 
 ( #2850, #1034 ),
 ( #5688, #7759 ),
 ( #7874, #692 ),
 ( #8664, #4596 ) ),
 .UNSPECIFIED., .F., .F., .F.,
 ( 4, 4 ),
 ( 2, 2 ),
 ( 15.00000000000000000, 16.00000000000000000 ),
 ( 0.0000000000000000000, 1.000000000000000000 ),
 .UNSPECIFIED. ) ;
#535 = UNCERTAINTY_MEASURE_WITH_UNIT (LENGTH_MEASURE( 1.000000000000000100E-005 ), #10279, 'distance_accuracy_value', 'NONE');
#536 = CARTESIAN_POINT ( 'NONE',  ( 0.8079427342556492200, 0.6433923464085591300, 0.9300000000000000500 ) ) ;
#537 = CARTESIAN_POINT ( 'NONE',  ( 0.02268835506805512800, 0.8621295371230174300, 0.9400000000000000600 ) ) ;
#539 = EDGE_CURVE ( 'NONE', #9081, #2409, #9822, .T. ) ;
#538 = ORIENTED_EDGE ( 'NONE', *, *, #8448, .T. ) ;
#540 = VECTOR ( 'NONE', #10121, 1000.000000000000000 ) ;
#541 = CARTESIAN_POINT ( 'NONE',  ( 0.5990372590683527000, 0.5985809088531275400, 0.9400000000000000600 ) ) ;
#542 =( NAMED_UNIT ( * ) PLANE_ANGLE_UNIT ( ) SI_UNIT ( $, .RADIAN. ) );
#543 = DIRECTION ( 'NONE',  ( 0.0000000000000000000, -1.000000000000000000, -0.0000000000000000000 ) ) ;
#544 = FILL_AREA_STYLE_COLOUR ( '', #10288 ) ;
#545 = SURFACE_SIDE_STYLE ('',( #3799 ) ) ;
#546 = AXIS2_PLACEMENT_3D ( 'NONE', #9338, #1213, #8756 ) ;
#547 = B_SPLINE_CURVE_WITH_KNOTS ( 'NONE', 3,
 ( #7958, #389, #3689, #9611 ),
 .UNSPECIFIED., .F., .F.,
 ( 4, 4 ),
 ( 3.000000000000000000, 4.000000000000000000 ),
 .UNSPECIFIED. ) ;
#548 = CARTESIAN_POINT ( 'NONE',  ( 0.4809925440061695300, 0.6191298001079786900, 0.9300000000000000500 ) ) ;
#549 = EDGE_CURVE ( 'NONE', #8847, #8058, #1188, .T. ) ;
#550 = FACE_OUTER_BOUND ( 'NONE', #7964, .T. ) ;
#551 = B_SPLINE_CURVE_WITH_KNOTS ( 'NONE', 3,
 ( #3572, #8711, #10575, #10601 ),
 .UNSPECIFIED., .F., .F.,
 ( 4, 4 ),
 ( 2.000000000000000000, 3.000000000000000000 ),
 .UNSPECIFIED. ) ;
#552 = PRESENTATION_LAYER_ASSIGNMENT (  '', '', ( #9750 ) ) ;
#553 = DIRECTION ( 'NONE',  ( 1.000000000000000000, 2.950894056614934800E-012, -0.0000000000000000000 ) ) ;
#554 = CARTESIAN_POINT ( 'NONE',  ( 0.4896329814132432400, 0.6915213158045996300, 0.9400000000000000600 ) ) ;
#555 = EDGE_CURVE ( 'NONE', #5445, #6873, #10435, .T. ) ;
#556 =( GEOMETRIC_REPRESENTATION_CONTEXT ( 3 ) GLOBAL_UNCERTAINTY_ASSIGNED_CONTEXT ( ( #3238 ) ) GLOBAL_UNIT_ASSIGNED_CONTEXT ( ( #9978, #1484, #1435 ) ) REPRESENTATION_CONTEXT ( 'NONE', 'WORKASPACE' ) );
#557 = CARTESIAN_POINT ( 'NONE',  ( 0.6783856885514542000, 0.8237274354418796500, 0.9400000000000000600 ) ) ;
#558 = ORIENTED_EDGE ( 'NONE', *, *, #6314, .T. ) ;
#559 = DIRECTION ( 'NONE',  ( -0.0000000000000000000, -0.0000000000000000000, 1.000000000000000000 ) ) ;
#560 = EDGE_CURVE ( 'NONE', #10365, #6760, #7620, .T. ) ;
#561 = FACE_OUTER_BOUND ( 'NONE', #2370, .T. ) ;
#562 =( NAMED_UNIT ( * ) PLANE_ANGLE_UNIT ( ) SI_UNIT ( $, .RADIAN. ) );
#563 = CARTESIAN_POINT ( 'NONE',  ( 0.1769366866544296600, 0.6631216273244853200, 0.9400000000000000600 ) ) ;
#564 = ORIENTED_EDGE ( 'NONE', *, *, #10252, .F. ) ;
#565 = ADVANCED_FACE ( 'NONE', ( #7348 ), #1302, .F. ) ;
#566 = CARTESIAN_POINT ( 'NONE',  ( 0.5744776203641002200, 0.6766666956203898400, 0.9400000000000000600 ) ) ;
#567 = DIRECTION ( 'NONE',  ( -0.0000000000000000000, -0.0000000000000000000, -1.000000000000000000 ) ) ;
#568 = B_SPLINE_SURFACE_WITH_KNOTS ( 'NONE', 3, 1, ( 
 ( #8128, #10147 ),
 ( #10285, #10247 ),
 ( #10225, #6693 ),
 ( #10009, #9977 ) ),
 .UNSPECIFIED., .F., .F., .F.,
 ( 4, 4 ),
 ( 2, 2 ),
 ( 12.00000000000000000, 13.00000000000000000 ),
 ( 0.0000000000000000000, 1.000000000000000000 ),
 .UNSPECIFIED. ) ;
#569 = EDGE_CURVE ( 'NONE', #9805, #3273, #9299, .T. ) ;
#570 = MECHANICAL_DESIGN_GEOMETRIC_PRESENTATION_REPRESENTATION (  '', ( #6062 ), #1149 ) ;
#571 = CARTESIAN_POINT ( 'NONE',  ( 0.4474458600906227000, 0.6318057426650551800, 0.9400000000000000600 ) ) ;
#572 = CARTESIAN_POINT ( 'NONE',  ( 0.4610378375589885800, 0.6281911184197853700, 0.9300000000000000500 ) ) ;
#573 = DIRECTION ( 'NONE',  ( 0.0000000000000000000, 0.0000000000000000000, 1.000000000000000000 ) ) ;
#574 = ORIENTED_EDGE ( 'NONE', *, *, #3217, .F. ) ;
#575 = EDGE_LOOP ( 'NONE', ( #884, #4481, #7789, #6448 ) ) ;
#576 = CARTESIAN_POINT ( 'NONE',  ( 0.7400571200149771400, 0.8588833698775091300, 0.9300000000000000500 ) ) ;
#577 = LINE ( 'NONE', #4839, #7005 ) ;
#578 = DIRECTION ( 'NONE',  ( -0.0000000000000000000, -1.000000000000000000, -0.0000000000000000000 ) ) ;
#579 = CARTESIAN_POINT ( 'NONE',  ( 0.6393180374672204900, 0.7744100964311586600, 0.9300000000000000500 ) ) ;
#580 = B_SPLINE_SURFACE_WITH_KNOTS ( 'NONE', 3, 1, ( 
 ( #881, #1502 ),
 ( #958, #765 ),
 ( #905, #723 ),
 ( #842, #676 ) ),
 .UNSPECIFIED., .F., .F., .F.,
 ( 4, 4 ),
 ( 2, 2 ),
 ( 21.00000000000000000, 22.00000000000000000 ),
 ( 0.0000000000000000000, 1.000000000000000000 ),
 .UNSPECIFIED. ) ;
#581 = ORIENTED_EDGE ( 'NONE', *, *, #7882, .F. ) ;
#582 = ORIENTED_EDGE ( 'NONE', *, *, #1124, .F. ) ;
#583 = CARTESIAN_POINT ( 'NONE',  ( 0.4999569424408943900, 0.8728962282509370500, 0.9300000000000000500 ) ) ;
#584 = VECTOR ( 'NONE', #5503, 1000.000000000000000 ) ;
#585 = CARTESIAN_POINT ( 'NONE',  ( 0.6915320274138230200, 0.8240740432464388500, 0.9400000000000000600 ) ) ;
#586 = LINE ( 'NONE', #6491, #336 ) ;
#587 = CARTESIAN_POINT ( 'NONE',  ( -0.1068949054074922100, 0.3834854731493751400, 0.0000000000000000000 ) ) ;
#588 = CARTESIAN_POINT ( 'NONE',  ( 0.4820076097185750900, 0.6618615908373892700, 0.9400000000000000600 ) ) ;
#589 =( LENGTH_UNIT ( ) NAMED_UNIT ( * ) SI_UNIT ( .MILLI., .METRE. ) );
#590 = ORIENTED_EDGE ( 'NONE', *, *, #1998, .T. ) ;
#591 = ORIENTED_EDGE ( 'NONE', *, *, #632, .T. ) ;
#592 = CARTESIAN_POINT ( 'NONE',  ( 0.1769366866544296600, 0.6631216273244853200, 0.9300000000000000500 ) ) ;
#593 = LINE ( 'NONE', #3831, #6741 ) ;
#594 = CARTESIAN_POINT ( 'NONE',  ( -0.6250000000000004400, -0.1249999999999979500, 0.0000000000000000000 ) ) ;
#595 = VECTOR ( 'NONE', #9503, 1000.000000000000000 ) ;
#596 = ORIENTED_EDGE ( 'NONE', *, *, #5458, .F. ) ;
#597 = CARTESIAN_POINT ( 'NONE',  ( 0.4424943200293258200, 0.6754783260056996800, 0.9400000000000000600 ) ) ;
#598 = ORIENTED_EDGE ( 'NONE', *, *, #10642, .F. ) ;
#599 = VERTEX_POINT ( 'NONE', #7408 ) ;
#600 = VERTEX_POINT ( 'NONE', #5948 ) ;
#601 = ORIENTED_EDGE ( 'NONE', *, *, #5155, .F. ) ;
#602 = PLANE ( 'NONE',  #4879 ) ;
#603 = CARTESIAN_POINT ( 'NONE',  ( 0.7384726271951779200, 0.8520997599932974600, 0.9300000000000000500 ) ) ;
#604 = CARTESIAN_POINT ( 'NONE',  ( 0.5510320781737000400, 0.6290328802305755800, 0.9300000000000000500 ) ) ;
#605 = LINE ( 'NONE', #1963, #3044 ) ;
#606 = LINE ( 'NONE', #3822, #2529 ) ;
#607 = DIRECTION ( 'NONE',  ( 1.000000000000000000, 8.602582885162282500E-014, -0.0000000000000000000 ) ) ;
#608 = FILL_AREA_STYLE ('',( #1432 ) ) ;
#609 = EDGE_CURVE ( 'NONE', #8087, #3941, #5058, .T. ) ;
#610 = ORIENTED_EDGE ( 'NONE', *, *, #6787, .F. ) ;
#611 = EDGE_CURVE ( 'NONE', #2228, #3339, #917, .T. ) ;
#612 = VERTEX_POINT ( 'NONE', #7716 ) ;
#613 = DIRECTION ( 'NONE',  ( 1.000000000000000000, 0.0000000000000000000, 0.0000000000000000000 ) ) ;
#614 = B_SPLINE_CURVE_WITH_KNOTS ( 'NONE', 3,
 ( #10815, #5787, #804, #6636 ),
 .UNSPECIFIED., .F., .F.,
 ( 4, 4 ),
 ( 12.00000000000000000, 13.00000000000000000 ),
 .UNSPECIFIED. ) ;
#615 = CARTESIAN_POINT ( 'NONE',  ( 0.3750000000000001100, -0.6250000000000000000, -0.02000000000000000000 ) ) ;
#616 = ADVANCED_FACE ( 'NONE', ( #2570 ), #1320, .T. ) ;
#617 = ORIENTED_EDGE ( 'NONE', *, *, #976, .F. ) ;
#618 = B_SPLINE_CURVE_WITH_KNOTS ( 'NONE', 3,
 ( #9945, #39, #4378, #4359 ),
 .UNSPECIFIED., .F., .F.,
 ( 4, 4 ),
 ( 5.000000000000000000, 6.000000000000000000 ),
 .UNSPECIFIED. ) ;
#619 = EDGE_CURVE ( 'NONE', #1244, #8981, #6793, .T. ) ;
#620 = LINE ( 'NONE', #9197, #4760 ) ;
#621 = CARTESIAN_POINT ( 'NONE',  ( 0.03439470811148989000, 0.8703928434151132500, 0.9300000000000000500 ) ) ;
#622 = CARTESIAN_POINT ( 'NONE',  ( 0.2196304309060044000, 0.7698559748191087200, 0.9300000000000000500 ) ) ;
#623 = EDGE_CURVE ( 'NONE', #9801, #9379, #4530, .T. ) ;
#624 = CARTESIAN_POINT ( 'NONE',  ( 0.6250000000000001100, -0.8749999999999998900, -0.0000000000000000000 ) ) ;
#625 = ORIENTED_EDGE ( 'NONE', *, *, #6869, .T. ) ;
#627 = ORIENTED_EDGE ( 'NONE', *, *, #8914, .F. ) ;
#626 = CARTESIAN_POINT ( 'NONE',  ( -0.004167394486273090900, 0.5749797460765683200, 0.9300000000000000500 ) ) ;
#628 = FACE_OUTER_BOUND ( 'NONE', #5195, .T. ) ;
#629 = EDGE_CURVE ( 'NONE', #2228, #7267, #5698, .T. ) ;
#630 = MECHANICAL_DESIGN_GEOMETRIC_PRESENTATION_REPRESENTATION (  '', ( #9828 ), #1212 ) ;
#631 = VECTOR ( 'NONE', #9662, 1000.000000000000000 ) ;
#632 = EDGE_CURVE ( 'NONE', #10256, #2641, #130, .T. ) ;
#633 = ORIENTED_EDGE ( 'NONE', *, *, #9263, .F. ) ;
#634 = CARTESIAN_POINT ( 'NONE',  ( 0.7605317381683398500, 0.6318057426650612900, 0.9400000000000000600 ) ) ;
#635 =( NAMED_UNIT ( * ) SI_UNIT ( $, .STERADIAN. ) SOLID_ANGLE_UNIT ( ) );
#636 = B_SPLINE_SURFACE_WITH_KNOTS ( 'NONE', 3, 1, ( 
 ( #2254, #1459 ),
 ( #3224, #9148 ),
 ( #4059, #9986 ),
 ( #4915, #10803 ) ),
 .UNSPECIFIED., .F., .F., .F.,
 ( 4, 4 ),
 ( 2, 2 ),
 ( 14.00000000000000000, 15.00000000000000000 ),
 ( 0.0000000000000000000, 1.000000000000000000 ),
 .UNSPECIFIED. ) ;
#637 = ORIENTED_EDGE ( 'NONE', *, *, #10385, .T. ) ;
#638 =( NAMED_UNIT ( * ) SI_UNIT ( $, .STERADIAN. ) SOLID_ANGLE_UNIT ( ) );
#639 = VECTOR ( 'NONE', #10049, 1000.000000000000000 ) ;
#640 = VECTOR ( 'NONE', #1845, 1000.000000000000000 ) ;
#641 = LINE ( 'NONE', #4070, #387 ) ;
#642 = CARTESIAN_POINT ( 'NONE',  ( -0.07991432450440462400, 0.7691674029014183800, 0.9300000000000000500 ) ) ;
#643 = VECTOR ( 'NONE', #6353, 1000.000000000000000 ) ;
#644 = CARTESIAN_POINT ( 'NONE',  ( 0.6513502798157353400, 0.8601212548927491500, 0.9300000000000000500 ) ) ;
#645 = AXIS2_PLACEMENT_3D ( 'NONE', #1611, #1372, #1310 ) ;
#646 = FILL_AREA_STYLE ('',( #1462 ) ) ;
#647 = EDGE_LOOP ( 'NONE', ( #2055, #6373, #8504, #4159 ) ) ;
#648 = EDGE_LOOP ( 'NONE', ( #8992, #9358, #727, #1335 ) ) ;
#649 = COLOUR_RGB ( '',0.6666666666666666300, 0.6666666666666666300, 0.6666666666666666300 ) ;
#650 =( LENGTH_UNIT ( ) NAMED_UNIT ( * ) SI_UNIT ( .MILLI., .METRE. ) );
#651 = LINE ( 'NONE', #10743, #4799 ) ;
#652 = CARTESIAN_POINT ( 'NONE',  ( 0.6126787519372730600, 0.7744100964311586600, 0.9300000000000000500 ) ) ;
#653 = PRESENTATION_LAYER_ASSIGNMENT (  '', '', ( #10415 ) ) ;
#654 = CARTESIAN_POINT ( 'NONE',  ( 0.4884941271991148900, 0.6816677510825681600, 0.9300000000000000500 ) ) ;
#655 = CARTESIAN_POINT ( 'NONE',  ( 0.6031717950194684900, 0.6017994098932834000, 0.9400000000000000600 ) ) ;
#656 = ORIENTED_EDGE ( 'NONE', *, *, #139, .T. ) ;
#657 =( NAMED_UNIT ( * ) PLANE_ANGLE_UNIT ( ) SI_UNIT ( $, .RADIAN. ) );
#658 = ORIENTED_EDGE ( 'NONE', *, *, #3154, .T. ) ;
#659 = CARTESIAN_POINT ( 'NONE',  ( 0.6635805837677987200, 0.7176159319277641800, 0.9400000000000000600 ) ) ;
#660 = SURFACE_STYLE_USAGE ( .BOTH. , #730 ) ;
#661 = B_SPLINE_CURVE_WITH_KNOTS ( 'NONE', 3,
 ( #8463, #5071, #2580, #8498 ),
 .UNSPECIFIED., .F., .F.,
 ( 4, 4 ),
 ( 1.000000000000000000, 2.000000000000000000 ),
 .UNSPECIFIED. ) ;
#662 = ORIENTED_EDGE ( 'NONE', *, *, #2675, .F. ) ;
#663 = CARTESIAN_POINT ( 'NONE',  ( 0.5653420289508036500, 0.6383912909463753700, 0.9300000000000000500 ) ) ;
#664 = STYLED_ITEM ( 'NONE', ( #5657 ), #2986 ) ;
#665 = EDGE_LOOP ( 'NONE', ( #2239, #7656, #2920, #8362 ) ) ;
#666 = CARTESIAN_POINT ( 'NONE',  ( 0.4635136075897990400, 0.8339276079684738700, 0.9400000000000000600 ) ) ;
#667 = VECTOR ( 'NONE', #6769, 1000.000000000000000 ) ;
#668 = FACE_OUTER_BOUND ( 'NONE', #6898, .T. ) ;
#669 = ADVANCED_FACE ( 'NONE', ( #6509 ), #6502, .F. ) ;
#670 = CARTESIAN_POINT ( 'NONE',  ( 0.1249999999999998900, 0.6250000000000000000, -0.02000000000000000000 ) ) ;
#671 = SURFACE_STYLE_USAGE ( .BOTH. , #683 ) ;
#672 = EDGE_CURVE ( 'NONE', #9451, #4796, #6050, .T. ) ;
#673 = CARTESIAN_POINT ( 'NONE',  ( 0.4820076097185750900, 0.6618615908373892700, 0.9400000000000000600 ) ) ;
#674 = ORIENTED_EDGE ( 'NONE', *, *, #10013, .F. ) ;
#675 = ORIENTED_EDGE ( 'NONE', *, *, #4663, .T. ) ;
#676 = CARTESIAN_POINT ( 'NONE',  ( 0.2141215666114700500, 0.7698559748191087200, 0.9300000000000000500 ) ) ;
#677 = FACE_OUTER_BOUND ( 'NONE', #9515, .T. ) ;
#678 = LINE ( 'NONE', #9658, #2609 ) ;
#679 = CARTESIAN_POINT ( 'NONE',  ( -0.1250000000000001100, 0.8749999999999998900, -0.02000000000000000000 ) ) ;
#680 = CARTESIAN_POINT ( 'NONE',  ( 0.09499226788739424700, 0.6507267023633703800, 0.9400000000000000600 ) ) ;
#681 = CARTESIAN_POINT ( 'NONE',  ( 0.4802993283973856500, 0.6290823956311254500, 0.9300000000000000500 ) ) ;
#682 = CARTESIAN_POINT ( 'NONE',  ( 0.5737348893547593600, 0.6510177181028996600, 0.9300000000000000500 ) ) ;
#683 = SURFACE_SIDE_STYLE ('',( #1047 ) ) ;
#684 =( NAMED_UNIT ( * ) PLANE_ANGLE_UNIT ( ) SI_UNIT ( $, .RADIAN. ) );
#685 = EDGE_CURVE ( 'NONE', #1323, #4978, #5732, .T. ) ;
#686 = VERTEX_POINT ( 'NONE', #8219 ) ;
#687 = B_SPLINE_CURVE_WITH_KNOTS ( 'NONE', 3,
 ( #6676, #806, #2480, #8409 ),
 .UNSPECIFIED., .F., .F.,
 ( 4, 4 ),
 ( 4.000000000000000000, 5.000000000000000000 ),
 .UNSPECIFIED. ) ;
#688 = SURFACE_SIDE_STYLE ('',( #5160 ) ) ;
#689 = B_SPLINE_SURFACE_WITH_KNOTS ( 'NONE', 3, 1, ( 
 ( #8689, #249 ),
 ( #1102, #6950 ),
 ( #1915, #7821 ),
 ( #2734, #8655 ) ),
 .UNSPECIFIED., .F., .F., .F.,
 ( 4, 4 ),
 ( 2, 2 ),
 ( 3.000000000000000000, 4.000000000000000000 ),
 ( 0.0000000000000000000, 1.000000000000000000 ),
 .UNSPECIFIED. ) ;
#690 = PRESENTATION_LAYER_ASSIGNMENT (  '', '', ( #10443 ) ) ;
#691 = VECTOR ( 'NONE', #1427, 1000.000000000000000 ) ;
#692 = CARTESIAN_POINT ( 'NONE',  ( 0.04678967247544814400, 0.7133900960998563700, 0.9300000000000000500 ) ) ;
#693 = EDGE_CURVE ( 'NONE', #3005, #7884, #3706, .T. ) ;
#694 = PRESENTATION_LAYER_ASSIGNMENT (  '', '', ( #148 ) ) ;
#695 = FILL_AREA_STYLE ('',( #4999 ) ) ;
#696 = CARTESIAN_POINT ( 'NONE',  ( 0.4452424247632018100, 0.7064749667899272700, 0.9400000000000000600 ) ) ;
#697 = EDGE_CURVE ( 'NONE', #5830, #3698, #5051, .T. ) ;
#698 = DIRECTION ( 'NONE',  ( -1.000000000000000000, 0.0000000000000000000, -0.0000000000000000000 ) ) ;
#699 = ORIENTED_EDGE ( 'NONE', *, *, #10448, .T. ) ;
#700 = CARTESIAN_POINT ( 'NONE',  ( 0.5934915341993809400, 0.5985809088531275400, 0.9400000000000000600 ) ) ;
#701 = ORIENTED_EDGE ( 'NONE', *, *, #5443, .F. ) ;
#702 = VERTEX_POINT ( 'NONE', #5585 ) ;
#703 = MECHANICAL_DESIGN_GEOMETRIC_PRESENTATION_REPRESENTATION (  '', ( #9898 ), #1285 ) ;
#704 = FILL_AREA_STYLE ('',( #392 ) ) ;
#705 = FACE_BOUND ( 'NONE', #1373, .T. ) ;
#706 = CARTESIAN_POINT ( 'NONE',  ( -0.8750000000000003300, -0.1249999999999970700, -0.02000000000000000000 ) ) ;
#707 = CARTESIAN_POINT ( 'NONE',  ( 0.4820076097185750900, 0.6618615908373892700, 0.9400000000000000600 ) ) ;
#708 = CARTESIAN_POINT ( 'NONE',  ( 0.6606839328312630300, 0.8571008154554812200, 0.9400000000000000600 ) ) ;
#709 = PLANE ( 'NONE',  #4810 ) ;
#710 = AXIS2_PLACEMENT_3D ( 'NONE', #8495, #5957, #980 ) ;
#711 = ORIENTED_EDGE ( 'NONE', *, *, #560, .T. ) ;
#712 = ORIENTED_EDGE ( 'NONE', *, *, #7219, .F. ) ;
#713 = ORIENTED_EDGE ( 'NONE', *, *, #4520, .F. ) ;
#714 = CARTESIAN_POINT ( 'NONE',  ( 0.06400487667892096300, 0.5749797460765683200, 0.9300000000000000500 ) ) ;
#715 = CARTESIAN_POINT ( 'NONE',  ( 0.1249999999999998900, 0.8750000000000000000, -0.02000000000000000000 ) ) ;
#716 = ORIENTED_EDGE ( 'NONE', *, *, #7021, .T. ) ;
#717 = VERTEX_POINT ( 'NONE', #5598 ) ;
#718 = LINE ( 'NONE', #7768, #7146 ) ;
#719 = DIRECTION ( 'NONE',  ( -0.0000000000000000000, -0.0000000000000000000, 1.000000000000000000 ) ) ;
#720 = SURFACE_STYLE_USAGE ( .BOTH. , #6551 ) ;
#721 = VECTOR ( 'NONE', #6562, 1000.000000000000000 ) ;
#722 = ADVANCED_FACE ( 'NONE', ( #8017 ), #7221, .T. ) ;
#723 = CARTESIAN_POINT ( 'NONE',  ( 0.2086127023169374000, 0.8180585833648904600, 0.9300000000000000500 ) ) ;
#724 = VERTEX_POINT ( 'NONE', #9710 ) ;
#725 = ORIENTED_EDGE ( 'NONE', *, *, #1944, .F. ) ;
#726 = DIRECTION ( 'NONE',  ( -0.0000000000000000000, -0.0000000000000000000, -1.000000000000000000 ) ) ;
#727 = ORIENTED_EDGE ( 'NONE', *, *, #222, .F. ) ;
#728 = ORIENTED_EDGE ( 'NONE', *, *, #9746, .T. ) ;
#729 = FACE_OUTER_BOUND ( 'NONE', #4612, .T. ) ;
#730 = SURFACE_SIDE_STYLE ('',( #4411 ) ) ;
#731 = B_SPLINE_CURVE_WITH_KNOTS ( 'NONE', 3,
 ( #3177, #1565, #8284, #4016 ),
 .UNSPECIFIED., .F., .F.,
 ( 4, 4 ),
 ( 15.00000000000000000, 16.00000000000000000 ),
 .UNSPECIFIED. ) ;
#732 = ORIENTED_EDGE ( 'NONE', *, *, #1609, .F. ) ;
#733 = ORIENTED_EDGE ( 'NONE', *, *, #1073, .T. ) ;
#734 = ORIENTED_EDGE ( 'NONE', *, *, #7458, .F. ) ;
#735 = CARTESIAN_POINT ( 'NONE',  ( 0.7996736623527519500, 0.6700811473390668700, 0.9400000000000000600 ) ) ;
#736 =( LENGTH_UNIT ( ) NAMED_UNIT ( * ) SI_UNIT ( .MILLI., .METRE. ) );
#737 = ORIENTED_EDGE ( 'NONE', *, *, #5444, .T. ) ;
#738 = ORIENTED_EDGE ( 'NONE', *, *, #6550, .F. ) ;
#739 = CARTESIAN_POINT ( 'NONE',  ( -0.7990646368227771700, 0.7972593383840376200, 0.9100000000000000300 ) ) ;
#740 = COLOUR_RGB ( '',0.2980392156862745100, 0.2980392156862745100, 0.2980392156862745100 ) ;
#741 = VECTOR ( 'NONE', #2543, 1000.000000000000000 ) ;
#742 = VECTOR ( 'NONE', #10249, 1000.000000000000000 ) ;
#743 = CARTESIAN_POINT ( 'NONE',  ( 0.4896329814132432400, 0.6915213158045996300, 0.9300000000000000500 ) ) ;
#744 = CARTESIAN_POINT ( 'NONE',  ( 0.8631524059392393600, 0.6984534718904845700, 0.9400000000000000600 ) ) ;
#745 = MECHANICAL_DESIGN_GEOMETRIC_PRESENTATION_REPRESENTATION (  '', ( #9943 ), #1326 ) ;
#746 = ORIENTED_EDGE ( 'NONE', *, *, #7528, .F. ) ;
#747 = ORIENTED_EDGE ( 'NONE', *, *, #5313, .T. ) ;
#748 = DIRECTION ( 'NONE',  ( 0.0000000000000000000, 0.0000000000000000000, 1.000000000000000000 ) ) ;
#749 = ORIENTED_EDGE ( 'NONE', *, *, #7235, .T. ) ;
#750 = CARTESIAN_POINT ( 'NONE',  ( 0.5495218584550677400, 0.6511662643045632600, 0.9400000000000000600 ) ) ;
#751 = CARTESIAN_POINT ( 'NONE',  ( -0.09093206622731372900, 0.8084180577156119300, 0.9400000000000000600 ) ) ;
#752 =( GEOMETRIC_REPRESENTATION_CONTEXT ( 3 ) GLOBAL_UNCERTAINTY_ASSIGNED_CONTEXT ( ( #10141 ) ) GLOBAL_UNIT_ASSIGNED_CONTEXT ( ( #24, #5853, #866 ) ) REPRESENTATION_CONTEXT ( 'NONE', 'WORKASPACE' ) );
#753 = VECTOR ( 'NONE', #10383, 1000.000000000000000 ) ;
#754 = DIRECTION ( 'NONE',  ( 0.0000000000000000000, 1.000000000000000000, -0.0000000000000000000 ) ) ;
#755 = CARTESIAN_POINT ( 'NONE',  ( 0.7403542124183174500, 0.8588833698775091300, 0.9300000000000000500 ) ) ;
#756 = EDGE_CURVE ( 'NONE', #5986, #1760, #9944, .T. ) ;
#757 = CARTESIAN_POINT ( 'NONE',  ( 0.01511366994710774800, 0.7960231393215806400, 0.9400000000000000600 ) ) ;
#758 = ORIENTED_EDGE ( 'NONE', *, *, #6568, .F. ) ;
#759 = B_SPLINE_SURFACE_WITH_KNOTS ( 'NONE', 3, 1, ( 
 ( #1196, #7042 ),
 ( #2006, #7920 ),
 ( #2827, #8738 ),
 ( #3650, #9573 ) ),
 .UNSPECIFIED., .F., .F., .F.,
 ( 4, 4 ),
 ( 2, 2 ),
 ( 2.000000000000000000, 3.000000000000000000 ),
 ( 0.0000000000000000000, 1.000000000000000000 ),
 .UNSPECIFIED. ) ;
#760 = EDGE_CURVE ( 'NONE', #9805, #2886, #1305, .T. ) ;
#761 = PLANE ( 'NONE',  #1718 ) ;
#762 = EDGE_LOOP ( 'NONE', ( #833, #6703, #6596, #5414 ) ) ;
#763 = DIRECTION ( 'NONE',  ( 0.0000000000000000000, -0.0000000000000000000, 1.000000000000000000 ) ) ;
#764 = CARTESIAN_POINT ( 'NONE',  ( -0.02895728381101941900, 0.6941090579354700600, 0.9400000000000000600 ) ) ;
#765 = CARTESIAN_POINT ( 'NONE',  ( 0.1672961807064031200, 0.8559320615082910400, 0.9300000000000000500 ) ) ;
#766 = VECTOR ( 'NONE', #4986, 1000.000000000000000 ) ;
#767 = CARTESIAN_POINT ( 'NONE',  ( 0.5605637927917853600, 0.6290328802305755800, 0.9400000000000000600 ) ) ;
#768 = LINE ( 'NONE', #8366, #4908 ) ;
#769 = EDGE_CURVE ( 'NONE', #8024, #9815, #3275, .T. ) ;
#770 = CARTESIAN_POINT ( 'NONE',  ( 0.3953556586454127200, 0.6207638083283396600, 0.9400000000000000600 ) ) ;
#771 = FILL_AREA_STYLE ('',( #963 ) ) ;
#772 = EDGE_LOOP ( 'NONE', ( #10729, #2245, #10769, #2044, #4389, #3768, #8379, #4063, #4625, #9800, #4581, #7175, #10072, #179, #7249 ) ) ;
#773 = EDGE_LOOP ( 'NONE', ( #10447, #1759, #1139, #8020 ) ) ;
#774 = EDGE_CURVE ( 'NONE', #3580, #10294, #10220, .T. ) ;
#775 = AXIS2_PLACEMENT_3D ( 'NONE', #1715, #6093, #5253 ) ;
#776 = AXIS2_PLACEMENT_3D ( 'NONE', #3366, #4208, #9288 ) ;
#777 = ORIENTED_EDGE ( 'NONE', *, *, #2832, .T. ) ;
#778 = VECTOR ( 'NONE', #10519, 1000.000000000000000 ) ;
#780 = CARTESIAN_POINT ( 'NONE',  ( 0.2733419037463276100, 0.6879115429175741700, 0.9300000000000000500 ) ) ;
#779 = SURFACE_STYLE_FILL_AREA ( #5627 ) ;
#781 = CARTESIAN_POINT ( 'NONE',  ( 0.1913974849792963500, 0.7016837430564193400, 0.9400000000000000600 ) ) ;
#782 = CARTESIAN_POINT ( 'NONE',  ( 0.2161873874382130900, 0.7698559748191087200, 0.9400000000000000600 ) ) ;
#783 = ADVANCED_FACE ( 'NONE', ( #7753 ), #4396, .F. ) ;
#784 = CARTESIAN_POINT ( 'NONE',  ( 0.6059198997533431500, 0.6083354427740475000, 0.9400000000000000600 ) ) ;
#785 = CARTESIAN_POINT ( 'NONE',  ( 0.5510320781737000400, 0.6290328802305755800, 0.9400000000000000600 ) ) ;
#786 = B_SPLINE_SURFACE_WITH_KNOTS ( 'NONE', 3, 1, ( 
 ( #8126, #3018 ),
 ( #3849, #9778 ),
 ( #4712, #10614 ),
 ( #5593, #583 ) ),
 .UNSPECIFIED., .F., .F., .F.,
 ( 4, 4 ),
 ( 2, 2 ),
 ( 5.000000000000000000, 6.000000000000000000 ),
 ( 0.0000000000000000000, 1.000000000000000000 ),
 .UNSPECIFIED. ) ;
#787 = CARTESIAN_POINT ( 'NONE',  ( 0.5436542834821478400, 0.6695859933328316400, 0.9400000000000000600 ) ) ;
#788 = ORIENTED_EDGE ( 'NONE', *, *, #1739, .T. ) ;
#789 = ORIENTED_EDGE ( 'NONE', *, *, #8950, .F. ) ;
#790 = VECTOR ( 'NONE', #4163, 1000.000000000000000 ) ;
#791 = CARTESIAN_POINT ( 'NONE',  ( 0.6250000000000040000, 0.3749999999999936200, -0.02000000000000000000 ) ) ;
#792 = CARTESIAN_POINT ( 'NONE',  ( 0.8749999999999998900, 0.8749999999999998900, -0.02000000000000000000 ) ) ;
#793 = CARTESIAN_POINT ( 'NONE',  ( 0.5744776203641002200, 0.6884513609661171400, 0.9400000000000000600 ) ) ;
#794 = PLANE ( 'NONE',  #9908 ) ;
#795 = CARTESIAN_POINT ( 'NONE',  ( 0.4841367719451629700, 0.6290823956311254500, 0.9300000000000000500 ) ) ;
#796 = CARTESIAN_POINT ( 'NONE',  ( 0.4841367719451629700, 0.6290823956311254500, 0.9400000000000000600 ) ) ;
#797 = DIRECTION ( 'NONE',  ( -1.000000000000000000, 0.0000000000000000000, 0.0000000000000000000 ) ) ;
#798 = ORIENTED_EDGE ( 'NONE', *, *, #1349, .T. ) ;
#799 = CARTESIAN_POINT ( 'NONE',  ( 0.4979020533154743800, 0.7839170533486318200, 0.9400000000000000600 ) ) ;
#800 = DIRECTION ( 'NONE',  ( -0.0000000000000000000, -0.0000000000000000000, -1.000000000000000000 ) ) ;
#801 = VERTEX_POINT ( 'NONE', #817 ) ;
#802 = VECTOR ( 'NONE', #968, 1000.000000000000000 ) ;
#803 = FACE_OUTER_BOUND ( 'NONE', #6279, .T. ) ;
#805 = CARTESIAN_POINT ( 'NONE',  ( 0.1872658433254813200, 0.6204279093409176300, 0.9400000000000000600 ) ) ;
#804 = CARTESIAN_POINT ( 'NONE',  ( 0.5448921684977193800, 0.6774094266293947400, 0.9400000000000000600 ) ) ;
#806 = CARTESIAN_POINT ( 'NONE',  ( 0.7996736623527519500, 0.6821629050887998400, 0.9300000000000000500 ) ) ;
#807 = CARTESIAN_POINT ( 'NONE',  ( 0.4078582973002071200, 0.6754783260056996800, 0.9400000000000000600 ) ) ;
#808 = UNCERTAINTY_MEASURE_WITH_UNIT (LENGTH_MEASURE( 1.000000000000000100E-005 ), #1776, 'distance_accuracy_value', 'NONE');
#809 = VERTEX_POINT ( 'NONE', #594 ) ;
#810 = CARTESIAN_POINT ( 'NONE',  ( 0.8750000000000001100, -0.6250000000000000000, -0.02000000000000000000 ) ) ;
#811 = VERTEX_POINT ( 'NONE', #557 ) ;
#812 = FACE_OUTER_BOUND ( 'NONE', #6104, .T. ) ;
#813 = CARTESIAN_POINT ( 'NONE',  ( -0.3750000000000001100, 0.8750000000000000000, -0.02000000000000000000 ) ) ;
#814 = B_SPLINE_CURVE_WITH_KNOTS ( 'NONE', 3,
 ( #4833, #4708, #1390, #7771 ),
 .UNSPECIFIED., .F., .F.,
 ( 4, 4 ),
 ( 11.00000000000000000, 12.00000000000000000 ),
 .UNSPECIFIED. ) ;
#815 = CARTESIAN_POINT ( 'NONE',  ( 0.5694270495013639100, 0.6905310077921418300, 0.9400000000000000600 ) ) ;
#816 = ORIENTED_EDGE ( 'NONE', *, *, #1749, .T. ) ;
#817 = CARTESIAN_POINT ( 'NONE',  ( 0.4896329814132432400, 0.6915213158045996300, 0.9300000000000000500 ) ) ;
#818 = EDGE_CURVE ( 'NONE', #1228, #8363, #6646, .T. ) ;
#819 = PRESENTATION_STYLE_ASSIGNMENT (( #10606 ) ) ;
#820 = FACE_OUTER_BOUND ( 'NONE', #431, .T. ) ;
#821 = CARTESIAN_POINT ( 'NONE',  ( 0.7819719066338751700, 0.7034545273520029800, 0.9300000000000000500 ) ) ;
#822 = CARTESIAN_POINT ( 'NONE',  ( 0.7384726271951779200, 0.8520997599932974600, 0.9400000000000000600 ) ) ;
#823 = EDGE_CURVE ( 'NONE', #5482, #9213, #254, .T. ) ;
#824 = EDGE_CURVE ( 'NONE', #6598, #391, #10839, .T. ) ;
#825 = CARTESIAN_POINT ( 'NONE',  ( 0.5495218584550677400, 0.6511662643045632600, 0.9400000000000000600 ) ) ;
#826 = ORIENTED_EDGE ( 'NONE', *, *, #8029, .T. ) ;
#827 = ORIENTED_EDGE ( 'NONE', *, *, #4213, .T. ) ;
#828 = CARTESIAN_POINT ( 'NONE',  ( 0.5547952486202794000, 0.7854520307678748400, 0.9300000000000000500 ) ) ;
#829 = PLANE ( 'NONE',  #8809 ) ;
#830 = EDGE_CURVE ( 'NONE', #63, #8200, #2427, .T. ) ;
#831 = EDGE_LOOP ( 'NONE', ( #7247, #476, #8028, #5199 ) ) ;
#832 = CARTESIAN_POINT ( 'NONE',  ( -0.6250000000000004400, -0.1249999999999979500, -0.02000000000000000000 ) ) ;
#833 = ORIENTED_EDGE ( 'NONE', *, *, #8302, .T. ) ;
#834 = DIRECTION ( 'NONE',  ( 0.0000000000000000000, 0.0000000000000000000, 1.000000000000000000 ) ) ;
#835 =( NAMED_UNIT ( * ) SI_UNIT ( $, .STERADIAN. ) SOLID_ANGLE_UNIT ( ) );
#836 = ADVANCED_FACE ( 'NONE', ( #8660 ), #204, .F. ) ;
#837 = CARTESIAN_POINT ( 'NONE',  ( 0.5000807309426171800, 0.8616067169107740600, 0.9400000000000000600 ) ) ;
#838 = ORIENTED_EDGE ( 'NONE', *, *, #4164, .T. ) ;
#839 = CARTESIAN_POINT ( 'NONE',  ( 0.4745802996267991000, 0.6490371020779830400, 0.9400000000000000600 ) ) ;
#840 = CARTESIAN_POINT ( 'NONE',  ( 0.2871140776165034800, 0.7946458904121934700, 0.9400000000000000600 ) ) ;
#841 = EDGE_LOOP ( 'NONE', ( #4790, #233, #1186, #1080, #1245, #5700 ) ) ;
#842 = CARTESIAN_POINT ( 'NONE',  ( 0.2141215666114700500, 0.7698559748191087200, 0.9400000000000000600 ) ) ;
#843 = FACE_OUTER_BOUND ( 'NONE', #6272, .T. ) ;
#844 = EDGE_CURVE ( 'NONE', #8484, #529, #8395, .T. ) ;
#845 =( GEOMETRIC_REPRESENTATION_CONTEXT ( 3 ) GLOBAL_UNCERTAINTY_ASSIGNED_CONTEXT ( ( #3158 ) ) GLOBAL_UNIT_ASSIGNED_CONTEXT ( ( #5720, #3188, #8294 ) ) REPRESENTATION_CONTEXT ( 'NONE', 'WORKASPACE' ) );
#846 = CARTESIAN_POINT ( 'NONE',  ( 0.5653420289508036500, 0.6383912909463753700, 0.9400000000000000600 ) ) ;
#847 = ORIENTED_EDGE ( 'NONE', *, *, #2150, .T. ) ;
#848 = CARTESIAN_POINT ( 'NONE',  ( 0.02544280034949358100, 0.7898256637061896700, 0.9300000000000000500 ) ) ;
#849 = EDGE_CURVE ( 'NONE', #6103, #5923, #7886, .T. ) ;
#850 = ORIENTED_EDGE ( 'NONE', *, *, #8380, .F. ) ;
#851 = LINE ( 'NONE', #9776, #4995 ) ;
#852 = EDGE_CURVE ( 'NONE', #3688, #10682, #4114, .T. ) ;
#853 = VERTEX_POINT ( 'NONE', #9668 ) ;
#854 = CARTESIAN_POINT ( 'NONE',  ( 0.5710115423211616900, 0.6540876729407230100, 0.9300000000000000500 ) ) ;
#855 = CARTESIAN_POINT ( 'NONE',  ( 0.4960947411931701000, 0.7727760882107978000, 0.9400000000000000600 ) ) ;
#856 = DIRECTION ( 'NONE',  ( -8.394732939219097700E-014, 1.000000000000000000, -0.0000000000000000000 ) ) ;
#857 = DIRECTION ( 'NONE',  ( 1.000000000000000000, 0.0000000000000000000, 0.0000000000000000000 ) ) ;
#858 = B_SPLINE_SURFACE_WITH_KNOTS ( 'NONE', 3, 1, ( 
 ( #3410, #5893 ),
 ( #10185, #5119 ),
 ( #156, #5967 ),
 ( #991, #6836 ) ),
 .UNSPECIFIED., .F., .F., .F.,
 ( 4, 4 ),
 ( 2, 2 ),
 ( 34.00000000000000000, 35.00000000000000000 ),
 ( 0.0000000000000000000, 1.000000000000000000 ),
 .UNSPECIFIED. ) ;
#859 =( LENGTH_UNIT ( ) NAMED_UNIT ( * ) SI_UNIT ( .MILLI., .METRE. ) );
#860 = ORIENTED_EDGE ( 'NONE', *, *, #3293, .T. ) ;
#861 = ORIENTED_EDGE ( 'NONE', *, *, #299, .F. ) ;
#862 = CARTESIAN_POINT ( 'NONE',  ( 0.5505121664671922500, 0.6915213158045996300, 0.9300000000000000500 ) ) ;
#863 = ORIENTED_EDGE ( 'NONE', *, *, #1395, .F. ) ;
#864 = CARTESIAN_POINT ( 'NONE',  ( 0.4424943200293258200, 0.6754783260056996800, 0.9400000000000000600 ) ) ;
#865 = VECTOR ( 'NONE', #6975, 1000.000000000000000 ) ;
#866 =( NAMED_UNIT ( * ) SI_UNIT ( $, .STERADIAN. ) SOLID_ANGLE_UNIT ( ) );
#867 = CARTESIAN_POINT ( 'NONE',  ( 0.8079427342556492200, 0.6962252788627831800, 0.9300000000000000500 ) ) ;
#868 = CARTESIAN_POINT ( 'NONE',  ( 0.5605637927917853600, 0.6290328802305755800, 0.9300000000000000500 ) ) ;
#869 = ORIENTED_EDGE ( 'NONE', *, *, #3993, .T. ) ;
#870 = UNCERTAINTY_MEASURE_WITH_UNIT (LENGTH_MEASURE( 1.000000000000000100E-005 ), #6600, 'distance_accuracy_value', 'NONE');
#871 = ORIENTED_EDGE ( 'NONE', *, *, #10653, .F. ) ;
#872 = ORIENTED_EDGE ( 'NONE', *, *, #5155, .T. ) ;
#873 = EDGE_LOOP ( 'NONE', ( #482, #8118, #4687, #3329 ) ) ;
#874 = CARTESIAN_POINT ( 'NONE',  ( -0.7990646368227771700, 0.7972593383840376200, 0.9100000000000000300 ) ) ;
#875 = ORIENTED_EDGE ( 'NONE', *, *, #1588, .T. ) ;
#876 = CIRCLE ( 'NONE', #10664, 0.09299432094351936500 ) ;
#878 = DIRECTION ( 'NONE',  ( 1.000000000000000000, 0.0000000000000000000, 0.0000000000000000000 ) ) ;
#877 = CARTESIAN_POINT ( 'NONE',  ( 0.5229073306253952900, 0.7784208438808782900, 0.9300000000000000500 ) ) ;
#879 = CARTESIAN_POINT ( 'NONE',  ( -0.1232966932103497500, 0.7595268444160593300, 0.9400000000000000600 ) ) ;
#880 = VECTOR ( 'NONE', #8851, 1000.000000000000000 ) ;
#881 = CARTESIAN_POINT ( 'NONE',  ( 0.1177163495195692300, 0.8559320615082910400, 0.9400000000000000600 ) ) ;
#882 = ORIENTED_EDGE ( 'NONE', *, *, #2547, .T. ) ;
#883 = PLANE ( 'NONE',  #8667 ) ;
#884 = ORIENTED_EDGE ( 'NONE', *, *, #7613, .T. ) ;
#885 = STYLED_ITEM ( 'NONE', ( #1113 ), #2786 ) ;
#887 = EDGE_LOOP ( 'NONE', ( #8192, #6137, #10535, #4066 ) ) ;
#886 = PLANE ( 'NONE',  #2945 ) ;
#888 = LINE ( 'NONE', #4110, #7320 ) ;
#889 = B_SPLINE_CURVE_WITH_KNOTS ( 'NONE', 3,
 ( #1986, #2122, #2060, #4294 ),
 .UNSPECIFIED., .F., .F.,
 ( 4, 4 ),
 ( 17.00000000000000000, 18.00000000000000000 ),
 .UNSPECIFIED. ) ;
#890 = FACE_OUTER_BOUND ( 'NONE', #9079, .T. ) ;
#891 = DIRECTION ( 'NONE',  ( -1.000000000000000000, 0.0000000000000000000, 0.0000000000000000000 ) ) ;
#892 = CARTESIAN_POINT ( 'NONE',  ( 0.4713617985869710800, 0.6402728761695148900, 0.9400000000000000600 ) ) ;
#893 = ORIENTED_EDGE ( 'NONE', *, *, #4855, .T. ) ;
#894 = EDGE_CURVE ( 'NONE', #7857, #10477, #1393, .T. ) ;
#895 = ADVANCED_FACE ( 'NONE', ( #10353 ), #8586, .T. ) ;
#896 = ORIENTED_EDGE ( 'NONE', *, *, #4868, .F. ) ;
#897 =( NAMED_UNIT ( * ) PLANE_ANGLE_UNIT ( ) SI_UNIT ( $, .RADIAN. ) );
#898 = CARTESIAN_POINT ( 'NONE',  ( 0.7134673498856181100, 0.7064749667899301600, 0.9300000000000000500 ) ) ;
#899 = B_SPLINE_SURFACE_WITH_KNOTS ( 'NONE', 3, 1, ( 
 ( #8859, #9698 ),
 ( #10520, #5493 ),
 ( #506, #6315 ),
 ( #1354, #7211 ) ),
 .UNSPECIFIED., .F., .F., .F.,
 ( 4, 4 ),
 ( 2, 2 ),
 ( 2.000000000000000000, 3.000000000000000000 ),
 ( 0.0000000000000000000, 1.000000000000000000 ),
 .UNSPECIFIED. ) ;
#900 = ORIENTED_EDGE ( 'NONE', *, *, #6155, .T. ) ;
#901 = CARTESIAN_POINT ( 'NONE',  ( 0.5439018604852625700, 0.6290328802305755800, 0.9400000000000000600 ) ) ;
#902 = FACE_BOUND ( 'NONE', #3555, .T. ) ;
#903 = DIRECTION ( 'NONE',  ( 0.9409537876760572000, -0.3385350343141483300, 0.0000000000000000000 ) ) ;
#904 = VECTOR ( 'NONE', #1847, 1000.000000000000000 ) ;
#905 = CARTESIAN_POINT ( 'NONE',  ( 0.2086127023169374000, 0.8180585833648904600, 0.9400000000000000600 ) ) ;
#906 = EDGE_CURVE ( 'NONE', #6762, #8374, #3839, .T. ) ;
#907 = SURFACE_SIDE_STYLE ('',( #1294 ) ) ;
#908 = ORIENTED_EDGE ( 'NONE', *, *, #894, .F. ) ;
#909 = CARTESIAN_POINT ( 'NONE',  ( 0.7890526089214275900, 0.6973641330769089200, 0.9400000000000000600 ) ) ;
#910 =( NAMED_UNIT ( * ) SI_UNIT ( $, .STERADIAN. ) SOLID_ANGLE_UNIT ( ) );
#911 = ORIENTED_EDGE ( 'NONE', *, *, #216, .F. ) ;
#912 = SURFACE_STYLE_USAGE ( .BOTH. , #1216 ) ;
#913 = SURFACE_STYLE_USAGE ( .BOTH. , #8896 ) ;
#914 = VECTOR ( 'NONE', #3461, 1000.000000000000000 ) ;
#915 = VECTOR ( 'NONE', #10332, 1000.000000000000000 ) ;
#916 = EDGE_CURVE ( 'NONE', #8584, #5606, #8296, .T. ) ;
#917 = LINE ( 'NONE', #5858, #643 ) ;
#918 = PLANE ( 'NONE',  #10096 ) ;
#919 = EDGE_CURVE ( 'NONE', #1244, #5130, #5287, .T. ) ;
#920 =( NAMED_UNIT ( * ) PLANE_ANGLE_UNIT ( ) SI_UNIT ( $, .RADIAN. ) );
#921 = VERTEX_POINT ( 'NONE', #7837 ) ;
#922 = ORIENTED_EDGE ( 'NONE', *, *, #3031, .F. ) ;
#923 = FILL_AREA_STYLE ('',( #1631 ) ) ;
#924 = VERTEX_POINT ( 'NONE', #5879 ) ;
#925 = VERTEX_POINT ( 'NONE', #974 ) ;
#926 = LINE ( 'NONE', #4536, #5623 ) ;
#927 = SURFACE_SIDE_STYLE ('',( #4468 ) ) ;
#928 = ORIENTED_EDGE ( 'NONE', *, *, #1135, .T. ) ;
#929 = CARTESIAN_POINT ( 'NONE',  ( 0.4503920264270551700, 0.8366014396011827200, 0.9400000000000000600 ) ) ;
#930 = EDGE_LOOP ( 'NONE', ( #10825, #8352, #1930, #3452 ) ) ;
#931 = DIRECTION ( 'NONE',  ( 0.0000000000000000000, 0.0000000000000000000, -1.000000000000000000 ) ) ;
#932 = CARTESIAN_POINT ( 'NONE',  ( 0.4464307943782164800, 0.7854520307678748400, 0.9400000000000000600 ) ) ;
#933 = CARTESIAN_POINT ( 'NONE',  ( 0.8079427342556492200, 0.6433923464085591300, 0.9400000000000000600 ) ) ;
#934 = ORIENTED_EDGE ( 'NONE', *, *, #3165, .T. ) ;
#935 = ORIENTED_EDGE ( 'NONE', *, *, #9471, .F. ) ;
#936 = FACE_OUTER_BOUND ( 'NONE', #3984, .T. ) ;
#937 = COLOUR_RGB ( '',0.2980392156862745100, 0.2980392156862745100, 0.2980392156862745100 ) ;
#938 = CARTESIAN_POINT ( 'NONE',  ( -0.6249999999999978900, 0.6250000000000021100, -0.02000000000000000000 ) ) ;
#939 = B_SPLINE_SURFACE_WITH_KNOTS ( 'NONE', 3, 1, ( 
 ( #4670, #5531 ),
 ( #1380, #7250 ),
 ( #2194, #8111 ),
 ( #3002, #8925 ) ),
 .UNSPECIFIED., .F., .F., .F.,
 ( 4, 4 ),
 ( 2, 2 ),
 ( 11.00000000000000000, 12.00000000000000000 ),
 ( 0.0000000000000000000, 1.000000000000000000 ),
 .UNSPECIFIED. ) ;
#940 = PRESENTATION_LAYER_ASSIGNMENT (  '', '', ( #10133 ) ) ;
#941 = VERTEX_POINT ( 'NONE', #8332 ) ;
#942 = CARTESIAN_POINT ( 'NONE',  ( 0.6749443682087967700, 0.8022377515757851400, 0.9400000000000000600 ) ) ;
#943 = VECTOR ( 'NONE', #4234, 1000.000000000000000 ) ;
#944 = FACE_OUTER_BOUND ( 'NONE', #3742, .T. ) ;
#945 = CARTESIAN_POINT ( 'NONE',  ( 0.03439470811148989000, 0.8703928434151132500, 0.9300000000000000500 ) ) ;
#946 = CARTESIAN_POINT ( 'NONE',  ( 0.1872658433254813200, 0.6204279093409176300, 0.9400000000000000600 ) ) ;
#947 = DIRECTION ( 'NONE',  ( -0.0000000000000000000, -0.0000000000000000000, -1.000000000000000000 ) ) ;
#948 =( LENGTH_UNIT ( ) NAMED_UNIT ( * ) SI_UNIT ( .MILLI., .METRE. ) );
#949 = DIRECTION ( 'NONE',  ( 0.0000000000000000000, 0.0000000000000000000, 1.000000000000000000 ) ) ;
#950 = ADVANCED_FACE ( 'NONE', ( #5844 ), #8630, .F. ) ;
#951 = VERTEX_POINT ( 'NONE', #8413 ) ;
#952 = CARTESIAN_POINT ( 'NONE',  ( 0.4806459362019426300, 0.6525031801209211200, 0.9300000000000000500 ) ) ;
#953 = ORIENTED_EDGE ( 'NONE', *, *, #7608, .F. ) ;
#955 = DIRECTION ( 'NONE',  ( 0.0000000000000000000, 0.0000000000000000000, 1.000000000000000000 ) ) ;
#954 = DIRECTION ( 'NONE',  ( -0.0000000000000000000, -0.0000000000000000000, -1.000000000000000000 ) ) ;
#956 = VECTOR ( 'NONE', #5342, 1000.000000000000000 ) ;
#957 = LINE ( 'NONE', #10488, #1479 ) ;
#958 = CARTESIAN_POINT ( 'NONE',  ( 0.1672961807064031200, 0.8559320615082910400, 0.9400000000000000600 ) ) ;
#959 = ORIENTED_EDGE ( 'NONE', *, *, #4425, .F. ) ;
#960 = CARTESIAN_POINT ( 'NONE',  ( 0.6031717950194684900, 0.6017994098932834000, 0.9400000000000000600 ) ) ;
#961 = CARTESIAN_POINT ( 'NONE',  ( 0.8128200012164387100, 0.6554245887570808700, 0.9400000000000000600 ) ) ;
#962 = ORIENTED_EDGE ( 'NONE', *, *, #2265, .F. ) ;
#963 = FILL_AREA_STYLE_COLOUR ( '', #6141 ) ;
#964 = UNCERTAINTY_MEASURE_WITH_UNIT (LENGTH_MEASURE( 1.000000000000000100E-005 ), #1735, 'distance_accuracy_value', 'NONE');
#965 = FACE_OUTER_BOUND ( 'NONE', #8452, .T. ) ;
#966 = LINE ( 'NONE', #3615, #691 ) ;
#967 = B_SPLINE_CURVE_WITH_KNOTS ( 'NONE', 3,
 ( #10227, #9795, #9854, #10069 ),
 .UNSPECIFIED., .F., .F.,
 ( 4, 4 ),
 ( 3.000000000000000000, 4.000000000000000000 ),
 .UNSPECIFIED. ) ;
#968 = DIRECTION ( 'NONE',  ( -0.0000000000000000000, -0.0000000000000000000, -1.000000000000000000 ) ) ;
#969 = DIRECTION ( 'NONE',  ( 1.000000000000000000, -0.0000000000000000000, -0.0000000000000000000 ) ) ;
#970 = CARTESIAN_POINT ( 'NONE',  ( 0.1886430396978598700, 0.6631216273244853200, 0.9400000000000000600 ) ) ;
#971 = CARTESIAN_POINT ( 'NONE',  ( 0.5841083657832982800, 0.6899368229848047400, 0.9400000000000000600 ) ) ;
#972 = AXIS2_PLACEMENT_3D ( 'NONE', #6424, #6301, #698 ) ;
#973 = CARTESIAN_POINT ( 'NONE',  ( 0.7615963192816301900, 0.7176159319277641800, 0.9300000000000000500 ) ) ;
#974 = CARTESIAN_POINT ( 'NONE',  ( 0.7107192451514131600, 0.6754783260056996800, 0.9300000000000000500 ) ) ;
#975 = ORIENTED_EDGE ( 'NONE', *, *, #5600, .T. ) ;
#976 = EDGE_CURVE ( 'NONE', #9596, #1779, #1433, .T. ) ;
#977 = EDGE_CURVE ( 'NONE', #7412, #3005, #8903, .T. ) ;
#978 = DIRECTION ( 'NONE',  ( -0.0000000000000000000, 1.000000000000000000, -0.0000000000000000000 ) ) ;
#979 = PLANE ( 'NONE',  #3025 ) ;
#980 = DIRECTION ( 'NONE',  ( 0.0000000000000000000, 0.0000000000000000000, 1.000000000000000000 ) ) ;
#981 = EDGE_CURVE ( 'NONE', #10378, #1638, #8136, .T. ) ;
#982 = SURFACE_STYLE_USAGE ( .BOTH. , #5958 ) ;
#983 = ORIENTED_EDGE ( 'NONE', *, *, #3612, .F. ) ;
#984 = CARTESIAN_POINT ( 'NONE',  ( 0.4772046158592828100, 0.6301222190441387900, 0.9300000000000000500 ) ) ;
#985 =( NAMED_UNIT ( * ) SI_UNIT ( $, .STERADIAN. ) SOLID_ANGLE_UNIT ( ) );
#986 = ADVANCED_FACE ( 'NONE', ( #7890 ), #1880, .F. ) ;
#987 = VECTOR ( 'NONE', #7020, 1000.000000000000000 ) ;
#988 = DIRECTION ( 'NONE',  ( 0.0000000000000000000, 0.0000000000000000000, -1.000000000000000000 ) ) ;
#989 = EDGE_CURVE ( 'NONE', #9140, #5409, #8273, .T. ) ;
#990 = CARTESIAN_POINT ( 'NONE',  ( 0.6915320274138230200, 0.8090708768605522300, 0.9400000000000000600 ) ) ;
#991 = CARTESIAN_POINT ( 'NONE',  ( 0.3160356479979080600, 0.7168331264331474500, 0.9400000000000000600 ) ) ;
#992 = EDGE_CURVE ( 'NONE', #9259, #1783, #7057, .T. ) ;
#993 = VERTEX_POINT ( 'NONE', #326 ) ;
#994 = AXIS2_PLACEMENT_3D ( 'NONE', #10197, #8160, #2170 ) ;
#995 = FILL_AREA_STYLE ('',( #1036 ) ) ;
#996 = EDGE_LOOP ( 'NONE', ( #6467, #9231, #3813, #4156 ) ) ;
#997 = VECTOR ( 'NONE', #1013, 1000.000000000000000 ) ;
#998 = EDGE_CURVE ( 'NONE', #9722, #2797, #6779, .T. ) ;
#999 = ADVANCED_FACE ( 'NONE', ( #9015 ), #10330, .F. ) ;
#1000 = VECTOR ( 'NONE', #4758, 1000.000000000000000 ) ;
#1001 = CARTESIAN_POINT ( 'NONE',  ( 0.7762776355632417000, 0.7176159319277641800, 0.9300000000000000500 ) ) ;
#1002 = FILL_AREA_STYLE ('',( #3049 ) ) ;
#1003 = CARTESIAN_POINT ( 'NONE',  ( 0.05229852363548511500, 0.6286911926485471100, 0.9300000000000000500 ) ) ;
#1004 = ORIENTED_EDGE ( 'NONE', *, *, #4975, .F. ) ;
#1005 = ORIENTED_EDGE ( 'NONE', *, *, #10167, .F. ) ;
#1006 = CARTESIAN_POINT ( 'NONE',  ( 0.03852634976530600700, 0.8283877137679336300, 0.9400000000000000600 ) ) ;
#1007 = CARTESIAN_POINT ( 'NONE',  ( 0.3070837402359121700, 0.6693191160733893400, 0.9300000000000000500 ) ) ;
#1008 = CARTESIAN_POINT ( 'NONE',  ( 0.5436542834821478400, 0.6751317182011412600, 0.9300000000000000500 ) ) ;
#1009 = ORIENTED_EDGE ( 'NONE', *, *, #154, .T. ) ;
#1010 = DIRECTION ( 'NONE',  ( 1.000000000000000000, -0.0000000000000000000, -0.0000000000000000000 ) ) ;
#1011 = ORIENTED_EDGE ( 'NONE', *, *, #1148, .T. ) ;
#1012 = LINE ( 'NONE', #9522, #7983 ) ;
#1013 = DIRECTION ( 'NONE',  ( -0.0000000000000000000, 1.000000000000000000, -0.0000000000000000000 ) ) ;
#1014 = EDGE_LOOP ( 'NONE', ( #2683, #6905, #5955, #8194 ) ) ;
#1015 = VERTEX_POINT ( 'NONE', #10289 ) ;
#1016 = CARTESIAN_POINT ( 'NONE',  ( 0.2492405994734337400, 0.7698559748191087200, 0.9300000000000000500 ) ) ;
#1017 = VERTEX_POINT ( 'NONE', #4369 ) ;
#1018 = EDGE_LOOP ( 'NONE', ( #7905, #5807, #2159, #10820 ) ) ;
#1019 = DIRECTION ( 'NONE',  ( 1.000000000000000000, 0.0000000000000000000, 0.0000000000000000000 ) ) ;
#1020 = VECTOR ( 'NONE', #6015, 1000.000000000000000 ) ;
#1021 = ADVANCED_FACE ( 'NONE', ( #5971 ), #4454, .F. ) ;
#1022 = FILL_AREA_STYLE ('',( #1841 ) ) ;
#1023 = FACE_OUTER_BOUND ( 'NONE', #4093, .T. ) ;
#1024 = VECTOR ( 'NONE', #3488, 1000.000000000000000 ) ;
#1025 = CARTESIAN_POINT ( 'NONE',  ( 0.4658160737180047600, 0.6732996483785580500, 0.9400000000000000600 ) ) ;
#1026 = CARTESIAN_POINT ( 'NONE',  ( 0.5744776203641002200, 0.6884513609661171400, 0.9300000000000000500 ) ) ;
#1027 = VERTEX_POINT ( 'NONE', #7829 ) ;
#1028 = UNCERTAINTY_MEASURE_WITH_UNIT (LENGTH_MEASURE( 1.000000000000000100E-005 ), #4472, 'distance_accuracy_value', 'NONE');
#1030 = FILL_AREA_STYLE_COLOUR ( '', #6538 ) ;
#1029 = DIRECTION ( 'NONE',  ( 1.000000000000000000, -1.047444401652940000E-014, -0.0000000000000000000 ) ) ;
#1031 = ORIENTED_EDGE ( 'NONE', *, *, #8081, .F. ) ;
#1032 = CARTESIAN_POINT ( 'NONE',  ( -0.6249999999999978900, 0.6250000000000021100, 0.0000000000000000000 ) ) ;
#1033 = CARTESIAN_POINT ( 'NONE',  ( 0.3153470498115536500, 0.7581496217756709100, 0.9400000000000000600 ) ) ;
#1034 = CARTESIAN_POINT ( 'NONE',  ( 0.07777706368359811600, 0.6899774031471595000, 0.9300000000000000500 ) ) ;
#1035 = VECTOR ( 'NONE', #9841, 1000.000000000000000 ) ;
#1036 = FILL_AREA_STYLE_COLOUR ( '', #7039 ) ;
#1037 = CARTESIAN_POINT ( 'NONE',  ( 0.7603584342663902700, 0.8009008357594334900, 0.9300000000000000500 ) ) ;
#1038 = SURFACE_STYLE_FILL_AREA ( #704 ) ;
#1039 = CARTESIAN_POINT ( 'NONE',  ( 0.6050533802426096800, 0.5881826747243045200, 0.9400000000000000600 ) ) ;
#1040 = ORIENTED_EDGE ( 'NONE', *, *, #2485, .F. ) ;
#1041 = DIRECTION ( 'NONE',  ( 0.0000000000000000000, -1.000000000000000000, 0.0000000000000000000 ) ) ;
#1042 = B_SPLINE_CURVE_WITH_KNOTS ( 'NONE', 3,
 ( #3097, #6383, #4747, #1406 ),
 .UNSPECIFIED., .F., .F.,
 ( 4, 4 ),
 ( 5.000000000000000000, 6.000000000000000000 ),
 .UNSPECIFIED. ) ;
#1043 = FACE_OUTER_BOUND ( 'NONE', #5175, .T. ) ;
#1044 = COLOUR_RGB ( '',0.6666666666666666300, 0.6666666666666666300, 0.6666666666666666300 ) ;
#1045 = PLANE ( 'NONE',  #2373 ) ;
#1046 = PLANE ( 'NONE',  #1976 ) ;
#1047 = SURFACE_STYLE_FILL_AREA ( #695 ) ;
#1048 = FACE_OUTER_BOUND ( 'NONE', #575, .T. ) ;
#1049 = EDGE_CURVE ( 'NONE', #7494, #9142, #1553, .T. ) ;
#1050 = EDGE_CURVE ( 'NONE', #1956, #2036, #10211, .T. ) ;
#1051 = CARTESIAN_POINT ( 'NONE',  ( 0.4452424247632018100, 0.7064749667899272700, 0.9300000000000000500 ) ) ;
#1052 = B_SPLINE_SURFACE_WITH_KNOTS ( 'NONE', 3, 1, ( 
 ( #3496, #10258 ),
 ( #5201, #223 ),
 ( #6033, #1074 ),
 ( #6909, #2030 ) ),
 .UNSPECIFIED., .F., .F., .F.,
 ( 4, 4 ),
 ( 2, 2 ),
 ( 5.000000000000000000, 6.000000000000000000 ),
 ( 0.0000000000000000000, 1.000000000000000000 ),
 .UNSPECIFIED. ) ;
#1053 = EDGE_CURVE ( 'NONE', #5867, #4806, #8003, .T. ) ;
#1054 = DIRECTION ( 'NONE',  ( 0.0000000000000000000, -0.0000000000000000000, -1.000000000000000000 ) ) ;
#1055 = EDGE_LOOP ( 'NONE', ( #538, #10566, #5656, #6090 ) ) ;
#1056 = MECHANICAL_DESIGN_GEOMETRIC_PRESENTATION_REPRESENTATION (  '', ( #9675 ), #1594 ) ;
#1057 = ORIENTED_EDGE ( 'NONE', *, *, #555, .T. ) ;
#1058 = LINE ( 'NONE', #3611, #7767 ) ;
#1059 = VECTOR ( 'NONE', #553, 1000.000000000000000 ) ;
#1060 = ADVANCED_FACE ( 'NONE', ( #3462 ), #9554, .F. ) ;
#1061 = DIRECTION ( 'NONE',  ( -1.090812488552360200E-014, -1.000000000000000000, 0.0000000000000000000 ) ) ;
#1062 = EDGE_CURVE ( 'NONE', #7602, #5570, #5454, .T. ) ;
#1063 = CARTESIAN_POINT ( 'NONE',  ( 0.5894312713490678100, 0.8291246141085187900, 0.9300000000000000500 ) ) ;
#1064 = CARTESIAN_POINT ( 'NONE',  ( 0.8749999999999958900, -0.3750000000000091000, 0.0000000000000000000 ) ) ;
#1065 = CARTESIAN_POINT ( 'NONE',  ( 0.4628203919810128200, 0.7859967001746557300, 0.9400000000000000600 ) ) ;
#1066 = EDGE_LOOP ( 'NONE', ( #7567, #3305, #10462, #9166 ) ) ;
#1067 = EDGE_CURVE ( 'NONE', #5933, #6699, #7502, .T. ) ;
#1068 = AXIS2_PLACEMENT_3D ( 'NONE', #6956, #256, #5237 ) ;
#1069 = CARTESIAN_POINT ( 'NONE',  ( 0.5310773717265184800, 0.6231900629582662900, 0.9300000000000000500 ) ) ;
#1070 = ORIENTED_EDGE ( 'NONE', *, *, #1388, .T. ) ;
#1071 = VECTOR ( 'NONE', #5297, 1000.000000000000000 ) ;
#1072 = SURFACE_STYLE_FILL_AREA ( #9390 ) ;
#1073 = EDGE_CURVE ( 'NONE', #1127, #405, #9931, .T. ) ;
#1074 = CARTESIAN_POINT ( 'NONE',  ( -0.06958519410169028400, 0.8297649298419030900, 0.9300000000000000500 ) ) ;
#1075 = CARTESIAN_POINT ( 'NONE',  ( 0.5364250349926026300, 0.6205162313248981900, 0.9300000000000000500 ) ) ;
#1076 = CARTESIAN_POINT ( 'NONE',  ( 0.1249999999999998900, 0.6250000000000000000, 0.0000000000000000000 ) ) ;
#1077 = VERTEX_POINT ( 'NONE', #6187 ) ;
#1078 = CARTESIAN_POINT ( 'NONE',  ( 0.7239893725158002000, 0.8118437392950346200, 0.9400000000000000600 ) ) ;
#1079 = CARTESIAN_POINT ( 'NONE',  ( 0.8750000000000040000, 0.3749999999999909000, 0.0000000000000000000 ) ) ;
#1080 = ORIENTED_EDGE ( 'NONE', *, *, #4649, .F. ) ;
#1081 = VECTOR ( 'NONE', #6604, 1000.000000000000000 ) ;
#1082 = LINE ( 'NONE', #3402, #7511 ) ;
#1083 = DIRECTION ( 'NONE',  ( 0.3493954794973055400, -0.9369753459439835700, -0.0000000000000000000 ) ) ;
#1084 = CARTESIAN_POINT ( 'NONE',  ( 0.4452424247632018100, 0.7176159319277641800, 0.9400000000000000600 ) ) ;
#1085 = ADVANCED_FACE ( 'NONE', ( #9676 ), #459, .F. ) ;
#1086 = SURFACE_SIDE_STYLE ('',( #8998 ) ) ;
#1087 = UNCERTAINTY_MEASURE_WITH_UNIT (LENGTH_MEASURE( 1.000000000000000100E-005 ), #64, 'distance_accuracy_value', 'NONE');
#1088 = CARTESIAN_POINT ( 'NONE',  ( 0.5634604437276604600, 0.6816677510825681600, 0.9300000000000000500 ) ) ;
#1089 = CARTESIAN_POINT ( 'NONE',  ( 0.7464693643943523000, 0.6318057426650612900, 0.9400000000000000600 ) ) ;
#1090 = VERTEX_POINT ( 'NONE', #5456 ) ;
#1091 = CARTESIAN_POINT ( 'NONE',  ( 0.7982129580350048000, 0.7047914431690173200, 0.9300000000000000500 ) ) ;
#1092 = B_SPLINE_SURFACE_WITH_KNOTS ( 'NONE', 3, 1, ( 
 ( #9220, #7418 ),
 ( #9199, #9381 ),
 ( #9151, #4088 ),
 ( #4013, #4002 ) ),
 .UNSPECIFIED., .F., .F., .F.,
 ( 4, 4 ),
 ( 2, 2 ),
 ( 2.000000000000000000, 3.000000000000000000 ),
 ( 0.0000000000000000000, 1.000000000000000000 ),
 .UNSPECIFIED. ) ;
#1093 = LINE ( 'NONE', #270, #1590 ) ;
#1094 = FACE_OUTER_BOUND ( 'NONE', #8802, .T. ) ;
#1095 = PLANE ( 'NONE',  #6801 ) ;
#1096 = ORIENTED_EDGE ( 'NONE', *, *, #1111, .F. ) ;
#1097 = CARTESIAN_POINT ( 'NONE',  ( 0.3953556586454114500, 0.7744100964311524400, 0.9300000000000000500 ) ) ;
#1098 = VERTEX_POINT ( 'NONE', #10641 ) ;
#1099 = VERTEX_POINT ( 'NONE', #4737 ) ;
#1100 =( NAMED_UNIT ( * ) PLANE_ANGLE_UNIT ( ) SI_UNIT ( $, .RADIAN. ) );
#1101 = ORIENTED_EDGE ( 'NONE', *, *, #7900, .T. ) ;
#1102 = CARTESIAN_POINT ( 'NONE',  ( 0.7962323420107516600, 0.6485914634729695900, 0.9400000000000000600 ) ) ;
#1103 = LINE ( 'NONE', #8766, #5254 ) ;
#1104 = LINE ( 'NONE', #8041, #5255 ) ;
#1105 = ORIENTED_EDGE ( 'NONE', *, *, #1524, .F. ) ;
#1106 =( NAMED_UNIT ( * ) PLANE_ANGLE_UNIT ( ) SI_UNIT ( $, .RADIAN. ) );
#1107 = AXIS2_PLACEMENT_3D ( 'NONE', #9433, #7499, #4347 ) ;
#1108 = CARTESIAN_POINT ( 'NONE',  ( 0.8079427342556492200, 0.6962252788627831800, 0.9400000000000000600 ) ) ;
#1109 = ORIENTED_EDGE ( 'NONE', *, *, #10567, .F. ) ;
#1110 = DIRECTION ( 'NONE',  ( -1.000000000000000000, 3.491481338843133400E-015, -0.0000000000000000000 ) ) ;
#1111 = EDGE_CURVE ( 'NONE', #4919, #9192, #2418, .T. ) ;
#1112 = VERTEX_POINT ( 'NONE', #1467 ) ;
#1113 = PRESENTATION_STYLE_ASSIGNMENT (( #4600 ) ) ;
#1114 = CARTESIAN_POINT ( 'NONE',  ( 0.6680369698231981600, 0.7955531724926939700, 0.9300000000000000500 ) ) ;
#1115 = EDGE_CURVE ( 'NONE', #1889, #4513, #2176, .T. ) ;
#1116 = CARTESIAN_POINT ( 'NONE',  ( 0.8915247304913177500, 0.6207638083283396600, 0.9400000000000000600 ) ) ;
#1117 = CARTESIAN_POINT ( 'NONE',  ( 0.6249999999999986700, -0.1250000000000064100, -0.02000000000000000000 ) ) ;
#1118 = ORIENTED_EDGE ( 'NONE', *, *, #3223, .F. ) ;
#1119 = B_SPLINE_CURVE_WITH_KNOTS ( 'NONE', 3,
 ( #7390, #3638, #7212, #9687 ),
 .UNSPECIFIED., .F., .F.,
 ( 4, 4 ),
 ( 4.000000000000000000, 5.000000000000000000 ),
 .UNSPECIFIED. ) ;
#1120 = SURFACE_STYLE_USAGE ( .BOTH. , #1086 ) ;
#1121 = CARTESIAN_POINT ( 'NONE',  ( 0.05229852363548511500, 0.6583013612159794900, 0.9300000000000000500 ) ) ;
#1122 = CARTESIAN_POINT ( 'NONE',  ( 0.5092163223555850000, 0.8728962282509370500, 0.9300000000000000500 ) ) ;
#1123 = EDGE_CURVE ( 'NONE', #7721, #924, #8886, .T. ) ;
#1124 = EDGE_CURVE ( 'NONE', #208, #3688, #8646, .T. ) ;
#1125 = MECHANICAL_DESIGN_GEOMETRIC_PRESENTATION_REPRESENTATION (  '', ( #9750 ), #1662 ) ;
#1126 = ORIENTED_EDGE ( 'NONE', *, *, #10722, .T. ) ;
#1127 = VERTEX_POINT ( 'NONE', #6477 ) ;
#1128 = CARTESIAN_POINT ( 'NONE',  ( 0.05229852363548511500, 0.6286911926485471100, 0.9400000000000000600 ) ) ;
#1129 = VECTOR ( 'NONE', #8583, 1000.000000000000000 ) ;
#1130 = ORIENTED_EDGE ( 'NONE', *, *, #8717, .T. ) ;
#1131 = EDGE_CURVE ( 'NONE', #5238, #9407, #10576, .T. ) ;
#1132 = CARTESIAN_POINT ( 'NONE',  ( 0.4078582973002071200, 0.7854520307678748400, 0.9400000000000000600 ) ) ;
#1134 = CARTESIAN_POINT ( 'NONE',  ( 0.5653420289508036500, 0.6383912909463753700, 0.9300000000000000500 ) ) ;
#1133 = PRESENTATION_STYLE_ASSIGNMENT (( #6371 ) ) ;
#1135 = EDGE_CURVE ( 'NONE', #7120, #10236, #1927, .T. ) ;
#1136 = CARTESIAN_POINT ( 'NONE',  ( 0.7107192451514131600, 0.6754783260056996800, 0.9300000000000000500 ) ) ;
#1137 = ADVANCED_FACE ( 'NONE', ( #4383 ), #4814, .F. ) ;
#1138 = CARTESIAN_POINT ( 'NONE',  ( 0.02544278721532577900, 0.6162962151507489500, 0.9400000000000000600 ) ) ;
#1139 = ORIENTED_EDGE ( 'NONE', *, *, #3919, .T. ) ;
#1140 =( LENGTH_UNIT ( ) NAMED_UNIT ( * ) SI_UNIT ( .MILLI., .METRE. ) );
#1141 = ORIENTED_EDGE ( 'NONE', *, *, #7608, .T. ) ;
#1142 = SURFACE_STYLE_FILL_AREA ( #4091 ) ;
#1143 = CARTESIAN_POINT ( 'NONE',  ( 0.6915320274138230200, 0.8240740432464388500, 0.9400000000000000600 ) ) ;
#1144 = EDGE_LOOP ( 'NONE', ( #9782, #9013, #3297, #3162 ) ) ;
#1145 = DIRECTION ( 'NONE',  ( -0.0000000000000000000, -0.0000000000000000000, -1.000000000000000000 ) ) ;
#1146 = VECTOR ( 'NONE', #9393, 1000.000000000000000 ) ;
#1147 = CARTESIAN_POINT ( 'NONE',  ( 0.6606839328312630300, 0.8571008154554812200, 0.9300000000000000500 ) ) ;
#1148 = EDGE_CURVE ( 'NONE', #4589, #3644, #9112, .T. ) ;
#1149 =( GEOMETRIC_REPRESENTATION_CONTEXT ( 3 ) GLOBAL_UNCERTAINTY_ASSIGNED_CONTEXT ( ( #3978 ) ) GLOBAL_UNIT_ASSIGNED_CONTEXT ( ( #5613, #5055, #5475 ) ) REPRESENTATION_CONTEXT ( 'NONE', 'WORKASPACE' ) );
#1150 = CARTESIAN_POINT ( 'NONE',  ( 0.3953556586454127200, 0.6207638083283396600, 0.9400000000000000600 ) ) ;
#1151 = ORIENTED_EDGE ( 'NONE', *, *, #2547, .F. ) ;
#1152 = ORIENTED_EDGE ( 'NONE', *, *, #629, .F. ) ;
#1153 = CARTESIAN_POINT ( 'NONE',  ( 0.2141215666114700500, 0.7698559748191087200, 0.9300000000000000500 ) ) ;
#1154 = SURFACE_SIDE_STYLE ('',( #1263 ) ) ;
#1155 = ORIENTED_EDGE ( 'NONE', *, *, #3724, .F. ) ;
#1156 = ORIENTED_EDGE ( 'NONE', *, *, #5734, .F. ) ;
#1157 = CARTESIAN_POINT ( 'NONE',  ( 0.7200281404666326600, 0.8009008357594299400, 0.9400000000000000600 ) ) ;
#1158 = VECTOR ( 'NONE', #10513, 1000.000000000000000 ) ;
#1159 = DIRECTION ( 'NONE',  ( -0.0000000000000000000, -0.0000000000000000000, -1.000000000000000000 ) ) ;
#1160 = FACE_OUTER_BOUND ( 'NONE', #2926, .T. ) ;
#1161 = AXIS2_PLACEMENT_3D ( 'NONE', #4220, #4255, #10184 ) ;
#1162 = DIRECTION ( 'NONE',  ( -1.000000000000000000, 0.0000000000000000000, -0.0000000000000000000 ) ) ;
#1163 = SURFACE_STYLE_USAGE ( .BOTH. , #6138 ) ;
#1164 = ORIENTED_EDGE ( 'NONE', *, *, #5655, .T. ) ;
#1165 = VERTEX_POINT ( 'NONE', #4844 ) ;
#1166 = CARTESIAN_POINT ( 'NONE',  ( -0.8749999999999998900, -0.8749999999999998900, -0.02000000000000000000 ) ) ;
#1167 = ORIENTED_EDGE ( 'NONE', *, *, #3449, .F. ) ;
#1168 = VECTOR ( 'NONE', #2512, 1000.000000000000000 ) ;
#1169 = LINE ( 'NONE', #2934, #3199 ) ;
#1170 = CARTESIAN_POINT ( 'NONE',  ( 0.5737348893547593600, 0.6510177181028996600, 0.9400000000000000600 ) ) ;
#1171 = FACE_OUTER_BOUND ( 'NONE', #231, .T. ) ;
#1172 = ADVANCED_FACE ( 'NONE', ( #890 ), #10745, .F. ) ;
#1173 = ORIENTED_EDGE ( 'NONE', *, *, #10585, .F. ) ;
#1174 = CARTESIAN_POINT ( 'NONE',  ( 0.6635805837678008200, 0.6207638083283396600, 0.9400000000000000600 ) ) ;
#1175 = ORIENTED_EDGE ( 'NONE', *, *, #8842, .T. ) ;
#1176 = FILL_AREA_STYLE ('',( #10299 ) ) ;
#1177 = VECTOR ( 'NONE', #3759, 1000.000000000000000 ) ;
#1178 = PRESENTATION_STYLE_ASSIGNMENT (( #2530 ) ) ;
#1179 = LINE ( 'NONE', #6870, #7335 ) ;
#1180 = CARTESIAN_POINT ( 'NONE',  ( 0.5083745605451294200, 0.8616067169107740600, 0.9400000000000000600 ) ) ;
#1181 = DIRECTION ( 'NONE',  ( -0.0000000000000000000, 1.000000000000000000, -0.0000000000000000000 ) ) ;
#1182 =( LENGTH_UNIT ( ) NAMED_UNIT ( * ) SI_UNIT ( .MILLI., .METRE. ) );
#1183 = EDGE_LOOP ( 'NONE', ( #8073, #1096, #2376, #9927 ) ) ;
#1184 = CARTESIAN_POINT ( 'NONE',  ( -0.3420636973039750700, 0.3834854731493751400, -0.001000000000000000000 ) ) ;
#1185 = CARTESIAN_POINT ( 'NONE',  ( 0.5025069855725459200, 0.6314591348604966500, 0.9400000000000000600 ) ) ;
#1186 = ORIENTED_EDGE ( 'NONE', *, *, #8239, .F. ) ;
#1187 = FACE_OUTER_BOUND ( 'NONE', #8759, .T. ) ;
#1188 = LINE ( 'NONE', #3317, #5345 ) ;
#1189 = ORIENTED_EDGE ( 'NONE', *, *, #7220, .T. ) ;
#1190 = DIRECTION ( 'NONE',  ( 1.000000000000000000, -4.336808689942017700E-016, 0.0000000000000000000 ) ) ;
#1191 = DIRECTION ( 'NONE',  ( 1.000000000000000000, -0.0000000000000000000, -0.0000000000000000000 ) ) ;
#1192 = ADVANCED_FACE ( 'NONE', ( #105 ), #4947, .F. ) ;
#1193 = B_SPLINE_CURVE_WITH_KNOTS ( 'NONE', 3,
 ( #6379, #942, #9862, #3944 ),
 .UNSPECIFIED., .F., .F.,
 ( 4, 4 ),
 ( 3.000000000000000000, 4.000000000000000000 ),
 .UNSPECIFIED. ) ;
#1194 = CARTESIAN_POINT ( 'NONE',  ( 0.03990357240602773100, 0.6700077142594130800, 0.9400000000000000600 ) ) ;
#1195 = ORIENTED_EDGE ( 'NONE', *, *, #5433, .F. ) ;
#1196 = CARTESIAN_POINT ( 'NONE',  ( 0.4503920264270551700, 0.8210040884079528000, 0.9400000000000000600 ) ) ;
#1197 = EDGE_LOOP ( 'NONE', ( #10531, #6346, #4018, #1706 ) ) ;
#1198 = LINE ( 'NONE', #4499, #3079 ) ;
#1199 = EDGE_CURVE ( 'NONE', #5887, #10280, #6685, .T. ) ;
#1200 = EDGE_CURVE ( 'NONE', #8892, #9974, #6767, .T. ) ;
#1201 = DIRECTION ( 'NONE',  ( 0.0000000000000000000, -1.000000000000000000, 0.0000000000000000000 ) ) ;
#1202 = EDGE_CURVE ( 'NONE', #4443, #6385, #6485, .T. ) ;
#1203 = CARTESIAN_POINT ( 'NONE',  ( 0.4503920264270551700, 0.8210040884079528000, 0.9300000000000000500 ) ) ;
#1204 = ORIENTED_EDGE ( 'NONE', *, *, #7148, .T. ) ;
#1205 = ORIENTED_EDGE ( 'NONE', *, *, #57, .T. ) ;
#1206 = VECTOR ( 'NONE', #8418, 1000.000000000000000 ) ;
#1207 = EDGE_CURVE ( 'NONE', #7394, #6760, #9816, .T. ) ;
#1208 = FACE_BOUND ( 'NONE', #2360, .T. ) ;
#1209 = ADVANCED_FACE ( 'NONE', ( #2288 ), #8407, .F. ) ;
#1210 = DIRECTION ( 'NONE',  ( 0.0000000000000000000, 0.0000000000000000000, 1.000000000000000000 ) ) ;
#1211 = EDGE_CURVE ( 'NONE', #9222, #10796, #9922, .T. ) ;
#1212 =( GEOMETRIC_REPRESENTATION_CONTEXT ( 3 ) GLOBAL_UNCERTAINTY_ASSIGNED_CONTEXT ( ( #6698 ) ) GLOBAL_UNIT_ASSIGNED_CONTEXT ( ( #1810, #7708, #2622 ) ) REPRESENTATION_CONTEXT ( 'NONE', 'WORKASPACE' ) );
#1213 = DIRECTION ( 'NONE',  ( 0.0000000000000000000, -1.000000000000000000, 0.0000000000000000000 ) ) ;
#1214 = EDGE_CURVE ( 'NONE', #8058, #6281, #5708, .T. ) ;
#1215 = VECTOR ( 'NONE', #1651, 1000.000000000000000 ) ;
#1216 = SURFACE_SIDE_STYLE ('',( #8645 ) ) ;
#1217 = DIRECTION ( 'NONE',  ( 1.000000000000000000, -0.0000000000000000000, -0.0000000000000000000 ) ) ;
#1218 = CARTESIAN_POINT ( 'NONE',  ( 0.6866547604536933400, 0.8498715669655995100, 0.9400000000000000600 ) ) ;
#1219 = CARTESIAN_POINT ( 'NONE',  ( 0.4884941271991148900, 0.6816677510825681600, 0.9400000000000000600 ) ) ;
#1220 = DIRECTION ( 'NONE',  ( 0.0000000000000000000, 1.000000000000000000, 0.0000000000000000000 ) ) ;
#1221 = ADVANCED_FACE ( 'NONE', ( #1286 ), #30, .F. ) ;
#1222 = ORIENTED_EDGE ( 'NONE', *, *, #2141, .T. ) ;
#1223 = LINE ( 'NONE', #3570, #8183 ) ;
#1224 = VECTOR ( 'NONE', #10030, 1000.000000000000000 ) ;
#1225 = DIRECTION ( 'NONE',  ( 0.0000000000000000000, 0.0000000000000000000, 1.000000000000000000 ) ) ;
#1226 = DIRECTION ( 'NONE',  ( 1.000000000000000000, -1.047444401652940200E-014, 0.0000000000000000000 ) ) ;
#1227 = CARTESIAN_POINT ( 'NONE',  ( 0.5580880227609703600, 0.6915213158045996300, 0.9300000000000000500 ) ) ;
#1228 = VERTEX_POINT ( 'NONE', #10070 ) ;
#1229 = UNCERTAINTY_MEASURE_WITH_UNIT (LENGTH_MEASURE( 1.000000000000000100E-005 ), #5536, 'distance_accuracy_value', 'NONE');
#1230 = ORIENTED_EDGE ( 'NONE', *, *, #1111, .T. ) ;
#1231 = ORIENTED_EDGE ( 'NONE', *, *, #2264, .F. ) ;
#1232 = MECHANICAL_DESIGN_GEOMETRIC_PRESENTATION_REPRESENTATION (  '', ( #10415 ), #1766 ) ;
#1233 = ORIENTED_EDGE ( 'NONE', *, *, #4858, .T. ) ;
#1234 = VECTOR ( 'NONE', #263, 1000.000000000000000 ) ;
#1235 = CARTESIAN_POINT ( 'NONE',  ( 0.07433400708163313800, 0.8559320615082910400, 0.9300000000000000500 ) ) ;
#1236 = PLANE ( 'NONE',  #3287 ) ;
#1237 = ADVANCED_FACE ( 'NONE', ( #9660 ), #5004, .F. ) ;
#1238 = ORIENTED_EDGE ( 'NONE', *, *, #5296, .T. ) ;
#1239 = CARTESIAN_POINT ( 'NONE',  ( 0.2964103041728916000, 0.7727825630798813600, 0.9400000000000000600 ) ) ;
#1240 = EDGE_LOOP ( 'NONE', ( #701, #1719, #8770, #9966 ) ) ;
#1241 = ORIENTED_EDGE ( 'NONE', *, *, #9188, .F. ) ;
#1242 = AXIS2_PLACEMENT_3D ( 'NONE', #1877, #6069, #6952 ) ;
#1243 =( LENGTH_UNIT ( ) NAMED_UNIT ( * ) SI_UNIT ( .MILLI., .METRE. ) );
#1244 = VERTEX_POINT ( 'NONE', #1738 ) ;
#1245 = ORIENTED_EDGE ( 'NONE', *, *, #2623, .F. ) ;
#1246 = LINE ( 'NONE', #3632, #987 ) ;
#1247 = CARTESIAN_POINT ( 'NONE',  ( 0.1700506259875117500, 0.7381800116929384500, 0.9300000000000000500 ) ) ;
#1248 = CARTESIAN_POINT ( 'NONE',  ( 0.8616421862209343600, 0.7052370817740308800, 0.9300000000000000500 ) ) ;
#1249 = PRESENTATION_STYLE_ASSIGNMENT (( #3986 ) ) ;
#1250 = ADVANCED_FACE ( 'NONE', ( #5178 ), #10110, .F. ) ;
#1251 = B_SPLINE_CURVE_WITH_KNOTS ( 'NONE', 3,
 ( #1619, #9157, #9305, #9458 ),
 .UNSPECIFIED., .F., .F.,
 ( 4, 4 ),
 ( 0.0000000000000000000, 1.000000000000000000 ),
 .UNSPECIFIED. ) ;
#1252 = CARTESIAN_POINT ( 'NONE',  ( 0.5229073306253952900, 0.8689349962017674000, 0.9400000000000000600 ) ) ;
#1253 = VERTEX_POINT ( 'NONE', #6748 ) ;
#1254 = CARTESIAN_POINT ( 'NONE',  ( 0.5866088935143900500, 0.5891729827367686600, 0.9400000000000000600 ) ) ;
#1255 = VERTEX_POINT ( 'NONE', #8468 ) ;
#1256 = CARTESIAN_POINT ( 'NONE',  ( 0.4078582973002103900, 0.6643868762684275200, 0.9400000000000000600 ) ) ;
#1257 = CARTESIAN_POINT ( 'NONE',  ( 0.8597606009971351400, 0.6984534718904845700, 0.9400000000000000600 ) ) ;
#1258 = ORIENTED_EDGE ( 'NONE', *, *, #9972, .T. ) ;
#1259 = LINE ( 'NONE', #2000, #7424 ) ;
#1260 = SURFACE_STYLE_USAGE ( .BOTH. , #10578 ) ;
#1261 = FACE_OUTER_BOUND ( 'NONE', #9216, .T. ) ;
#1262 = CARTESIAN_POINT ( 'NONE',  ( 0.1250000000000001100, -0.6250000000000000000, -0.02000000000000000000 ) ) ;
#1263 = SURFACE_STYLE_FILL_AREA ( #6129 ) ;
#1264 = MECHANICAL_DESIGN_GEOMETRIC_PRESENTATION_REPRESENTATION (  '', ( #10443 ), #1801 ) ;
#1265 = CARTESIAN_POINT ( 'NONE',  ( 0.8816464080683457100, 0.6472545476559552500, 0.9400000000000000600 ) ) ;
#1266 = EDGE_CURVE ( 'NONE', #1328, #90, #7455, .T. ) ;
#1267 = ORIENTED_EDGE ( 'NONE', *, *, #1477, .F. ) ;
#1268 = MECHANICAL_DESIGN_GEOMETRIC_PRESENTATION_REPRESENTATION (  '', ( #148 ), #1809 ) ;
#1269 = EDGE_LOOP ( 'NONE', ( #3931, #6311, #3686, #9394 ) ) ;
#1270 = ADVANCED_FACE ( 'NONE', ( #1023 ), #4216, .F. ) ;
#1271 = ORIENTED_EDGE ( 'NONE', *, *, #6425, .T. ) ;
#1272 = CARTESIAN_POINT ( 'NONE',  ( 0.6677646351194723700, 0.8510104211797279200, 0.9400000000000000600 ) ) ;
#1273 = EDGE_CURVE ( 'NONE', #5267, #7090, #2924, .T. ) ;
#1274 = LINE ( 'NONE', #1252, #5426 ) ;
#1275 = CARTESIAN_POINT ( 'NONE',  ( 0.2272051422956250000, 0.8462915358590125100, 0.9300000000000000500 ) ) ;
#1276 = FACE_OUTER_BOUND ( 'NONE', #930, .T. ) ;
#1277 = VERTEX_POINT ( 'NONE', #2584 ) ;
#1278 = ORIENTED_EDGE ( 'NONE', *, *, #4068, .F. ) ;
#1279 = CARTESIAN_POINT ( 'NONE',  ( 0.6866547604536918900, 0.7970386345113781300, 0.9400000000000000600 ) ) ;
#1280 = ORIENTED_EDGE ( 'NONE', *, *, #2698, .T. ) ;
#1281 = ORIENTED_EDGE ( 'NONE', *, *, #8835, .T. ) ;
#1282 = CARTESIAN_POINT ( 'NONE',  ( 0.5463033574149133200, 0.6659218536876677600, 0.9300000000000000500 ) ) ;
#1283 = CARTESIAN_POINT ( 'NONE',  ( 0.6677646351194723700, 0.8510104211797279200, 0.9400000000000000600 ) ) ;
#1284 = VECTOR ( 'NONE', #4827, 1000.000000000000000 ) ;
#1285 =( GEOMETRIC_REPRESENTATION_CONTEXT ( 3 ) GLOBAL_UNCERTAINTY_ASSIGNED_CONTEXT ( ( #8605 ) ) GLOBAL_UNIT_ASSIGNED_CONTEXT ( ( #6201, #1785, #10572 ) ) REPRESENTATION_CONTEXT ( 'NONE', 'WORKASPACE' ) );
#1286 = FACE_OUTER_BOUND ( 'NONE', #7363, .T. ) ;
#1287 = CARTESIAN_POINT ( 'NONE',  ( -0.6249999999999995600, 0.1250000000000020500, -0.02000000000000000000 ) ) ;
#1288 = CARTESIAN_POINT ( 'NONE',  ( 0.4643801271002033200, 0.8586357928740651100, 0.9400000000000000600 ) ) ;
#1289 = CARTESIAN_POINT ( 'NONE',  ( 0.4973078685081360800, 0.6347271513012086000, 0.9400000000000000600 ) ) ;
#1290 = EDGE_LOOP ( 'NONE', ( #5147, #3812, #662, #5013 ) ) ;
#1291 = ADVANCED_FACE ( 'NONE', ( #7179 ), #5073, .F. ) ;
#1292 = PRESENTATION_LAYER_ASSIGNMENT (  '', '', ( #174 ) ) ;
#1293 = VECTOR ( 'NONE', #7299, 1000.000000000000000 ) ;
#1295 = CARTESIAN_POINT ( 'NONE',  ( 0.4973078685081360800, 0.6347271513012086000, 0.9400000000000000600 ) ) ;
#1294 = SURFACE_STYLE_FILL_AREA ( #5883 ) ;
#1296 = CARTESIAN_POINT ( 'NONE',  ( -0.1250000000000001100, 0.8749999999999998900, -0.02000000000000000000 ) ) ;
#1297 = VECTOR ( 'NONE', #4480, 1000.000000000000000 ) ;
#1298 = FACE_OUTER_BOUND ( 'NONE', #4934, .T. ) ;
#1299 = DIRECTION ( 'NONE',  ( 1.343328941721107400E-014, -1.000000000000000000, -0.0000000000000000000 ) ) ;
#1300 = VERTEX_POINT ( 'NONE', #5995 ) ;
#1301 = VERTEX_POINT ( 'NONE', #9335 ) ;
#1302 = B_SPLINE_SURFACE_WITH_KNOTS ( 'NONE', 3, 1, ( 
 ( #6892, #6338 ),
 ( #7495, #6875 ),
 ( #7582, #7560 ),
 ( #6020, #7623 ) ),
 .UNSPECIFIED., .F., .F., .F.,
 ( 4, 4 ),
 ( 2, 2 ),
 ( 2.000000000000000000, 3.000000000000000000 ),
 ( 0.0000000000000000000, 1.000000000000000000 ),
 .UNSPECIFIED. ) ;
#1303 = VECTOR ( 'NONE', #6119, 1000.000000000000000 ) ;
#1304 = PRESENTATION_STYLE_ASSIGNMENT (( #4457 ) ) ;
#1305 = LINE ( 'NONE', #7396, #5467 ) ;
#1306 = AXIS2_PLACEMENT_3D ( 'NONE', #2346, #8634, #3547 ) ;
#1307 = CARTESIAN_POINT ( 'NONE',  ( 0.8915247304913177500, 0.6207638083283396600, 0.9300000000000000500 ) ) ;
#1308 = B_SPLINE_CURVE_WITH_KNOTS ( 'NONE', 3,
 ( #9461, #8622, #6089, #1114 ),
 .UNSPECIFIED., .F., .F.,
 ( 4, 4 ),
 ( 2.000000000000000000, 3.000000000000000000 ),
 .UNSPECIFIED. ) ;
#1309 = ADVANCED_FACE ( 'NONE', ( #10559 ), #10178, .F. ) ;
#1310 = DIRECTION ( 'NONE',  ( -0.3315284183505328700, -0.9434452330824476500, 0.0000000000000000000 ) ) ;
#1311 = EDGE_LOOP ( 'NONE', ( #3832, #4003, #8591, #5910 ) ) ;
#1312 = CARTESIAN_POINT ( 'NONE',  ( 0.7890526089214275900, 0.6973641330769089200, 0.9400000000000000600 ) ) ;
#1313 = VERTEX_POINT ( 'NONE', #6830 ) ;
#1314 = FACE_OUTER_BOUND ( 'NONE', #9293, .T. ) ;
#1315 = CARTESIAN_POINT ( 'NONE',  ( 0.2237620725598240000, 0.6624330291384651300, 0.9400000000000000600 ) ) ;
#1316 = PRESENTATION_STYLE_ASSIGNMENT (( #3210 ) ) ;
#1317 = CARTESIAN_POINT ( 'NONE',  ( 0.5422926099655147600, 0.8712622200305797400, 0.9300000000000000500 ) ) ;
#1318 = DIRECTION ( 'NONE',  ( -0.0000000000000000000, -0.0000000000000000000, -1.000000000000000000 ) ) ;
#1319 = SURFACE_SIDE_STYLE ('',( #426 ) ) ;
#1320 = B_SPLINE_SURFACE_WITH_KNOTS ( 'NONE', 3, 1, ( 
 ( #6299, #7779 ),
 ( #5187, #6476 ),
 ( #6451, #6323 ),
 ( #7734, #5501 ) ),
 .UNSPECIFIED., .F., .F., .F.,
 ( 4, 4 ),
 ( 2, 2 ),
 ( 4.000000000000000000, 5.000000000000000000 ),
 ( 0.0000000000000000000, 1.000000000000000000 ),
 .UNSPECIFIED. ) ;
#1321 =( LENGTH_UNIT ( ) NAMED_UNIT ( * ) SI_UNIT ( .MILLI., .METRE. ) );
#1322 = ORIENTED_EDGE ( 'NONE', *, *, #10171, .F. ) ;
#1323 = VERTEX_POINT ( 'NONE', #6023 ) ;
#1324 = CARTESIAN_POINT ( 'NONE',  ( 0.5580880227609703600, 0.6915213158045996300, 0.9400000000000000600 ) ) ;
#1325 = CARTESIAN_POINT ( 'NONE',  ( 0.5463033574149133200, 0.6659218536876677600, 0.9400000000000000600 ) ) ;
#1326 =( GEOMETRIC_REPRESENTATION_CONTEXT ( 3 ) GLOBAL_UNCERTAINTY_ASSIGNED_CONTEXT ( ( #8208 ) ) GLOBAL_UNIT_ASSIGNED_CONTEXT ( ( #165, #132, #120 ) ) REPRESENTATION_CONTEXT ( 'NONE', 'WORKASPACE' ) );
#1327 = ADVANCED_FACE ( 'NONE', ( #8631 ), #10319, .F. ) ;
#1328 = VERTEX_POINT ( 'NONE', #597 ) ;
#1329 = LINE ( 'NONE', #5285, #1071 ) ;
#1330 = VECTOR ( 'NONE', #7691, 1000.000000000000000 ) ;
#1331 = EDGE_CURVE ( 'NONE', #9126, #1077, #6344, .T. ) ;
#1332 = B_SPLINE_CURVE_WITH_KNOTS ( 'NONE', 3,
 ( #4614, #4860, #4315, #4267 ),
 .UNSPECIFIED., .F., .F.,
 ( 4, 4 ),
 ( 8.000000000000000000, 9.000000000000000000 ),
 .UNSPECIFIED. ) ;
#1333 = CARTESIAN_POINT ( 'NONE',  ( 0.1927746813516781300, 0.6624330291384651300, 0.9300000000000000500 ) ) ;
#1334 = CARTESIAN_POINT ( 'NONE',  ( 0.7107192451513806300, 0.7744100964311586600, 0.9400000000000000600 ) ) ;
#1335 = ORIENTED_EDGE ( 'NONE', *, *, #7311, .T. ) ;
#1336 = EDGE_CURVE ( 'NONE', #3811, #7857, #1917, .T. ) ;
#1337 = AXIS2_PLACEMENT_3D ( 'NONE', #4686, #9021, #9011 ) ;
#1338 = LINE ( 'NONE', #5162, #5492 ) ;
#1339 = DIRECTION ( 'NONE',  ( 1.000000000000000000, -0.0000000000000000000, -0.0000000000000000000 ) ) ;
#1340 = EDGE_CURVE ( 'NONE', #10735, #529, #10818, .T. ) ;
#1341 = DIRECTION ( 'NONE',  ( 1.000000000000000000, -0.0000000000000000000, -0.0000000000000000000 ) ) ;
#1342 = EDGE_CURVE ( 'NONE', #3544, #2314, #6097, .T. ) ;
#1343 = ORIENTED_EDGE ( 'NONE', *, *, #8496, .F. ) ;
#1344 = CARTESIAN_POINT ( 'NONE',  ( 0.5693032609999676400, 0.6799842274616579900, 0.9300000000000000500 ) ) ;
#1345 = FACE_OUTER_BOUND ( 'NONE', #10749, .T. ) ;
#1346 = LINE ( 'NONE', #329, #9983 ) ;
#1347 = ADVANCED_FACE ( 'NONE', ( #10328 ), #2847, .F. ) ;
#1348 = CARTESIAN_POINT ( 'NONE',  ( 0.4726739567030484600, 0.6893921535780167500, 0.9300000000000000500 ) ) ;
#1349 = EDGE_CURVE ( 'NONE', #993, #5864, #10052, .T. ) ;
#1350 = STYLED_ITEM ( 'NONE', ( #1926 ), #9069 ) ;
#1351 = DIRECTION ( 'NONE',  ( 1.000000000000000000, 0.0000000000000000000, 0.0000000000000000000 ) ) ;
#1352 = CARTESIAN_POINT ( 'NONE',  ( 0.8613450938169312500, 0.7052370817740308800, 0.9400000000000000600 ) ) ;
#1353 = ORIENTED_EDGE ( 'NONE', *, *, #4360, .F. ) ;
#1354 = CARTESIAN_POINT ( 'NONE',  ( 0.7893249436251499300, 0.6419068843898757500, 0.9400000000000000600 ) ) ;
#1355 = ORIENTED_EDGE ( 'NONE', *, *, #8854, .F. ) ;
#1356 = VECTOR ( 'NONE', #8435, 1000.000000000000100 ) ;
#1357 = VECTOR ( 'NONE', #214, 1000.000000000000000 ) ;
#1358 = CARTESIAN_POINT ( 'NONE',  ( 0.4078582973002103900, 0.6318057426650551800, 0.9400000000000000600 ) ) ;
#1359 = CARTESIAN_POINT ( 'NONE',  ( -0.1250000000000001100, 0.6250000000000000000, -0.02000000000000000000 ) ) ;
#1360 = CARTESIAN_POINT ( 'NONE',  ( 0.01304783598586535700, 0.8518004067206334000, 0.9300000000000000500 ) ) ;
#1361 = UNCERTAINTY_MEASURE_WITH_UNIT (LENGTH_MEASURE( 1.000000000000000100E-005 ), #9538, 'distance_accuracy_value', 'NONE');
#1362 = DIRECTION ( 'NONE',  ( -0.0000000000000000000, -0.0000000000000000000, -1.000000000000000000 ) ) ;
#1363 = ORIENTED_EDGE ( 'NONE', *, *, #5064, .T. ) ;
#1364 = DIRECTION ( 'NONE',  ( -1.000000000000000000, -0.0000000000000000000, -0.0000000000000000000 ) ) ;
#1365 = VECTOR ( 'NONE', #7182, 1000.000000000000000 ) ;
#1366 = FILL_AREA_STYLE ('',( #520 ) ) ;
#1367 = CARTESIAN_POINT ( 'NONE',  ( 0.5025069855725459200, 0.6554741041582921000, 0.9400000000000000600 ) ) ;
#1368 = CARTESIAN_POINT ( 'NONE',  ( 0.7884831818150220800, 0.7133576074745935400, 0.9300000000000000500 ) ) ;
#1369 = ORIENTED_EDGE ( 'NONE', *, *, #3765, .T. ) ;
#1370 = PLANE ( 'NONE',  #2728 ) ;
#1371 = B_SPLINE_CURVE_WITH_KNOTS ( 'NONE', 3,
 ( #403, #5393, #2878, #8804 ),
 .UNSPECIFIED., .F., .F.,
 ( 4, 4 ),
 ( 1.000000000000000000, 2.000000000000000000 ),
 .UNSPECIFIED. ) ;
#1372 = DIRECTION ( 'NONE',  ( -0.9434452330824476500, 0.3315284183505328700, 0.0000000000000000000 ) ) ;
#1373 = EDGE_LOOP ( 'NONE', ( #5874, #3296 ) ) ;
#1374 = ORIENTED_EDGE ( 'NONE', *, *, #5926, .T. ) ;
#1375 = DIRECTION ( 'NONE',  ( 0.2524218971877271700, -0.9676172723862202000, 0.0000000000000000000 ) ) ;
#1376 = ORIENTED_EDGE ( 'NONE', *, *, #2750, .F. ) ;
#1377 = VECTOR ( 'NONE', #2277, 1000.000000000000000 ) ;
#1378 = CARTESIAN_POINT ( 'NONE',  ( 0.4590572215344044200, 0.6330931430808539600, 0.9300000000000000500 ) ) ;
#1379 = AXIS2_PLACEMENT_3D ( 'NONE', #7027, #3376, #4415 ) ;
#1380 = CARTESIAN_POINT ( 'NONE',  ( 0.4978277802146428600, 0.6816677510825681600, 0.9400000000000000600 ) ) ;
#1381 = LINE ( 'NONE', #2167, #10026 ) ;
#1382 = EDGE_LOOP ( 'NONE', ( #826, #1241, #1376, #5121 ) ) ;
#1383 = CARTESIAN_POINT ( 'NONE',  ( 0.5699964766084249000, 0.6246260095757295600, 0.9300000000000000500 ) ) ;
#1384 =( LENGTH_UNIT ( ) NAMED_UNIT ( * ) SI_UNIT ( .MILLI., .METRE. ) );
#1385 = VERTEX_POINT ( 'NONE', #1931 ) ;
#1386 = LINE ( 'NONE', #1084, #3566 ) ;
#1387 = EDGE_CURVE ( 'NONE', #3739, #2605, #7865, .T. ) ;
#1388 = EDGE_CURVE ( 'NONE', #5887, #4678, #1409, .T. ) ;
#1389 = B_SPLINE_CURVE_WITH_KNOTS ( 'NONE', 3,
 ( #2052, #8786, #423, #6247 ),
 .UNSPECIFIED., .F., .F.,
 ( 4, 4 ),
 ( 12.00000000000000000, 13.00000000000000000 ),
 .UNSPECIFIED. ) ;
#1390 = CARTESIAN_POINT ( 'NONE',  ( 0.5025069855725459200, 0.6760229954124842300, 0.9300000000000000500 ) ) ;
#1391 = LINE ( 'NONE', #4511, #5810 ) ;
#1392 = ADVANCED_FACE ( 'NONE', ( #3816 ), #1095, .F. ) ;
#1393 = B_SPLINE_CURVE_WITH_KNOTS ( 'NONE', 3,
 ( #9228, #6086, #10000, #9159 ),
 .UNSPECIFIED., .F., .F.,
 ( 4, 4 ),
 ( 9.000000000000000000, 10.00000000000000000 ),
 .UNSPECIFIED. ) ;
#1394 = LINE ( 'NONE', #6016, #7571 ) ;
#1395 = EDGE_CURVE ( 'NONE', #702, #6339, #269, .T. ) ;
#1396 = CARTESIAN_POINT ( 'NONE',  ( 0.05229852363548511500, 0.6583013612159794900, 0.9400000000000000600 ) ) ;
#1397 = DIRECTION ( 'NONE',  ( -0.0000000000000000000, -0.0000000000000000000, -1.000000000000000000 ) ) ;
#1398 = EDGE_LOOP ( 'NONE', ( #8038, #357, #8979, #5072 ) ) ;
#1399 = DIRECTION ( 'NONE',  ( -1.000000000000000000, -0.0000000000000000000, -0.0000000000000000000 ) ) ;
#1400 = ORIENTED_EDGE ( 'NONE', *, *, #7444, .T. ) ;
#1401 = VERTEX_POINT ( 'NONE', #2701 ) ;
#1402 = ORIENTED_EDGE ( 'NONE', *, *, #72, .F. ) ;
#1403 = CARTESIAN_POINT ( 'NONE',  ( 0.8128200012164387100, 0.6704277551429660400, 0.9400000000000000600 ) ) ;
#1404 = EDGE_CURVE ( 'NONE', #8558, #4912, #457, .T. ) ;
#1405 = ORIENTED_EDGE ( 'NONE', *, *, #10194, .T. ) ;
#1406 = CARTESIAN_POINT ( 'NONE',  ( 0.6769249842330500300, 0.7879773161989130900, 0.9400000000000000600 ) ) ;
#1407 = AXIS2_PLACEMENT_3D ( 'NONE', #4698, #573, #6401 ) ;
#1408 = LINE ( 'NONE', #1447, #3584 ) ;
#1409 = LINE ( 'NONE', #9865, #5823 ) ;
#1410 = VECTOR ( 'NONE', #10417, 1000.000000000000000 ) ;
#1411 = EDGE_CURVE ( 'NONE', #4513, #9681, #10754, .T. ) ;
#1412 = VERTEX_POINT ( 'NONE', #6659 ) ;
#1413 = ORIENTED_EDGE ( 'NONE', *, *, #5245, .T. ) ;
#1414 = CARTESIAN_POINT ( 'NONE',  ( 0.6249999999999998900, 0.8750000000000000000, 0.0000000000000000000 ) ) ;
#1415 = EDGE_CURVE ( 'NONE', #811, #3068, #2269, .T. ) ;
#1416 = ORIENTED_EDGE ( 'NONE', *, *, #10455, .T. ) ;
#1417 = CARTESIAN_POINT ( 'NONE',  ( 0.5229073306253952900, 0.7784208438808782900, 0.9400000000000000600 ) ) ;
#1418 = LINE ( 'NONE', #2524, #10338 ) ;
#1419 = EDGE_CURVE ( 'NONE', #333, #6351, #209, .T. ) ;
#1420 = VECTOR ( 'NONE', #6511, 1000.000000000000100 ) ;
#1421 = CARTESIAN_POINT ( 'NONE',  ( 0.4610378375589885800, 0.6281911184197853700, 0.9400000000000000600 ) ) ;
#1422 = UNCERTAINTY_MEASURE_WITH_UNIT (LENGTH_MEASURE( 1.000000000000000100E-005 ), #589, 'distance_accuracy_value', 'NONE');
#1423 = ORIENTED_EDGE ( 'NONE', *, *, #4288, .F. ) ;
#1424 = VERTEX_POINT ( 'NONE', #9836 ) ;
#1425 = CARTESIAN_POINT ( 'NONE',  ( -0.03859780289354117200, 0.6679419197013349900, 0.9400000000000000600 ) ) ;
#1426 = DIRECTION ( 'NONE',  ( -0.0000000000000000000, 1.000000000000000000, -0.0000000000000000000 ) ) ;
#1427 = DIRECTION ( 'NONE',  ( -0.0000000000000000000, -0.0000000000000000000, -1.000000000000000000 ) ) ;
#1428 = ORIENTED_EDGE ( 'NONE', *, *, #6219, .F. ) ;
#1429 = AXIS2_PLACEMENT_3D ( 'NONE', #5449, #5265, #5575 ) ;
#1430 = FACE_OUTER_BOUND ( 'NONE', #6887, .T. ) ;
#1431 = CARTESIAN_POINT ( 'NONE',  ( 0.2196304309060044000, 0.7698559748191087200, 0.9300000000000000500 ) ) ;
#1432 = FILL_AREA_STYLE_COLOUR ( '', #74 ) ;
#1433 = LINE ( 'NONE', #1069, #3608 ) ;
#1434 = LINE ( 'NONE', #5964, #3325 ) ;
#1435 =( NAMED_UNIT ( * ) SI_UNIT ( $, .STERADIAN. ) SOLID_ANGLE_UNIT ( ) );
#1436 = CARTESIAN_POINT ( 'NONE',  ( 0.4903261970216961600, 0.6191298001079786900, 0.9400000000000000600 ) ) ;
#1437 = ORIENTED_EDGE ( 'NONE', *, *, #10440, .T. ) ;
#1438 = CARTESIAN_POINT ( 'NONE',  ( 0.02544278721532577900, 0.6700077142594130800, 0.9300000000000000500 ) ) ;
#1439 = ORIENTED_EDGE ( 'NONE', *, *, #9827, .T. ) ;
#1440 = CARTESIAN_POINT ( 'NONE',  ( 0.8616421862209343600, 0.7052370817740308800, 0.9300000000000000500 ) ) ;
#1441 = LINE ( 'NONE', #9004, #10088 ) ;
#1442 = FACE_OUTER_BOUND ( 'NONE', #8597, .T. ) ;
#1443 = DIRECTION ( 'NONE',  ( -0.0000000000000000000, -0.0000000000000000000, 1.000000000000000000 ) ) ;
#1444 = FILL_AREA_STYLE ('',( #203 ) ) ;
#1445 = ORIENTED_EDGE ( 'NONE', *, *, #6207, .T. ) ;
#1446 = VERTEX_POINT ( 'NONE', #3517 ) ;
#1447 = CARTESIAN_POINT ( 'NONE',  ( 0.4464307943782164800, 0.7854520307678748400, 0.9400000000000000600 ) ) ;
#1448 = AXIS2_PLACEMENT_3D ( 'NONE', #6318, #4635, #9706 ) ;
#1449 = FACE_OUTER_BOUND ( 'NONE', #376, .T. ) ;
#1450 = ADVANCED_FACE ( 'NONE', ( #6874 ), #6520, .F. ) ;
#1451 = B_SPLINE_CURVE_WITH_KNOTS ( 'NONE', 3,
 ( #5497, #8044, #1360, #7216 ),
 .UNSPECIFIED., .F., .F.,
 ( 4, 4 ),
 ( 3.000000000000000000, 4.000000000000000000 ),
 .UNSPECIFIED. ) ;
#1452 = DIRECTION ( 'NONE',  ( -1.000000000000000000, 3.491481338843133400E-015, -0.0000000000000000000 ) ) ;
#1453 = CARTESIAN_POINT ( 'NONE',  ( -0.8750000000000003300, -0.1249999999999970700, -0.02000000000000000000 ) ) ;
#1454 = CARTESIAN_POINT ( 'NONE',  ( 0.4649990696081569000, 0.6245764941751733600, 0.9300000000000000500 ) ) ;
#1455 = DIRECTION ( 'NONE',  ( -0.0000000000000000000, -0.0000000000000000000, -1.000000000000000000 ) ) ;
#1457 = EDGE_CURVE ( 'NONE', #9140, #10145, #6588, .T. ) ;
#1456 = ORIENTED_EDGE ( 'NONE', *, *, #2211, .F. ) ;
#1458 = FACE_BOUND ( 'NONE', #4751, .T. ) ;
#1459 = CARTESIAN_POINT ( 'NONE',  ( 0.5580880227609703600, 0.6599800056135877200, 0.9300000000000000500 ) ) ;
#1460 = CARTESIAN_POINT ( 'NONE',  ( 0.4078582973002071200, 0.7064749667899272700, 0.9300000000000000500 ) ) ;
#1461 = CARTESIAN_POINT ( 'NONE',  ( 0.4713617985869710800, 0.6402728761695148900, 0.9400000000000000600 ) ) ;
#1462 = FILL_AREA_STYLE_COLOUR ( '', #10831 ) ;
#1463 = CARTESIAN_POINT ( 'NONE',  ( 0.4767342195533316200, 0.6511167489040078400, 0.9300000000000000500 ) ) ;
#1464 = SURFACE_STYLE_USAGE ( .BOTH. , #6439 ) ;
#1465 = AXIS2_PLACEMENT_3D ( 'NONE', #822, #903, #7322 ) ;
#1466 = B_SPLINE_CURVE_WITH_KNOTS ( 'NONE', 3,
 ( #9624, #435, #8014, #2907 ),
 .UNSPECIFIED., .F., .F.,
 ( 4, 4 ),
 ( 4.000000000000000000, 5.000000000000000000 ),
 .UNSPECIFIED. ) ;
#1467 = CARTESIAN_POINT ( 'NONE',  ( 0.5547952486203097100, 0.8291246141085187900, 0.9300000000000000500 ) ) ;
#1468 = EDGE_CURVE ( 'NONE', #10237, #10047, #8856, .T. ) ;
#1469 = VECTOR ( 'NONE', #8253, 1000.000000000000000 ) ;
#1470 = B_SPLINE_CURVE_WITH_KNOTS ( 'NONE', 3,
 ( #1352, #1740, #1881, #257 ),
 .UNSPECIFIED., .F., .F.,
 ( 4, 4 ),
 ( 3.000000000000000000, 4.000000000000000000 ),
 .UNSPECIFIED. ) ;
#1471 = SURFACE_SIDE_STYLE ('',( #779 ) ) ;
#1472 = DIRECTION ( 'NONE',  ( 0.0000000000000000000, 1.000000000000000000, 0.0000000000000000000 ) ) ;
#1473 = EDGE_CURVE ( 'NONE', #9187, #8046, #4334, .T. ) ;
#1474 = DIRECTION ( 'NONE',  ( -1.000000000000000000, -8.394732939219097700E-014, 0.0000000000000000000 ) ) ;
#1475 = EDGE_LOOP ( 'NONE', ( #8419, #4157, #7097, #1518 ) ) ;
#1476 = ORIENTED_EDGE ( 'NONE', *, *, #2770, .T. ) ;
#1477 = EDGE_CURVE ( 'NONE', #7415, #6398, #2377, .T. ) ;
#1478 = VECTOR ( 'NONE', #5398, 1000.000000000000000 ) ;
#1479 = VECTOR ( 'NONE', #10515, 1000.000000000000000 ) ;
#1480 = CARTESIAN_POINT ( 'NONE',  ( 0.7156707852130119700, 0.6207638083283396600, 0.9300000000000000500 ) ) ;
#1481 = CARTESIAN_POINT ( 'NONE',  ( 0.5580880227609703600, 0.6599800056135877200, 0.9400000000000000600 ) ) ;
#1482 = AXIS2_PLACEMENT_3D ( 'NONE', #5920, #1805, #7705 ) ;
#1483 = ORIENTED_EDGE ( 'NONE', *, *, #977, .F. ) ;
#1484 =( NAMED_UNIT ( * ) PLANE_ANGLE_UNIT ( ) SI_UNIT ( $, .RADIAN. ) );
#1485 = VECTOR ( 'NONE', #7787, 1000.000000000000000 ) ;
#1486 = STYLED_ITEM ( 'NONE', ( #6752 ), #5908 ) ;
#1487 = ORIENTED_EDGE ( 'NONE', *, *, #9256, .F. ) ;
#1488 = DIRECTION ( 'NONE',  ( 0.0000000000000000000, 0.0000000000000000000, -1.000000000000000000 ) ) ;
#1489 = CARTESIAN_POINT ( 'NONE',  ( 0.4713617985869710800, 0.6369553443289065500, 0.9300000000000000500 ) ) ;
#1490 = ORIENTED_EDGE ( 'NONE', *, *, #4516, .F. ) ;
#1491 = SURFACE_STYLE_USAGE ( .BOTH. , #6470 ) ;
#1492 = MECHANICAL_DESIGN_GEOMETRIC_PRESENTATION_REPRESENTATION (  '', ( #10133 ), #2040 ) ;
#1493 = ORIENTED_EDGE ( 'NONE', *, *, #9203, .T. ) ;
#1494 = CARTESIAN_POINT ( 'NONE',  ( 0.4855727185629570300, 0.8728962282509370500, 0.9300000000000000500 ) ) ;
#1495 = CARTESIAN_POINT ( 'NONE',  ( 0.4742832072231295500, 0.6191298001079786900, 0.9400000000000000600 ) ) ;
#1496 = FILL_AREA_STYLE_COLOUR ( '', #3826 ) ;
#1497 = ADVANCED_FACE ( 'NONE', ( #1887 ), #2933, .F. ) ;
#1498 = CARTESIAN_POINT ( 'NONE',  ( 0.7702367566887100600, 0.7744100964311179100, 0.9400000000000000600 ) ) ;
#1499 = ORIENTED_EDGE ( 'NONE', *, *, #5648, .F. ) ;
#1500 = CARTESIAN_POINT ( 'NONE',  ( 0.6769249842330500300, 0.7879773161989130900, 0.9300000000000000500 ) ) ;
#1501 = CARTESIAN_POINT ( 'NONE',  ( 0.8603547858051363600, 0.7000379647096211000, 0.9400000000000000600 ) ) ;
#1502 = CARTESIAN_POINT ( 'NONE',  ( 0.1177163495195692300, 0.8559320615082910400, 0.9300000000000000500 ) ) ;
#1503 = LINE ( 'NONE', #9549, #9884 ) ;
#1504 = DIRECTION ( 'NONE',  ( 1.000000000000000000, 0.0000000000000000000, 0.0000000000000000000 ) ) ;
#1505 =( LENGTH_UNIT ( ) NAMED_UNIT ( * ) SI_UNIT ( .MILLI., .METRE. ) );
#1506 = SURFACE_STYLE_FILL_AREA ( #3144 ) ;
#1507 = CARTESIAN_POINT ( 'NONE',  ( 0.5000807309426171800, 0.8616067169107740600, 0.9300000000000000500 ) ) ;
#1508 = ORIENTED_EDGE ( 'NONE', *, *, #989, .T. ) ;
#1509 = B_SPLINE_CURVE_WITH_KNOTS ( 'NONE', 3,
 ( #8067, #10551, #4666, #743 ),
 .UNSPECIFIED., .F., .F.,
 ( 4, 4 ),
 ( 1.000000000000000000, 2.000000000000000000 ),
 .UNSPECIFIED. ) ;
#1510 = ORIENTED_EDGE ( 'NONE', *, *, #7010, .F. ) ;
#1511 = LINE ( 'NONE', #2785, #7700 ) ;
#1512 = CARTESIAN_POINT ( 'NONE',  ( 0.4669054125315760800, 0.8436326264881792700, 0.9400000000000000600 ) ) ;
#1513 = ORIENTED_EDGE ( 'NONE', *, *, #8648, .T. ) ;
#1514 = ADVANCED_FACE ( 'NONE', ( #9768 ), #6326, .F. ) ;
#1515 = CARTESIAN_POINT ( 'NONE',  ( 0.8452773463184134500, 0.6581974511915668100, 0.9400000000000000600 ) ) ;
#1516 = COLOUR_RGB ( '',1.000000000000000000, 1.000000000000000000, 1.000000000000000000 ) ;
#1517 = CARTESIAN_POINT ( 'NONE',  ( 0.5912633411720135100, 0.5985809088531275400, 0.9300000000000000500 ) ) ;
#1518 = ORIENTED_EDGE ( 'NONE', *, *, #2081, .T. ) ;
#1519 = EDGE_LOOP ( 'NONE', ( #9470, #6032, #1400, #5840 ) ) ;
#1520 = CARTESIAN_POINT ( 'NONE',  ( 0.5639803554338372900, 0.6915213158045996300, 0.9300000000000000500 ) ) ;
#1521 = PRESENTATION_LAYER_ASSIGNMENT (  '', '', ( #404 ) ) ;
#1522 = ORIENTED_EDGE ( 'NONE', *, *, #418, .T. ) ;
#1523 = ORIENTED_EDGE ( 'NONE', *, *, #10302, .T. ) ;
#1524 = EDGE_CURVE ( 'NONE', #3688, #7903, #3274, .T. ) ;
#1525 = VECTOR ( 'NONE', #3191, 1000.000000000000000 ) ;
#1526 = CARTESIAN_POINT ( 'NONE',  ( -0.9999999999999997800, 1.000000000000000000, 0.9300000000000000500 ) ) ;
#1528 = CARTESIAN_POINT ( 'NONE',  ( 0.5866088935143900500, 0.5891729827367686600, 0.9400000000000000600 ) ) ;
#1527 = LINE ( 'NONE', #4798, #3435 ) ;
#1529 = CARTESIAN_POINT ( 'NONE',  ( 0.4802002975962708100, 0.6816677510825681600, 0.9400000000000000600 ) ) ;
#1530 = ORIENTED_EDGE ( 'NONE', *, *, #7311, .F. ) ;
#1531 = EDGE_CURVE ( 'NONE', #7267, #5280, #10306, .T. ) ;
#1532 = EDGE_LOOP ( 'NONE', ( #2020, #5956, #3933, #4361 ) ) ;
#1533 = EDGE_CURVE ( 'NONE', #5953, #7302, #7557, .T. ) ;
#1534 = EDGE_LOOP ( 'NONE', ( #10523, #1499, #9594, #2809 ) ) ;
#1535 = CARTESIAN_POINT ( 'NONE',  ( -0.6250000000000013300, -0.3749999999999979500, -0.02000000000000000000 ) ) ;
#1536 = CARTESIAN_POINT ( 'NONE',  ( 0.6182987499070750100, 0.6354203669096669700, 0.9400000000000000600 ) ) ;
#1537 = VERTEX_POINT ( 'NONE', #2674 ) ;
#1538 = ORIENTED_EDGE ( 'NONE', *, *, #1211, .T. ) ;
#1539 = B_SPLINE_CURVE_WITH_KNOTS ( 'NONE', 3,
 ( #9405, #5533, #10702, #2455 ),
 .UNSPECIFIED., .F., .F.,
 ( 4, 4 ),
 ( 4.000000000000000000, 5.000000000000000000 ),
 .UNSPECIFIED. ) ;
#1540 = EDGE_CURVE ( 'NONE', #2582, #5901, #3019, .T. ) ;
#1541 = DIRECTION ( 'NONE',  ( -1.000000000000000000, 0.0000000000000000000, -0.0000000000000000000 ) ) ;
#1542 = CARTESIAN_POINT ( 'NONE',  ( 0.9053395272618591800, 0.6207638083283396600, 0.9300000000000000500 ) ) ;
#1543 = CARTESIAN_POINT ( 'NONE',  ( 0.5310773717265184800, 0.6231900629582662900, 0.9400000000000000600 ) ) ;
#1544 = EDGE_CURVE ( 'NONE', #2662, #3904, #814, .T. ) ;
#1545 = DIRECTION ( 'NONE',  ( 0.0000000000000000000, 0.0000000000000000000, 1.000000000000000000 ) ) ;
#1546 = ORIENTED_EDGE ( 'NONE', *, *, #9172, .F. ) ;
#1548 = EDGE_LOOP ( 'NONE', ( #2423, #3170, #3551, #5514 ) ) ;
#1547 = CARTESIAN_POINT ( 'NONE',  ( 0.4736890224157845300, 0.8508618749780546600, 0.9300000000000000500 ) ) ;
#1549 = FACE_OUTER_BOUND ( 'NONE', #5876, .T. ) ;
#1550 = FACE_OUTER_BOUND ( 'NONE', #449, .T. ) ;
#1551 = EDGE_CURVE ( 'NONE', #10451, #10204, #851, .T. ) ;
#1552 = STYLED_ITEM ( 'NONE', ( #8608 ), #1650 ) ;
#1553 = LINE ( 'NONE', #501, #3713 ) ;
#1554 = LINE ( 'NONE', #1358, #9932 ) ;
#1555 = PLANE ( 'NONE',  #3581 ) ;
#1556 = DIRECTION ( 'NONE',  ( -0.0000000000000000000, -0.0000000000000000000, -1.000000000000000000 ) ) ;
#1557 = EDGE_CURVE ( 'NONE', #7158, #924, #9508, .T. ) ;
#1558 = ADVANCED_FACE ( 'NONE', ( #5547 ), #3842, .F. ) ;
#1559 = ORIENTED_EDGE ( 'NONE', *, *, #7681, .F. ) ;
#1560 = CARTESIAN_POINT ( 'NONE',  ( 0.4635136075897990400, 0.8217468194176258400, 0.9400000000000000600 ) ) ;
#1561 = ORIENTED_EDGE ( 'NONE', *, *, #6407, .F. ) ;
#1562 = CARTESIAN_POINT ( 'NONE',  ( -0.7060703158792578400, 0.7972593383840376200, 0.9100000000000000300 ) ) ;
#1563 = LINE ( 'NONE', #3696, #1303 ) ;
#1564 = LINE ( 'NONE', #1032, #5978 ) ;
#1565 = CARTESIAN_POINT ( 'NONE',  ( 0.06538211245380874700, 0.7044381883378546500, 0.9400000000000000600 ) ) ;
#1566 = DIRECTION ( 'NONE',  ( 0.0000000000000000000, 0.0000000000000000000, 1.000000000000000000 ) ) ;
#1567 = AXIS2_PLACEMENT_3D ( 'NONE', #7643, #2229, #1911 ) ;
#1568 = CARTESIAN_POINT ( 'NONE',  ( 0.05229852363548511500, 0.6431519647050799600, 0.9400000000000000600 ) ) ;
#1569 = CARTESIAN_POINT ( 'NONE',  ( 0.4809925440061695300, 0.6191298001079786900, 0.9300000000000000500 ) ) ;
#1570 = EDGE_LOOP ( 'NONE', ( #6858, #1579, #4674, #9204 ) ) ;
#1571 = CARTESIAN_POINT ( 'NONE',  ( 0.09499226788739424700, 0.6059671372843856700, 0.9300000000000000500 ) ) ;
#1572 = DIRECTION ( 'NONE',  ( 1.000000000000000000, -4.336808689942018200E-016, 0.0000000000000000000 ) ) ;
#1573 = VERTEX_POINT ( 'NONE', #5540 ) ;
#1574 = VECTOR ( 'NONE', #10303, 1000.000000000000000 ) ;
#1575 = FILL_AREA_STYLE ('',( #9914 ) ) ;
#1576 = PRESENTATION_LAYER_ASSIGNMENT (  '', '', ( #10746 ) ) ;
#1577 = CARTESIAN_POINT ( 'NONE',  ( 0.7893249436251499300, 0.6419068843898757500, 0.9400000000000000600 ) ) ;
#1578 = CARTESIAN_POINT ( 'NONE',  ( -0.8750000000000013300, -0.3749999999999970600, -0.02000000000000000000 ) ) ;
#1579 = ORIENTED_EDGE ( 'NONE', *, *, #4714, .F. ) ;
#1580 = FACE_OUTER_BOUND ( 'NONE', #9121, .T. ) ;
#1581 = B_SPLINE_CURVE_WITH_KNOTS ( 'NONE', 3,
 ( #6856, #7038, #2645, #8557 ),
 .UNSPECIFIED., .F., .F.,
 ( 4, 4 ),
 ( 5.000000000000000000, 6.000000000000000000 ),
 .UNSPECIFIED. ) ;
#1582 = DIRECTION ( 'NONE',  ( -1.000000000000000000, 0.0000000000000000000, -0.0000000000000000000 ) ) ;
#1583 = AXIS2_PLACEMENT_3D ( 'NONE', #4374, #343, #7423 ) ;
#1584 =( NAMED_UNIT ( * ) SI_UNIT ( $, .STERADIAN. ) SOLID_ANGLE_UNIT ( ) );
#1585 = CARTESIAN_POINT ( 'NONE',  ( 0.5436542834821478400, 0.6723588557673174600, 0.9400000000000000600 ) ) ;
#1586 = VERTEX_POINT ( 'NONE', #1454 ) ;
#1587 = EDGE_CURVE ( 'NONE', #5923, #415, #5215, .T. ) ;
#1588 = EDGE_CURVE ( 'NONE', #10744, #5789, #7016, .T. ) ;
#1589 = DIRECTION ( 'NONE',  ( 0.0000000000000000000, -0.0000000000000000000, 1.000000000000000000 ) ) ;
#1590 = VECTOR ( 'NONE', #1645, 1000.000000000000000 ) ;
#1591 = COLOUR_RGB ( '',0.2980392156862745100, 0.2980392156862745100, 0.2980392156862745100 ) ;
#1592 = CARTESIAN_POINT ( 'NONE',  ( 0.5601429118863929800, 0.6467098782491673700, 0.9400000000000000600 ) ) ;
#1593 = CARTESIAN_POINT ( 'NONE',  ( 0.4748773920304684700, 0.6322018658695104400, 0.9400000000000000600 ) ) ;
#1594 =( GEOMETRIC_REPRESENTATION_CONTEXT ( 3 ) GLOBAL_UNCERTAINTY_ASSIGNED_CONTEXT ( ( #9071 ) ) GLOBAL_UNIT_ASSIGNED_CONTEXT ( ( #7973, #7936, #7995 ) ) REPRESENTATION_CONTEXT ( 'NONE', 'WORKASPACE' ) );
#1595 = EDGE_CURVE ( 'NONE', #10162, #8046, #4727, .T. ) ;
#1596 = EDGE_LOOP ( 'NONE', ( #7145, #10333, #6923, #6455 ) ) ;
#1597 = ADVANCED_FACE ( 'NONE', ( #2779 ), #6537, .F. ) ;
#1598 = CARTESIAN_POINT ( 'NONE',  ( 0.1900202360702399100, 0.6631216273244853200, 0.9400000000000000600 ) ) ;
#1599 = LINE ( 'NONE', #1664, #8564 ) ;
#1600 = VECTOR ( 'NONE', #3106, 1000.000000000000000 ) ;
#1601 = CARTESIAN_POINT ( 'NONE',  ( 0.8750000000000012200, 0.1249999999999909000, 0.0000000000000000000 ) ) ;
#1602 = EDGE_CURVE ( 'NONE', #405, #10744, #2251, .T. ) ;
#1603 = ORIENTED_EDGE ( 'NONE', *, *, #2390, .T. ) ;
#1604 = UNCERTAINTY_MEASURE_WITH_UNIT (LENGTH_MEASURE( 1.000000000000000100E-005 ), #4034, 'distance_accuracy_value', 'NONE');
#1605 = CARTESIAN_POINT ( 'NONE',  ( -0.8749999999999998900, -0.8749999999999998900, -0.02000000000000000000 ) ) ;
#1606 = EDGE_CURVE ( 'NONE', #1313, #1446, #2507, .T. ) ;
#1607 = CARTESIAN_POINT ( 'NONE',  ( 0.5418717290601226000, 0.6542362191423900500, 0.9400000000000000600 ) ) ;
#1608 = LINE ( 'NONE', #10493, #8066 ) ;
#1609 = EDGE_CURVE ( 'NONE', #1127, #2135, #4473, .T. ) ;
#1610 = CARTESIAN_POINT ( 'NONE',  ( 0.2196304309060044000, 0.7698559748191087200, 0.9400000000000000600 ) ) ;
#1611 = CARTESIAN_POINT ( 'NONE',  ( 0.7200281404666326600, 0.8009008357594299400, 0.9400000000000000600 ) ) ;
#1612 = CARTESIAN_POINT ( 'NONE',  ( 0.2478634031010534800, 0.8070408416423106000, 0.9400000000000000600 ) ) ;
#1613 = EDGE_LOOP ( 'NONE', ( #8232, #9505, #5018, #2171 ) ) ;
#1614 = ORIENTED_EDGE ( 'NONE', *, *, #4373, .F. ) ;
#1615 = AXIS2_PLACEMENT_3D ( 'NONE', #9046, #4559, #7975 ) ;
#1616 = DIRECTION ( 'NONE',  ( -0.0000000000000000000, -0.0000000000000000000, -1.000000000000000000 ) ) ;
#1617 = VECTOR ( 'NONE', #2297, 1000.000000000000000 ) ;
#1618 = ORIENTED_EDGE ( 'NONE', *, *, #10385, .F. ) ;
#1619 = CARTESIAN_POINT ( 'NONE',  ( 0.5510320781737000400, 0.6290328802305755800, 0.9400000000000000600 ) ) ;
#1620 = CARTESIAN_POINT ( 'NONE',  ( 0.7134673498856181100, 0.7064749667899301600, 0.9400000000000000600 ) ) ;
#1621 = CARTESIAN_POINT ( 'NONE',  ( 0.5777951522050398500, 0.6395796605610599700, 0.9400000000000000600 ) ) ;
#1622 = AXIS2_PLACEMENT_3D ( 'NONE', #4620, #9725, #4659 ) ;
#1623 = EDGE_LOOP ( 'NONE', ( #7048, #4250, #3063, #1522 ) ) ;
#1624 = CARTESIAN_POINT ( 'NONE',  ( -0.1232966932103497500, 0.7299166758492917600, 0.9400000000000000600 ) ) ;
#1625 = VERTEX_POINT ( 'NONE', #8346 ) ;
#1626 = CARTESIAN_POINT ( 'NONE',  ( 0.5473431808279249900, 0.6790929502503110200, 0.9400000000000000600 ) ) ;
#1627 = CARTESIAN_POINT ( 'NONE',  ( 0.2278937404819794100, 0.6204279093409176300, 0.9400000000000000600 ) ) ;
#1628 = ORIENTED_EDGE ( 'NONE', *, *, #9188, .T. ) ;
#1629 = ORIENTED_EDGE ( 'NONE', *, *, #9256, .T. ) ;
#1630 = FACE_OUTER_BOUND ( 'NONE', #8793, .T. ) ;
#1631 = FILL_AREA_STYLE_COLOUR ( '', #9167 ) ;
#1632 = VECTOR ( 'NONE', #4529, 1000.000000000000200 ) ;
#1633 = CARTESIAN_POINT ( 'NONE',  ( 0.4658160737180047600, 0.6850843137249499300, 0.9300000000000000500 ) ) ;
#1634 = PLANE ( 'NONE',  #4918 ) ;
#1635 = CARTESIAN_POINT ( 'NONE',  ( -0.8750000000000013300, -0.3749999999999970600, 0.0000000000000000000 ) ) ;
#1636 = ORIENTED_EDGE ( 'NONE', *, *, #10851, .T. ) ;
#1637 = DIRECTION ( 'NONE',  ( 0.0000000000000000000, -0.0000000000000000000, -1.000000000000000000 ) ) ;
#1638 = VERTEX_POINT ( 'NONE', #2424 ) ;
#1639 = ORIENTED_EDGE ( 'NONE', *, *, #1609, .T. ) ;
#1640 = VECTOR ( 'NONE', #8083, 1000.000000000000000 ) ;
#1641 = CARTESIAN_POINT ( 'NONE',  ( 0.5498437085590167600, 0.6191298001079786900, 0.9300000000000000500 ) ) ;
#1642 = VECTOR ( 'NONE', #10158, 1000.000000000000000 ) ;
#1643 = EDGE_LOOP ( 'NONE', ( #2977, #2303, #8846, #4281 ) ) ;
#1644 = B_SPLINE_CURVE_WITH_KNOTS ( 'NONE', 3,
 ( #3718, #4005, #444, #7419 ),
 .UNSPECIFIED., .F., .F.,
 ( 4, 4 ),
 ( 16.00000000000000000, 17.00000000000000000 ),
 .UNSPECIFIED. ) ;
#1645 = DIRECTION ( 'NONE',  ( 1.000000000000000000, -0.0000000000000000000, -0.0000000000000000000 ) ) ;
#1646 = EDGE_LOOP ( 'NONE', ( #368, #7441, #1752, #10683 ) ) ;
#1647 = ORIENTED_EDGE ( 'NONE', *, *, #6143, .T. ) ;
#1648 = ORIENTED_EDGE ( 'NONE', *, *, #9758, .T. ) ;
#1649 = EDGE_CURVE ( 'NONE', #8816, #6619, #8968, .T. ) ;
#1650 = ADVANCED_FACE ( 'NONE', ( #4198 ), #8868, .F. ) ;
#1651 = DIRECTION ( 'NONE',  ( -1.000000000000000000, 0.0000000000000000000, 0.0000000000000000000 ) ) ;
#1652 = VECTOR ( 'NONE', #4906, 1000.000000000000000 ) ;
#1653 = LINE ( 'NONE', #5407, #5579 ) ;
#1654 = DIRECTION ( 'NONE',  ( -0.0000000000000000000, -0.0000000000000000000, -1.000000000000000000 ) ) ;
#1655 = PRESENTATION_LAYER_ASSIGNMENT (  '', '', ( #10838 ) ) ;
#1656 = ORIENTED_EDGE ( 'NONE', *, *, #2017, .F. ) ;
#1657 = ORIENTED_EDGE ( 'NONE', *, *, #6708, .F. ) ;
#1658 = CARTESIAN_POINT ( 'NONE',  ( 0.02613139853584862300, 0.5749797460765683200, 0.9400000000000000600 ) ) ;
#1659 = ORIENTED_EDGE ( 'NONE', *, *, #2284, .T. ) ;
#1660 = CARTESIAN_POINT ( 'NONE',  ( 0.5497941931581259400, 0.6808259892717772900, 0.9300000000000000500 ) ) ;
#1661 = SURFACE_SIDE_STYLE ('',( #5326 ) ) ;
#1662 =( GEOMETRIC_REPRESENTATION_CONTEXT ( 3 ) GLOBAL_UNCERTAINTY_ASSIGNED_CONTEXT ( ( #10080 ) ) GLOBAL_UNIT_ASSIGNED_CONTEXT ( ( #4549, #9612, #10449 ) ) REPRESENTATION_CONTEXT ( 'NONE', 'WORKASPACE' ) );
#1663 = CARTESIAN_POINT ( 'NONE',  ( 0.8597606009971351400, 0.6984534718904845700, 0.9300000000000000500 ) ) ;
#1664 = CARTESIAN_POINT ( 'NONE',  ( -0.1068949054074922100, 0.3834854731493751400, -0.001000000000000000000 ) ) ;
#1665 = UNCERTAINTY_MEASURE_WITH_UNIT (LENGTH_MEASURE( 1.000000000000000100E-005 ), #9784, 'distance_accuracy_value', 'NONE');
#1666 = PRESENTATION_STYLE_ASSIGNMENT (( #9040 ) ) ;
#1667 = EDGE_CURVE ( 'NONE', #1098, #3022, #1386, .T. ) ;
#1668 = CARTESIAN_POINT ( 'NONE',  ( 0.1249999999999998900, 0.8750000000000000000, -0.02000000000000000000 ) ) ;
#1669 = ORIENTED_EDGE ( 'NONE', *, *, #8909, .F. ) ;
#1670 = EDGE_CURVE ( 'NONE', #405, #10550, #7851, .T. ) ;
#1671 = CARTESIAN_POINT ( 'NONE',  ( 0.8750000000000012200, 0.1249999999999909000, 0.0000000000000000000 ) ) ;
#1672 = ORIENTED_EDGE ( 'NONE', *, *, #9618, .T. ) ;
#1673 = DIRECTION ( 'NONE',  ( -0.0000000000000000000, 1.000000000000000000, -0.0000000000000000000 ) ) ;
#1674 = PLANE ( 'NONE',  #2644 ) ;
#1675 = FACE_OUTER_BOUND ( 'NONE', #4813, .T. ) ;
#1676 = LINE ( 'NONE', #9656, #8135 ) ;
#1677 = CARTESIAN_POINT ( 'NONE',  ( -0.8749999999999968900, 0.8750000000000030000, 0.0000000000000000000 ) ) ;
#1678 = VECTOR ( 'NONE', #7798, 1000.000000000000000 ) ;
#1679 = LINE ( 'NONE', #5077, #2428 ) ;
#1680 = ORIENTED_EDGE ( 'NONE', *, *, #222, .T. ) ;
#1681 = FILL_AREA_STYLE ('',( #7569 ) ) ;
#1682 = CARTESIAN_POINT ( 'NONE',  ( 0.5426639754700232100, 0.6191298001079786900, 0.9300000000000000500 ) ) ;
#1683 = ORIENTED_EDGE ( 'NONE', *, *, #9817, .F. ) ;
#1684 = EDGE_LOOP ( 'NONE', ( #10108, #8068, #5112, #10808 ) ) ;
#1685 = EDGE_CURVE ( 'NONE', #8737, #5391, #5559, .T. ) ;
#1686 = FACE_OUTER_BOUND ( 'NONE', #7306, .T. ) ;
#1687 = COLOUR_RGB ( '',0.2980392156862745100, 0.2980392156862745100, 0.2980392156862745100 ) ;
#1688 = VECTOR ( 'NONE', #5687, 1000.000000000000000 ) ;
#1689 = DIRECTION ( 'NONE',  ( -0.0000000000000000000, 1.000000000000000000, -0.0000000000000000000 ) ) ;
#1690 = CARTESIAN_POINT ( 'NONE',  ( 0.8750000000000001100, -0.8750000000000000000, 0.0000000000000000000 ) ) ;
#1691 = CARTESIAN_POINT ( 'NONE',  ( 0.5653420289508036500, 0.6383912909463753700, 0.9300000000000000500 ) ) ;
#1692 = UNCERTAINTY_MEASURE_WITH_UNIT (LENGTH_MEASURE( 1.000000000000000100E-005 ), #10471, 'distance_accuracy_value', 'NONE');
#1693 = CARTESIAN_POINT ( 'NONE',  ( 0.4452424247632018100, 0.7064749667899272700, 0.9400000000000000600 ) ) ;
#1694 = EDGE_LOOP ( 'NONE', ( #7723, #9579 ) ) ;
#1695 = EDGE_LOOP ( 'NONE', ( #928, #9034, #10035, #6954 ) ) ;
#1696 = EDGE_LOOP ( 'NONE', ( #3793, #10241, #8251, #2421 ) ) ;
#1697 = VECTOR ( 'NONE', #5298, 1000.000000000000100 ) ;
#1698 = DIRECTION ( 'NONE',  ( -0.0000000000000000000, -0.0000000000000000000, -1.000000000000000000 ) ) ;
#1699 = CARTESIAN_POINT ( 'NONE',  ( -0.6249999999999986700, 0.3750000000000020500, 0.0000000000000000000 ) ) ;
#1700 = CARTESIAN_POINT ( 'NONE',  ( 0.7403542124183174500, 0.8588833698775091300, 0.9400000000000000600 ) ) ;
#1701 = CARTESIAN_POINT ( 'NONE',  ( 0.3750000000000001100, -0.8750000000000000000, -0.02000000000000000000 ) ) ;
#1702 = CARTESIAN_POINT ( 'NONE',  ( 0.2278937404819794100, 0.6204279093409176300, 0.9300000000000000500 ) ) ;
#1703 = CARTESIAN_POINT ( 'NONE',  ( 0.5510320781737000400, 0.6290328802305755800, 0.9300000000000000500 ) ) ;
#1704 = VERTEX_POINT ( 'NONE', #4984 ) ;
#1705 = CARTESIAN_POINT ( 'NONE',  ( 0.5495218584550677400, 0.6511662643045632600, 0.9400000000000000600 ) ) ;
#1706 = ORIENTED_EDGE ( 'NONE', *, *, #5317, .T. ) ;
#1707 = FACE_BOUND ( 'NONE', #4323, .T. ) ;
#1708 = ADVANCED_FACE ( 'NONE', ( #7568 ), #2843, .F. ) ;
#1709 = DIRECTION ( 'NONE',  ( 0.0000000000000000000, 1.000000000000000000, 0.0000000000000000000 ) ) ;
#1710 = CARTESIAN_POINT ( 'NONE',  ( -0.1232966932103497500, 0.7299166758492917600, 0.9400000000000000600 ) ) ;
#1711 = DIRECTION ( 'NONE',  ( -0.3559357243699009500, 0.9345104387417371200, -0.0000000000000000000 ) ) ;
#1712 = EDGE_LOOP ( 'NONE', ( #7140, #6106, #528, #9351 ) ) ;
#1713 = PRESENTATION_STYLE_ASSIGNMENT (( #3797 ) ) ;
#1714 = LINE ( 'NONE', #2196, #8177 ) ;
#1715 = CARTESIAN_POINT ( 'NONE',  ( 0.7134673498856181100, 0.7176159319277641800, 0.9400000000000000600 ) ) ;
#1716 = B_SPLINE_CURVE_WITH_KNOTS ( 'NONE', 3,
 ( #2140, #8988, #9059, #1612 ),
 .UNSPECIFIED., .F., .F.,
 ( 4, 4 ),
 ( 35.00000000000000000, 36.00000000000000000 ),
 .UNSPECIFIED. ) ;
#1717 = CARTESIAN_POINT ( 'NONE',  ( -0.8749999999999998900, -0.8749999999999998900, 0.0000000000000000000 ) ) ;
#1718 = AXIS2_PLACEMENT_3D ( 'NONE', #8709, #1226, #4556 ) ;
#1719 = ORIENTED_EDGE ( 'NONE', *, *, #8713, .F. ) ;
#1720 = B_SPLINE_CURVE_WITH_KNOTS ( 'NONE', 3,
 ( #2540, #3371, #9295, #4212 ),
 .UNSPECIFIED., .F., .F.,
 ( 4, 4 ),
 ( 12.00000000000000000, 13.00000000000000000 ),
 .UNSPECIFIED. ) ;
#1721 = CARTESIAN_POINT ( 'NONE',  ( 0.5699964766084249000, 0.6246260095757295600, 0.9300000000000000500 ) ) ;
#1722 = ORIENTED_EDGE ( 'NONE', *, *, #10113, .F. ) ;
#1723 = LINE ( 'NONE', #4646, #10391 ) ;
#1724 = VECTOR ( 'NONE', #10168, 1000.000000000000000 ) ;
#1725 = CARTESIAN_POINT ( 'NONE',  ( 0.5159751745395185800, 0.8597251316876345400, 0.9400000000000000600 ) ) ;
#1726 = EDGE_CURVE ( 'NONE', #4750, #9378, #9315, .T. ) ;
#1727 = EDGE_CURVE ( 'NONE', #8058, #10496, #9877, .T. ) ;
#1728 = CARTESIAN_POINT ( 'NONE',  ( 0.7464693643943523000, 0.7064749667899301600, 0.9400000000000000600 ) ) ;
#1729 =( LENGTH_UNIT ( ) NAMED_UNIT ( * ) SI_UNIT ( .MILLI., .METRE. ) );
#1730 = ORIENTED_EDGE ( 'NONE', *, *, #6151, .F. ) ;
#1731 = EDGE_CURVE ( 'NONE', #6281, #801, #1509, .T. ) ;
#1732 = ORIENTED_EDGE ( 'NONE', *, *, #8570, .F. ) ;
#1733 = CARTESIAN_POINT ( 'NONE',  ( 1.000000000000000000, 0.0000000000000000000, -0.02000000000000000000 ) ) ;
#1734 = PRESENTATION_STYLE_ASSIGNMENT (( #5667 ) ) ;
#1735 =( LENGTH_UNIT ( ) NAMED_UNIT ( * ) SI_UNIT ( .MILLI., .METRE. ) );
#1736 = DIRECTION ( 'NONE',  ( 1.000000000000000000, -0.0000000000000000000, -0.0000000000000000000 ) ) ;
#1737 = ORIENTED_EDGE ( 'NONE', *, *, #5227, .F. ) ;
#1738 = CARTESIAN_POINT ( 'NONE',  ( 0.5389255627236907400, 0.6860251063361897400, 0.9400000000000000600 ) ) ;
#1739 = EDGE_CURVE ( 'NONE', #4806, #5006, #9958, .T. ) ;
#1740 = CARTESIAN_POINT ( 'NONE',  ( 0.8608746975109852200, 0.7023156731378780200, 0.9400000000000000600 ) ) ;
#1741 = CARTESIAN_POINT ( 'NONE',  ( 0.1886430396978598700, 0.6631216273244853200, 0.9300000000000000500 ) ) ;
#1742 = VERTEX_POINT ( 'NONE', #4015 ) ;
#1743 = CARTESIAN_POINT ( 'NONE',  ( 0.5436542834821478400, 0.6723588557673174600, 0.9300000000000000500 ) ) ;
#1744 = CARTESIAN_POINT ( 'NONE',  ( 0.4658160737180047600, 0.6732996483785580500, 0.9400000000000000600 ) ) ;
#1745 = CARTESIAN_POINT ( 'NONE',  ( 0.4474458600906227000, 0.6318057426650551800, 0.9300000000000000500 ) ) ;
#1746 = EDGE_CURVE ( 'NONE', #9679, #809, #8982, .T. ) ;
#1747 = ORIENTED_EDGE ( 'NONE', *, *, #1606, .T. ) ;
#1748 = CARTESIAN_POINT ( 'NONE',  ( 0.5498437085590167600, 0.6191298001079786900, 0.9300000000000000500 ) ) ;
#1749 = EDGE_CURVE ( 'NONE', #8923, #383, #348, .T. ) ;
#1750 = CARTESIAN_POINT ( 'NONE',  ( 0.4892863736090102800, 0.8616067169107740600, 0.9300000000000000500 ) ) ;
#1751 = CARTESIAN_POINT ( 'NONE',  ( 0.4474458600906227000, 0.6318057426650551800, 0.9300000000000000500 ) ) ;
#1752 = ORIENTED_EDGE ( 'NONE', *, *, #1808, .F. ) ;
#1753 = ORIENTED_EDGE ( 'NONE', *, *, #7031, .T. ) ;
#1754 = FACE_OUTER_BOUND ( 'NONE', #1684, .T. ) ;
#1755 = CARTESIAN_POINT ( 'NONE',  ( 0.6392437643663834200, 0.7854520307678748400, 0.9400000000000000600 ) ) ;
#1756 = ADVANCED_FACE ( 'NONE', ( #8741 ), #2919, .F. ) ;
#1757 = DIRECTION ( 'NONE',  ( -0.0000000000000000000, -0.0000000000000000000, -1.000000000000000000 ) ) ;
#1758 = ORIENTED_EDGE ( 'NONE', *, *, #10832, .F. ) ;
#1759 = ORIENTED_EDGE ( 'NONE', *, *, #10012, .F. ) ;
#1760 = VERTEX_POINT ( 'NONE', #1562 ) ;
#1761 = ORIENTED_EDGE ( 'NONE', *, *, #3715, .F. ) ;
#1762 = LINE ( 'NONE', #9568, #2023 ) ;
#1763 = DIRECTION ( 'NONE',  ( 0.0000000000000000000, 1.000000000000000000, 0.0000000000000000000 ) ) ;
#1764 = PLANE ( 'NONE',  #1888 ) ;
#1765 = VECTOR ( 'NONE', #1891, 1000.000000000000000 ) ;
#1766 =( GEOMETRIC_REPRESENTATION_CONTEXT ( 3 ) GLOBAL_UNCERTAINTY_ASSIGNED_CONTEXT ( ( #5284 ) ) GLOBAL_UNIT_ASSIGNED_CONTEXT ( ( #4490, #10407, #5361 ) ) REPRESENTATION_CONTEXT ( 'NONE', 'WORKASPACE' ) );
#1767 = DIRECTION ( 'NONE',  ( -0.0000000000000000000, -0.0000000000000000000, 1.000000000000000000 ) ) ;
#1768 =( NAMED_UNIT ( * ) SI_UNIT ( $, .STERADIAN. ) SOLID_ANGLE_UNIT ( ) );
#1769 = VERTEX_POINT ( 'NONE', #1856 ) ;
#1770 = ORIENTED_EDGE ( 'NONE', *, *, #6213, .F. ) ;
#1771 = VECTOR ( 'NONE', #5759, 1000.000000000000000 ) ;
#1772 = CARTESIAN_POINT ( 'NONE',  ( 0.7107192451514131600, 0.6643868762684275200, 0.9400000000000000600 ) ) ;
#1773 = CARTESIAN_POINT ( 'NONE',  ( 0.8320072189533398400, 0.6207638083283396600, 0.9300000000000000500 ) ) ;
#1774 = VECTOR ( 'NONE', #10624, 1000.000000000000000 ) ;
#1775 = CARTESIAN_POINT ( 'NONE',  ( 0.1250000000000001100, -0.8749999999999998900, 0.0000000000000000000 ) ) ;
#1776 =( LENGTH_UNIT ( ) NAMED_UNIT ( * ) SI_UNIT ( .MILLI., .METRE. ) );
#1777 = VERTEX_POINT ( 'NONE', #9314 ) ;
#1778 = CARTESIAN_POINT ( 'NONE',  ( 0.7982129580350048000, 0.6343310280960995400, 0.9400000000000000600 ) ) ;
#1779 = VERTEX_POINT ( 'NONE', #8523 ) ;
#1780 = PRESENTATION_LAYER_ASSIGNMENT (  '', '', ( #664 ) ) ;
#1781 = ORIENTED_EDGE ( 'NONE', *, *, #4055, .T. ) ;
#1783 = VERTEX_POINT ( 'NONE', #10054 ) ;
#1782 = CARTESIAN_POINT ( 'NONE',  ( 0.5310773717265184800, 0.6231900629582662900, 0.9300000000000000500 ) ) ;
#1784 = B_SPLINE_CURVE_WITH_KNOTS ( 'NONE', 3,
 ( #5790, #7833, #3457, #5779 ),
 .UNSPECIFIED., .F., .F.,
 ( 4, 4 ),
 ( 14.00000000000000000, 15.00000000000000000 ),
 .UNSPECIFIED. ) ;
#1785 =( NAMED_UNIT ( * ) PLANE_ANGLE_UNIT ( ) SI_UNIT ( $, .RADIAN. ) );
#1786 = FACE_OUTER_BOUND ( 'NONE', #4509, .T. ) ;
#1787 =( NAMED_UNIT ( * ) SI_UNIT ( $, .STERADIAN. ) SOLID_ANGLE_UNIT ( ) );
#1788 = CARTESIAN_POINT ( 'NONE',  ( -0.07991432450440462400, 0.7312939247580169100, 0.9400000000000000600 ) ) ;
#1789 = DIRECTION ( 'NONE',  ( 0.8840949502479010800, 0.4673073067545181500, 0.0000000000000000000 ) ) ;
#1790 = EDGE_LOOP ( 'NONE', ( #10813, #8516, #1835, #5434 ) ) ;
#1791 = CARTESIAN_POINT ( 'NONE',  ( 0.4804973899999419600, 0.8580416080667182500, 0.9300000000000000500 ) ) ;
#1792 = ORIENTED_EDGE ( 'NONE', *, *, #2099, .T. ) ;
#1793 = CARTESIAN_POINT ( 'NONE',  ( 0.4724511374002142700, 0.6469574552526142800, 0.9300000000000000500 ) ) ;
#1794 = LINE ( 'NONE', #8926, #6239 ) ;
#1795 = VECTOR ( 'NONE', #4837, 1000.000000000000000 ) ;
#1796 = AXIS2_PLACEMENT_3D ( 'NONE', #8383, #8410, #8309 ) ;
#1797 = CARTESIAN_POINT ( 'NONE',  ( 0.8750000000000012200, 0.1249999999999909000, -0.02000000000000000000 ) ) ;
#1798 = EDGE_CURVE ( 'NONE', #6421, #8816, #4205, .T. ) ;
#1799 = ORIENTED_EDGE ( 'NONE', *, *, #4293, .T. ) ;
#1800 = FILL_AREA_STYLE_COLOUR ( '', #8248 ) ;
#1801 =( GEOMETRIC_REPRESENTATION_CONTEXT ( 3 ) GLOBAL_UNCERTAINTY_ASSIGNED_CONTEXT ( ( #8817 ) ) GLOBAL_UNIT_ASSIGNED_CONTEXT ( ( #8085, #2987, #8907 ) ) REPRESENTATION_CONTEXT ( 'NONE', 'WORKASPACE' ) );
#1802 =( NAMED_UNIT ( * ) PLANE_ANGLE_UNIT ( ) SI_UNIT ( $, .RADIAN. ) );
#1803 = VERTEX_POINT ( 'NONE', #5805 ) ;
#1804 = DIRECTION ( 'NONE',  ( -0.8863488427958774500, -0.4630180653866638500, 0.0000000000000000000 ) ) ;
#1805 = DIRECTION ( 'NONE',  ( 0.0000000000000000000, 0.0000000000000000000, 1.000000000000000000 ) ) ;
#1806 = LINE ( 'NONE', #5538, #1697 ) ;
#1807 = LINE ( 'NONE', #8542, #6246 ) ;
#1808 = EDGE_CURVE ( 'NONE', #3656, #8363, #6457, .T. ) ;
#1809 =( GEOMETRIC_REPRESENTATION_CONTEXT ( 3 ) GLOBAL_UNCERTAINTY_ASSIGNED_CONTEXT ( ( #10728 ) ) GLOBAL_UNIT_ASSIGNED_CONTEXT ( ( #650, #657, #635 ) ) REPRESENTATION_CONTEXT ( 'NONE', 'WORKASPACE' ) );
#1810 =( LENGTH_UNIT ( ) NAMED_UNIT ( * ) SI_UNIT ( .MILLI., .METRE. ) );
#1811 = CARTESIAN_POINT ( 'NONE',  ( 0.7615963192816301900, 0.7176159319277641800, 0.9400000000000000600 ) ) ;
#1812 = EDGE_CURVE ( 'NONE', #5901, #6535, #10675, .T. ) ;
#1814 = CARTESIAN_POINT ( 'NONE',  ( 0.5976755855513886700, 0.6899368229848047400, 0.9400000000000000600 ) ) ;
#1813 = CARTESIAN_POINT ( 'NONE',  ( 0.4730205645072783600, 0.7941172258752252600, 0.9400000000000000600 ) ) ;
#1815 = CARTESIAN_POINT ( 'NONE',  ( 0.6505085180056106000, 0.6899368229848047400, 0.9400000000000000600 ) ) ;
#1816 = CARTESIAN_POINT ( 'NONE',  ( 0.4841367719451629700, 0.6290823956311254500, 0.9400000000000000600 ) ) ;
#1817 = ORIENTED_EDGE ( 'NONE', *, *, #2961, .T. ) ;
#1818 = ORIENTED_EDGE ( 'NONE', *, *, #7155, .T. ) ;
#1819 = LINE ( 'NONE', #2350, #6254 ) ;
#1820 = VECTOR ( 'NONE', #8871, 1000.000000000000000 ) ;
#1821 = CARTESIAN_POINT ( 'NONE',  ( 0.8749999999999986700, -0.1250000000000091000, -0.02000000000000000000 ) ) ;
#1822 = CARTESIAN_POINT ( 'NONE',  ( 0.7403542124183174500, 0.8588833698775091300, 0.9300000000000000500 ) ) ;
#1823 = CARTESIAN_POINT ( 'NONE',  ( 0.5866088935143900500, 0.5999673400706993000, 0.9300000000000000500 ) ) ;
#1824 = ADVANCED_FACE ( 'NONE', ( #3934 ), #6590, .T. ) ;
#1825 = EDGE_LOOP ( 'NONE', ( #4963, #1988, #713, #5316 ) ) ;
#1826 = DIRECTION ( 'NONE',  ( -0.0000000000000000000, -0.0000000000000000000, -1.000000000000000000 ) ) ;
#1827 = CARTESIAN_POINT ( 'NONE',  ( 0.07433400708163313800, 0.8559320615082910400, 0.9300000000000000500 ) ) ;
#1828 = CARTESIAN_POINT ( 'NONE',  ( 0.5866088935143900500, 0.5999673400706993000, 0.9400000000000000600 ) ) ;
#1829 = ORIENTED_EDGE ( 'NONE', *, *, #9265, .F. ) ;
#1830 = FACE_OUTER_BOUND ( 'NONE', #4850, .T. ) ;
#1831 = CARTESIAN_POINT ( 'NONE',  ( 0.7893249436251499300, 0.6419068843898757500, 0.9400000000000000600 ) ) ;
#1832 = CARTESIAN_POINT ( 'NONE',  ( 0.5310773717265184800, 0.6357174593130073800, 0.9400000000000000600 ) ) ;
#1833 = MECHANICAL_DESIGN_GEOMETRIC_PRESENTATION_REPRESENTATION (  '', ( #174 ), #2362 ) ;
#1834 = ORIENTED_EDGE ( 'NONE', *, *, #1266, .F. ) ;
#1835 = ORIENTED_EDGE ( 'NONE', *, *, #8653, .F. ) ;
#1836 = ORIENTED_EDGE ( 'NONE', *, *, #3589, .F. ) ;
#1837 = CARTESIAN_POINT ( 'NONE',  ( 0.6249999999999998900, 0.8750000000000000000, -0.02000000000000000000 ) ) ;
#1838 = PRESENTATION_STYLE_ASSIGNMENT (( #5033 ) ) ;
#1839 = CARTESIAN_POINT ( 'NONE',  ( 0.4503920264270551700, 0.8210040884079528000, 0.9400000000000000600 ) ) ;
#1840 = PLANE ( 'NONE',  #10318 ) ;
#1841 = FILL_AREA_STYLE_COLOUR ( '', #7531 ) ;
#1842 = CARTESIAN_POINT ( 'NONE',  ( 0.4737137801160609100, 0.8681427497922001900, 0.9400000000000000600 ) ) ;
#1843 = ORIENTED_EDGE ( 'NONE', *, *, #4848, .T. ) ;
#1844 = ORIENTED_EDGE ( 'NONE', *, *, #5664, .T. ) ;
#1845 = DIRECTION ( 'NONE',  ( 0.0000000000000000000, -1.000000000000000000, 0.0000000000000000000 ) ) ;
#1846 = ORIENTED_EDGE ( 'NONE', *, *, #4350, .T. ) ;
#1847 = DIRECTION ( 'NONE',  ( 1.000000000000000000, 0.0000000000000000000, 0.0000000000000000000 ) ) ;
#1848 = LINE ( 'NONE', #7248, #10259 ) ;
#1849 = DIRECTION ( 'NONE',  ( -3.491481338843133400E-015, -1.000000000000000000, 0.0000000000000000000 ) ) ;
#1850 = CARTESIAN_POINT ( 'NONE',  ( 0.5934915341993809400, 0.5985809088531275400, 0.9300000000000000500 ) ) ;
#1851 = ORIENTED_EDGE ( 'NONE', *, *, #4425, .T. ) ;
#1852 = FILL_AREA_STYLE ('',( #193 ) ) ;
#1853 = CARTESIAN_POINT ( 'NONE',  ( 0.7403542124183174500, 0.8588833698775091300, 0.9400000000000000600 ) ) ;
#1854 = ORIENTED_EDGE ( 'NONE', *, *, #2612, .T. ) ;
#1855 = ORIENTED_EDGE ( 'NONE', *, *, #3148, .T. ) ;
#1856 = CARTESIAN_POINT ( 'NONE',  ( 0.8452773463184134500, 0.6581974511915668100, 0.9300000000000000500 ) ) ;
#1857 = FACE_OUTER_BOUND ( 'NONE', #5567, .T. ) ;
#1858 = VECTOR ( 'NONE', #4072, 1000.000000000000000 ) ;
#1859 = B_SPLINE_CURVE_WITH_KNOTS ( 'NONE', 3,
 ( #10809, #3341, #9308, #10506 ),
 .UNSPECIFIED., .F., .F.,
 ( 4, 4 ),
 ( 2.000000000000000000, 3.000000000000000000 ),
 .UNSPECIFIED. ) ;
#1860 = UNCERTAINTY_MEASURE_WITH_UNIT (LENGTH_MEASURE( 1.000000000000000100E-005 ), #6740, 'distance_accuracy_value', 'NONE');
#1861 = DIRECTION ( 'NONE',  ( 0.0000000000000000000, 0.0000000000000000000, 1.000000000000000000 ) ) ;
#1862 = CARTESIAN_POINT ( 'NONE',  ( 0.5547952486202794000, 0.7854520307678748400, 0.9400000000000000600 ) ) ;
#1863 = CARTESIAN_POINT ( 'NONE',  ( 0.7611011652754009500, 0.7064749667899301600, 0.9300000000000000500 ) ) ;
#1864 = PRODUCT ( 'LGA-12_L2.0-W2.0-P0.50-TL_QMA6100', 'LGA-12_L2.0-W2.0-P0.50-TL_QMA6100', '', ( #2621 ) ) ;
#1865 = CARTESIAN_POINT ( 'NONE',  ( 0.7408988818251066600, 0.8556648688373532700, 0.9300000000000000500 ) ) ;
#1866 = STYLED_ITEM ( 'NONE', ( #1838 ), #7720 ) ;
#1867 = CARTESIAN_POINT ( 'NONE',  ( 0.5345929651700160900, 0.6603266134181407000, 0.9300000000000000500 ) ) ;
#1868 = ORIENTED_EDGE ( 'NONE', *, *, #8921, .F. ) ;
#1869 = VECTOR ( 'NONE', #8215, 1000.000000000000000 ) ;
#1870 = EDGE_CURVE ( 'NONE', #10144, #5238, #1762, .T. ) ;
#1871 = UNCERTAINTY_MEASURE_WITH_UNIT (LENGTH_MEASURE( 1.000000000000000100E-005 ), #4970, 'distance_accuracy_value', 'NONE');
#1872 = CARTESIAN_POINT ( 'NONE',  ( 0.7884831818150220800, 0.6252697097836351600, 0.9300000000000000500 ) ) ;
#1873 = EDGE_CURVE ( 'NONE', #92, #6084, #10425, .T. ) ;
#1874 = CARTESIAN_POINT ( 'NONE',  ( 0.5639803554338372900, 0.6915213158045996300, 0.9300000000000000500 ) ) ;
#1875 = ADVANCED_FACE ( 'NONE', ( #8218 ), #2610, .F. ) ;
#1876 = ORIENTED_EDGE ( 'NONE', *, *, #3639, .T. ) ;
#1877 = CARTESIAN_POINT ( 'NONE',  ( 0.3953556586454114500, 0.7744100964311524400, 0.9400000000000000600 ) ) ;
#1878 = VERTEX_POINT ( 'NONE', #5366 ) ;
#1879 = VECTOR ( 'NONE', #9872, 1000.000000000000000 ) ;
#1880 = PLANE ( 'NONE',  #8567 ) ;
#1881 = CARTESIAN_POINT ( 'NONE',  ( 0.8603547858051363600, 0.7000379647096211000, 0.9400000000000000600 ) ) ;
#1882 = CARTESIAN_POINT ( 'NONE',  ( 0.5007739465510748800, 0.6384408063469314600, 0.9300000000000000500 ) ) ;
#1883 = CARTESIAN_POINT ( 'NONE',  ( 0.8550813956392314700, 0.7176159319277641800, 0.9400000000000000600 ) ) ;
#1884 = EDGE_CURVE ( 'NONE', #6074, #1898, #6205, .T. ) ;
#1885 = AXIS2_PLACEMENT_3D ( 'NONE', #5286, #7737, #5143 ) ;
#1886 = CARTESIAN_POINT ( 'NONE',  ( 0.5699964766084249000, 0.6246260095757295600, 0.9300000000000000500 ) ) ;
#1887 = FACE_OUTER_BOUND ( 'NONE', #6585, .T. ) ;
#1888 = AXIS2_PLACEMENT_3D ( 'NONE', #793, #9030, #8255 ) ;
#1889 = VERTEX_POINT ( 'NONE', #306 ) ;
#1890 = DIRECTION ( 'NONE',  ( 0.0000000000000000000, 0.0000000000000000000, -1.000000000000000000 ) ) ;
#1891 = DIRECTION ( 'NONE',  ( 1.000000000000000000, -0.0000000000000000000, -0.0000000000000000000 ) ) ;
#1892 = CARTESIAN_POINT ( 'NONE',  ( 0.7408988818251066600, 0.8556648688373532700, 0.9400000000000000600 ) ) ;
#1893 = VECTOR ( 'NONE', #4636, 1000.000000000000000 ) ;
#1894 = CARTESIAN_POINT ( 'NONE',  ( 0.4974068993095763800, 0.6232395783588224900, 0.9400000000000000600 ) ) ;
#1895 = ADVANCED_FACE ( 'NONE', ( #3683 ), #4493, .F. ) ;
#1896 = DIRECTION ( 'NONE',  ( 1.047444401652940200E-014, 1.000000000000000000, 0.0000000000000000000 ) ) ;
#1897 = CARTESIAN_POINT ( 'NONE',  ( 0.1514581860088235200, 0.8972485831191486800, 0.9400000000000000600 ) ) ;
#1898 = VERTEX_POINT ( 'NONE', #6999 ) ;
#1899 = VERTEX_POINT ( 'NONE', #3645 ) ;
#1900 = CARTESIAN_POINT ( 'NONE',  ( 0.08672897144559160700, 0.8972485831191486800, 0.9300000000000000500 ) ) ;
#1901 = DIRECTION ( 'NONE',  ( 0.0000000000000000000, 1.000000000000000000, 0.0000000000000000000 ) ) ;
#1902 = ORIENTED_EDGE ( 'NONE', *, *, #2321, .T. ) ;
#1903 = CARTESIAN_POINT ( 'NONE',  ( 0.7413940358313312300, 0.8534366758096491000, 0.9300000000000000500 ) ) ;
#1904 = ORIENTED_EDGE ( 'NONE', *, *, #1685, .F. ) ;
#1905 = LINE ( 'NONE', #9918, #1640 ) ;
#1906 = LINE ( 'NONE', #3354, #8870 ) ;
#1907 = CARTESIAN_POINT ( 'NONE',  ( 0.4635136075897990400, 0.8217468194176258400, 0.9400000000000000600 ) ) ;
#1908 = ORIENTED_EDGE ( 'NONE', *, *, #7743, .F. ) ;
#1909 = ORIENTED_EDGE ( 'NONE', *, *, #1739, .F. ) ;
#1910 = ORIENTED_EDGE ( 'NONE', *, *, #5600, .F. ) ;
#1911 = DIRECTION ( 'NONE',  ( -0.3667976789509029800, -0.9303007377811920400, 0.0000000000000000000 ) ) ;
#1912 = VERTEX_POINT ( 'NONE', #5330 ) ;
#1913 = ORIENTED_EDGE ( 'NONE', *, *, #1944, .T. ) ;
#1914 = CARTESIAN_POINT ( 'NONE',  ( 0.1672961807064048700, 0.6417747683330283800, 0.9400000000000000600 ) ) ;
#1915 = CARTESIAN_POINT ( 'NONE',  ( 0.7996736623527519500, 0.6579993895893311300, 0.9400000000000000600 ) ) ;
#1916 = CARTESIAN_POINT ( 'NONE',  ( 0.5025069855725459200, 0.6488390404757544700, 0.9400000000000000600 ) ) ;
#1917 = LINE ( 'NONE', #8459, #4089 ) ;
#1918 = LINE ( 'NONE', #2800, #10329 ) ;
#1919 = VERTEX_POINT ( 'NONE', #122 ) ;
#1920 = CARTESIAN_POINT ( 'NONE',  ( 0.3953556586454114500, 0.7744100964311524400, 0.9300000000000000500 ) ) ;
#1921 = ORIENTED_EDGE ( 'NONE', *, *, #5737, .F. ) ;
#1922 = CARTESIAN_POINT ( 'NONE',  ( 0.8750000000000001100, -0.8750000000000000000, -0.02000000000000000000 ) ) ;
#1923 = EDGE_LOOP ( 'NONE', ( #1523, #2474, #3670, #1978 ) ) ;
#1924 = CARTESIAN_POINT ( 'NONE',  ( 0.7982129580350048000, 0.7047914431690173200, 0.9400000000000000600 ) ) ;
#1925 = CARTESIAN_POINT ( 'NONE',  ( 0.7471625800028051100, 0.8712622200305831800, 0.9400000000000000600 ) ) ;
#1926 = PRESENTATION_STYLE_ASSIGNMENT (( #912 ) ) ;
#1927 = LINE ( 'NONE', #652, #6358 ) ;
#1928 = CARTESIAN_POINT ( 'NONE',  ( 0.4820076097185750900, 0.6618615908373892700, 0.9300000000000000500 ) ) ;
#1929 = CARTESIAN_POINT ( 'NONE',  ( 0.3749999999999998900, 0.8749999999999998900, -0.02000000000000000000 ) ) ;
#1930 = ORIENTED_EDGE ( 'NONE', *, *, #3216, .F. ) ;
#1931 = CARTESIAN_POINT ( 'NONE',  ( 0.5943828114103957300, 0.7854520307678748400, 0.9300000000000000500 ) ) ;
#1932 = ADVANCED_FACE ( 'NONE', ( #3417 ), #6883, .T. ) ;
#1933 = ORIENTED_EDGE ( 'NONE', *, *, #844, .T. ) ;
#1934 = B_SPLINE_CURVE_WITH_KNOTS ( 'NONE', 3,
 ( #8550, #1088, #5763, #3270 ),
 .UNSPECIFIED., .F., .F.,
 ( 4, 4 ),
 ( 10.00000000000000000, 11.00000000000000000 ),
 .UNSPECIFIED. ) ;
#1935 = LINE ( 'NONE', #6571, #10583 ) ;
#1936 = VECTOR ( 'NONE', #7103, 1000.000000000000000 ) ;
#1937 = CARTESIAN_POINT ( 'NONE',  ( 0.4078582973002103900, 0.6643868762684275200, 0.9400000000000000600 ) ) ;
#1938 = CARTESIAN_POINT ( 'NONE',  ( 0.7134673498856181100, 0.7064749667899301600, 0.9400000000000000600 ) ) ;
#1939 = VECTOR ( 'NONE', #567, 1000.000000000000000 ) ;
#1940 = EDGE_CURVE ( 'NONE', #2900, #4589, #10165, .T. ) ;
#1941 = EDGE_CURVE ( 'NONE', #9506, #46, #1511, .T. ) ;
#1942 = CARTESIAN_POINT ( 'NONE',  ( 0.5495218584550677400, 0.6511662643045632600, 0.9300000000000000500 ) ) ;
#1943 = VERTEX_POINT ( 'NONE', #2753 ) ;
#1944 = EDGE_CURVE ( 'NONE', #7592, #7302, #3146, .T. ) ;
#1945 = ORIENTED_EDGE ( 'NONE', *, *, #3606, .T. ) ;
#1946 = LINE ( 'NONE', #7756, #8669 ) ;
#1947 = LINE ( 'NONE', #5658, #523 ) ;
#1948 = SURFACE_STYLE_FILL_AREA ( #3513 ) ;
#1949 = DIRECTION ( 'NONE',  ( -0.6951582048693604200, -0.7188567800353615800, -0.0000000000000000000 ) ) ;
#1950 = CARTESIAN_POINT ( 'NONE',  ( 0.5777951522050398500, 0.6395796605610599700, 0.9400000000000000600 ) ) ;
#1951 = ORIENTED_EDGE ( 'NONE', *, *, #9678, .F. ) ;
#1952 = ORIENTED_EDGE ( 'NONE', *, *, #7836, .T. ) ;
#1953 = EDGE_CURVE ( 'NONE', #6335, #4513, #1581, .T. ) ;
#1954 = STYLED_ITEM ( 'NONE', ( #4507 ), #1209 ) ;
#1955 = FILL_AREA_STYLE ('',( #10414 ) ) ;
#1956 = VERTEX_POINT ( 'NONE', #6171 ) ;
#1957 = VECTOR ( 'NONE', #1083, 1000.000000000000200 ) ;
#1958 = COLOUR_RGB ( '',0.6666666666666666300, 0.6666666666666666300, 0.6666666666666666300 ) ;
#1959 = DIRECTION ( 'NONE',  ( -0.0000000000000000000, -0.0000000000000000000, -1.000000000000000000 ) ) ;
#1960 = EDGE_CURVE ( 'NONE', #1098, #5397, #1259, .T. ) ;
#1961 = PLANE ( 'NONE',  #6635 ) ;
#1962 = DIRECTION ( 'NONE',  ( -0.0000000000000000000, -0.0000000000000000000, -1.000000000000000000 ) ) ;
#1963 = CARTESIAN_POINT ( 'NONE',  ( -0.1068949054074922100, 0.3834854731493751400, -0.001000000000000000000 ) ) ;
#1964 = EDGE_CURVE ( 'NONE', #1277, #6121, #5412, .T. ) ;
#1965 = DIRECTION ( 'NONE',  ( -1.000000000000000000, 0.0000000000000000000, 0.0000000000000000000 ) ) ;
#1966 =( LENGTH_UNIT ( ) NAMED_UNIT ( * ) SI_UNIT ( .MILLI., .METRE. ) );
#1967 = ADVANCED_FACE ( 'NONE', ( #9892 ), #2959, .F. ) ;
#1968 = VERTEX_POINT ( 'NONE', #1971 ) ;
#1969 = LINE ( 'NONE', #8545, #4147 ) ;
#1970 = VECTOR ( 'NONE', #10419, 1000.000000000000000 ) ;
#1971 = CARTESIAN_POINT ( 'NONE',  ( 0.6250000000000001100, -0.6250000000000000000, -0.0000000000000000000 ) ) ;
#1972 =( NAMED_UNIT ( * ) PLANE_ANGLE_UNIT ( ) SI_UNIT ( $, .RADIAN. ) );
#1973 = DIRECTION ( 'NONE',  ( -0.0000000000000000000, -0.0000000000000000000, -1.000000000000000000 ) ) ;
#1974 = FACE_BOUND ( 'NONE', #7215, .T. ) ;
#1975 = VECTOR ( 'NONE', #9325, 1000.000000000000000 ) ;
#1976 = AXIS2_PLACEMENT_3D ( 'NONE', #6933, #8589, #7811 ) ;
#1977 = CARTESIAN_POINT ( 'NONE',  ( 0.02544278721532577900, 0.6700077142594130800, 0.9300000000000000500 ) ) ;
#1978 = ORIENTED_EDGE ( 'NONE', *, *, #9265, .T. ) ;
#1979 = ORIENTED_EDGE ( 'NONE', *, *, #823, .T. ) ;
#1980 = CARTESIAN_POINT ( 'NONE',  ( -0.8749999999999985600, 0.3750000000000029400, 0.0000000000000000000 ) ) ;
#1981 = LINE ( 'NONE', #6834, #8444 ) ;
#1982 = VECTOR ( 'NONE', #6758, 1000.000000000000000 ) ;
#1983 = ADVANCED_FACE ( 'NONE', ( #9383 ), #10301, .F. ) ;
#1984 = DIRECTION ( 'NONE',  ( -0.0000000000000000000, -0.0000000000000000000, -1.000000000000000000 ) ) ;
#1985 =( NAMED_UNIT ( * ) SI_UNIT ( $, .STERADIAN. ) SOLID_ANGLE_UNIT ( ) );
#1986 = CARTESIAN_POINT ( 'NONE',  ( 0.5699964766084249000, 0.6246260095757295600, 0.9300000000000000500 ) ) ;
#1987 = PRESENTATION_LAYER_ASSIGNMENT (  '', '', ( #885 ) ) ;
#1988 = ORIENTED_EDGE ( 'NONE', *, *, #5317, .F. ) ;
#1989 = CARTESIAN_POINT ( 'NONE',  ( 0.5913871296734051200, 0.5881826747243045200, 0.9300000000000000500 ) ) ;
#1990 = ORIENTED_EDGE ( 'NONE', *, *, #1419, .T. ) ;
#1991 = DIRECTION ( 'NONE',  ( 0.0000000000000000000, 0.0000000000000000000, -1.000000000000000000 ) ) ;
#1992 = CARTESIAN_POINT ( 'NONE',  ( 0.6393180374672204900, 0.7744100964311586600, 0.9400000000000000600 ) ) ;
#1993 = EDGE_CURVE ( 'NONE', #7252, #2459, #718, .T. ) ;
#1994 = LINE ( 'NONE', #9020, #10646 ) ;
#1995 = UNCERTAINTY_MEASURE_WITH_UNIT (LENGTH_MEASURE( 1.000000000000000100E-005 ), #6826, 'distance_accuracy_value', 'NONE');
#1996 = CARTESIAN_POINT ( 'NONE',  ( 0.6250000000000040000, 0.3749999999999936200, 0.0000000000000000000 ) ) ;
#1997 = PLANE ( 'NONE',  #3400 ) ;
#1998 = EDGE_CURVE ( 'NONE', #3920, #5103, #4866, .T. ) ;
#1999 = CARTESIAN_POINT ( 'NONE',  ( 0.5364250349926026300, 0.6205162313248981900, 0.9300000000000000500 ) ) ;
#2000 = CARTESIAN_POINT ( 'NONE',  ( 0.3953556586454127200, 0.7176159319277641800, 0.9400000000000000600 ) ) ;
#2001 = ADVANCED_FACE ( 'NONE', ( #9107 ), #3200, .F. ) ;
#2002 = EDGE_LOOP ( 'NONE', ( #10255, #5545 ) ) ;
#2003 = B_SPLINE_CURVE_WITH_KNOTS ( 'NONE', 3,
 ( #1850, #4111, #7493, #3338 ),
 .UNSPECIFIED., .F., .F.,
 ( 4, 4 ),
 ( 4.000000000000000000, 5.000000000000000000 ),
 .UNSPECIFIED. ) ;
#2004 = EDGE_LOOP ( 'NONE', ( #6212, #8303, #6227, #8993 ) ) ;
#2005 = COLOUR_RGB ( '',0.6666666666666666300, 0.6666666666666666300, 0.6666666666666666300 ) ;
#2006 = CARTESIAN_POINT ( 'NONE',  ( 0.4503920264270551700, 0.8064960760282931000, 0.9400000000000000600 ) ) ;
#2007 = B_SPLINE_CURVE_WITH_KNOTS ( 'NONE', 3,
 ( #6406, #4677, #7287, #2235 ),
 .UNSPECIFIED., .F., .F.,
 ( 4, 4 ),
 ( 8.000000000000000000, 9.000000000000000000 ),
 .UNSPECIFIED. ) ;
#2008 = AXIS2_PLACEMENT_3D ( 'NONE', #6889, #1861, #7773 ) ;
#2009 = EDGE_LOOP ( 'NONE', ( #1672, #9283, #1868, #4 ) ) ;
#2010 = ORIENTED_EDGE ( 'NONE', *, *, #7458, .T. ) ;
#2011 = VECTOR ( 'NONE', #9979, 1000.000000000000000 ) ;
#2012 = ORIENTED_EDGE ( 'NONE', *, *, #1211, .F. ) ;
#2013 = VECTOR ( 'NONE', #8844, 1000.000000000000000 ) ;
#2014 = EDGE_CURVE ( 'NONE', #2636, #3135, #2901, .T. ) ;
#2015 = PRESENTATION_LAYER_ASSIGNMENT (  '', '', ( #10650 ) ) ;
#2016 = DIRECTION ( 'NONE',  ( -0.4673073067545181500, 0.8840949502479010800, 0.0000000000000000000 ) ) ;
#2017 = EDGE_CURVE ( 'NONE', #4546, #4284, #6552, .T. ) ;
#2018 = CARTESIAN_POINT ( 'NONE',  ( -0.8749999999999968900, 0.8750000000000030000, -0.02000000000000000000 ) ) ;
#2019 = CARTESIAN_POINT ( 'NONE',  ( 0.5000807309426171800, 0.8616067169107740600, 0.9400000000000000600 ) ) ;
#2020 = ORIENTED_EDGE ( 'NONE', *, *, #8854, .T. ) ;
#2021 = DIRECTION ( 'NONE',  ( 0.0000000000000000000, -0.0000000000000000000, 1.000000000000000000 ) ) ;
#2022 = EDGE_LOOP ( 'NONE', ( #10357, #6454, #5158, #4464 ) ) ;
#2023 = VECTOR ( 'NONE', #5983, 1000.000000000000000 ) ;
#2024 = PRESENTATION_STYLE_ASSIGNMENT (( #2249 ) ) ;
#2025 = CARTESIAN_POINT ( 'NONE',  ( 0.7615963192816301900, 0.7176159319277641800, 0.9400000000000000600 ) ) ;
#2026 = PRODUCT_DEFINITION ( 'Î´Öª', '', #2560, #5406 ) ;
#2027 = CARTESIAN_POINT ( 'NONE',  ( 0.8452773463184134500, 0.6581974511915668100, 0.9400000000000000600 ) ) ;
#2028 = CARTESIAN_POINT ( 'NONE',  ( 0.2237620725598240000, 0.6624330291384651300, 0.9400000000000000600 ) ) ;
#2029 = DIRECTION ( 'NONE',  ( -0.0000000000000000000, -0.0000000000000000000, -1.000000000000000000 ) ) ;
#2030 = CARTESIAN_POINT ( 'NONE',  ( -0.09093206622731372900, 0.8084180577156119300, 0.9300000000000000500 ) ) ;
#2031 = ORIENTED_EDGE ( 'NONE', *, *, #1960, .T. ) ;
#2032 = ORIENTED_EDGE ( 'NONE', *, *, #3720, .T. ) ;
#2033 = DIRECTION ( 'NONE',  ( -1.000000000000000000, 3.491481338843133400E-015, -0.0000000000000000000 ) ) ;
#2034 = CARTESIAN_POINT ( 'NONE',  ( 0.8626820096339490300, 0.6997903877068363300, 0.9300000000000000500 ) ) ;
#2035 = EDGE_LOOP ( 'NONE', ( #1851, #1195, #2213, #2563 ) ) ;
#2036 = VERTEX_POINT ( 'NONE', #659 ) ;
#2037 = ADVANCED_FACE ( 'NONE', ( #5148 ), #883, .F. ) ;
#2038 = CARTESIAN_POINT ( 'NONE',  ( 0.02544278721532577900, 0.6162962151507489500, 0.9300000000000000500 ) ) ;
#2039 = LINE ( 'NONE', #8139, #1774 ) ;
#2040 =( GEOMETRIC_REPRESENTATION_CONTEXT ( 3 ) GLOBAL_UNCERTAINTY_ASSIGNED_CONTEXT ( ( #9998 ) ) GLOBAL_UNIT_ASSIGNED_CONTEXT ( ( #7367, #2295, #8212 ) ) REPRESENTATION_CONTEXT ( 'NONE', 'WORKASPACE' ) );
#2041 = CARTESIAN_POINT ( 'NONE',  ( -0.1249999999999998900, -0.6250000000000000000, -0.02000000000000000000 ) ) ;
#2042 = EDGE_LOOP ( 'NONE', ( #1130, #2844, #4958, #9615 ) ) ;
#2043 = ORIENTED_EDGE ( 'NONE', *, *, #2631, .F. ) ;
#2044 = ORIENTED_EDGE ( 'NONE', *, *, #3518, .T. ) ;
#2045 = ORIENTED_EDGE ( 'NONE', *, *, #6648, .T. ) ;
#2046 = FACE_OUTER_BOUND ( 'NONE', #2871, .T. ) ;
#2047 = CARTESIAN_POINT ( 'NONE',  ( 0.6175560188974045200, 0.6322513812700694100, 0.9400000000000000600 ) ) ;
#2048 = SURFACE_STYLE_FILL_AREA ( #3264 ) ;
#2049 = VECTOR ( 'NONE', #23, 1000.000000000000000 ) ;
#2050 = ORIENTED_EDGE ( 'NONE', *, *, #9888, .T. ) ;
#2051 = ORIENTED_EDGE ( 'NONE', *, *, #1964, .T. ) ;
#2052 = CARTESIAN_POINT ( 'NONE',  ( 0.5229073306253952900, 0.7904035708294961900, 0.9300000000000000500 ) ) ;
#2053 = ADVANCED_FACE ( 'NONE', ( #1630 ), #3464, .F. ) ;
#2054 = FILL_AREA_STYLE_COLOUR ( '', #937 ) ;
#2055 = ORIENTED_EDGE ( 'NONE', *, *, #8302, .F. ) ;
#2056 = DIRECTION ( 'NONE',  ( -1.000000000000000000, 0.0000000000000000000, -0.0000000000000000000 ) ) ;
#2057 = VECTOR ( 'NONE', #521, 1000.000000000000000 ) ;
#2058 = VECTOR ( 'NONE', #8318, 1000.000000000000000 ) ;
#2059 = CARTESIAN_POINT ( 'NONE',  ( 0.2740305282010213100, 0.6335114850253961100, 0.9300000000000000500 ) ) ;
#2060 = CARTESIAN_POINT ( 'NONE',  ( 0.5777951522050398500, 0.6332416892825238900, 0.9300000000000000500 ) ) ;
#2061 = DIRECTION ( 'NONE',  ( 0.0000000000000000000, 0.0000000000000000000, -1.000000000000000000 ) ) ;
#2062 = VERTEX_POINT ( 'NONE', #4038 ) ;
#2063 = CARTESIAN_POINT ( 'NONE',  ( -0.8750000000000013300, -0.3749999999999970600, -0.02000000000000000000 ) ) ;
#2064 = CARTESIAN_POINT ( 'NONE',  ( 0.5021851354685962200, 0.6314591348604966500, 0.9400000000000000600 ) ) ;
#2065 = ORIENTED_EDGE ( 'NONE', *, *, #7742, .T. ) ;
#2066 = CARTESIAN_POINT ( 'NONE',  ( 0.6769249842330500300, 0.8584377312718356500, 0.9300000000000000500 ) ) ;
#2067 = CARTESIAN_POINT ( 'NONE',  ( -0.8749999999999968900, 0.8750000000000030000, -0.02000000000000000000 ) ) ;
#2068 = LINE ( 'NONE', #1773, #10721 ) ;
#2069 = DIRECTION ( 'NONE',  ( -3.491481338843133400E-015, -1.000000000000000000, 0.0000000000000000000 ) ) ;
#2070 = CARTESIAN_POINT ( 'NONE',  ( 0.4841367719451629700, 0.6290823956311254500, 0.9400000000000000600 ) ) ;
#2071 = MECHANICAL_DESIGN_GEOMETRIC_PRESENTATION_REPRESENTATION (  '', ( #404 ), #2603 ) ;
#2072 = ADVANCED_FACE ( 'NONE', ( #6064 ), #8304, .F. ) ;
#2073 = FILL_AREA_STYLE ('',( #2562 ) ) ;
#2074 = B_SPLINE_CURVE_WITH_KNOTS ( 'NONE', 3,
 ( #8736, #10530, #10274, #8963 ),
 .UNSPECIFIED., .F., .F.,
 ( 4, 4 ),
 ( 10.00000000000000000, 11.00000000000000000 ),
 .UNSPECIFIED. ) ;
#2075 = EDGE_LOOP ( 'NONE', ( #2475, #2917, #6235, #7926, #1508, #7461, #10367, #6700, #7435, #10807, #9847, #7338, #3316, #10111 ) ) ;
#2076 = DIRECTION ( 'NONE',  ( 0.0000000000000000000, 1.000000000000000000, 0.0000000000000000000 ) ) ;
#2077 = EDGE_LOOP ( 'NONE', ( #5798, #320, #3621, #1636 ) ) ;
#2078 = LINE ( 'NONE', #3859, #5987 ) ;
#2079 = LINE ( 'NONE', #1334, #6255 ) ;
#2080 = EDGE_CURVE ( 'NONE', #5986, #7217, #8089, .T. ) ;
#2081 = EDGE_CURVE ( 'NONE', #5996, #1300, #10298, .T. ) ;
#2082 = EDGE_CURVE ( 'NONE', #4027, #10044, #1042, .T. ) ;
#2083 = CARTESIAN_POINT ( 'NONE',  ( 0.4078582973002071200, 0.6754783260056996800, 0.9300000000000000500 ) ) ;
#2084 = ORIENTED_EDGE ( 'NONE', *, *, #5922, .F. ) ;
#2085 = EDGE_LOOP ( 'NONE', ( #8464, #9652, #7186, #3159 ) ) ;
#2086 = ORIENTED_EDGE ( 'NONE', *, *, #8712, .T. ) ;
#2087 = VECTOR ( 'NONE', #6043, 1000.000000000000000 ) ;
#2088 = EDGE_CURVE ( 'NONE', #8376, #6777, #2381, .T. ) ;
#2089 = VECTOR ( 'NONE', #2802, 1000.000000000000000 ) ;
#2090 = DIRECTION ( 'NONE',  ( -0.0000000000000000000, -0.0000000000000000000, -1.000000000000000000 ) ) ;
#2091 = CARTESIAN_POINT ( 'NONE',  ( 0.2106785231440085300, 0.8614409290860360900, 0.9300000000000000500 ) ) ;
#2092 = ADVANCED_FACE ( 'NONE', ( #10023 ), #6452, .F. ) ;
#2093 = PLANE ( 'NONE',  #7500 ) ;
#2094 = EDGE_CURVE ( 'NONE', #6158, #3237, #4729, .T. ) ;
#2095 = AXIS2_PLACEMENT_3D ( 'NONE', #9745, #6924, #234 ) ;
#2096 = DIRECTION ( 'NONE',  ( -0.9676172723862202000, -0.2524218971877271700, 0.0000000000000000000 ) ) ;
#2097 = ORIENTED_EDGE ( 'NONE', *, *, #2829, .F. ) ;
#2098 = ORIENTED_EDGE ( 'NONE', *, *, #1067, .T. ) ;
#2099 = EDGE_CURVE ( 'NONE', #5130, #6335, #586, .T. ) ;
#2100 = CARTESIAN_POINT ( 'NONE',  ( 0.04059217059205165500, 0.6162962151507489500, 0.9300000000000000500 ) ) ;
#2101 = PRESENTATION_STYLE_ASSIGNMENT (( #4965 ) ) ;
#2102 = CARTESIAN_POINT ( 'NONE',  ( 0.6915320274138230200, 0.8240740432464388500, 0.9300000000000000500 ) ) ;
#2103 =( NAMED_UNIT ( * ) SI_UNIT ( $, .STERADIAN. ) SOLID_ANGLE_UNIT ( ) );
#2104 = FILL_AREA_STYLE_COLOUR ( '', #117 ) ;
#2105 = CARTESIAN_POINT ( 'NONE',  ( 0.3750000000000001100, -0.6250000000000000000, -0.02000000000000000000 ) ) ;
#2106 = VERTEX_POINT ( 'NONE', #8130 ) ;
#2107 = CARTESIAN_POINT ( 'NONE',  ( 0.5389255627236907400, 0.6860251063361897400, 0.9300000000000000500 ) ) ;
#2108 = LINE ( 'NONE', #3302, #6285 ) ;
#2109 = DIRECTION ( 'NONE',  ( -0.0000000000000000000, 0.0000000000000000000, 1.000000000000000000 ) ) ;
#2110 = DIRECTION ( 'NONE',  ( 2.574713804965531200E-014, -1.000000000000000000, -0.0000000000000000000 ) ) ;
#2111 = CARTESIAN_POINT ( 'NONE',  ( 0.01511366994710774800, 0.7960231393215806400, 0.9300000000000000500 ) ) ;
#2112 = ORIENTED_EDGE ( 'NONE', *, *, #8350, .T. ) ;
#2113 = MECHANICAL_DESIGN_GEOMETRIC_PRESENTATION_REPRESENTATION (  '', ( #10746 ), #2657 ) ;
#2114 = LINE ( 'NONE', #3185, #6290 ) ;
#2115 = VECTOR ( 'NONE', #6352, 1000.000000000000000 ) ;
#2116 = ADVANCED_FACE ( 'NONE', ( #2508, #8971 ), #8094, .T. ) ;
#2117 = CARTESIAN_POINT ( 'NONE',  ( 0.8128200012164387100, 0.6847872213209504900, 0.9400000000000000600 ) ) ;
#2118 = ORIENTED_EDGE ( 'NONE', *, *, #3299, .F. ) ;
#2119 = VERTEX_POINT ( 'NONE', #2178 ) ;
#2120 = LINE ( 'NONE', #5125, #4044 ) ;
#2121 = CARTESIAN_POINT ( 'NONE',  ( 0.7107192451513806300, 0.7744100964311586600, 0.9300000000000000500 ) ) ;
#2122 = CARTESIAN_POINT ( 'NONE',  ( 0.5751955936728356800, 0.6282406338210000400, 0.9300000000000000500 ) ) ;
#2123 =( NAMED_UNIT ( * ) PLANE_ANGLE_UNIT ( ) SI_UNIT ( $, .RADIAN. ) );
#2124 = CARTESIAN_POINT ( 'NONE',  ( -0.3420636973039750700, 0.1402995633473302100, -0.001000000000000000000 ) ) ;
#2125 = EDGE_CURVE ( 'NONE', #5570, #1228, #4474, .T. ) ;
#2126 = ORIENTED_EDGE ( 'NONE', *, *, #7882, .T. ) ;
#2127 = CARTESIAN_POINT ( 'NONE',  ( 0.5921793760833068400, 0.8601212548927491500, 0.9400000000000000600 ) ) ;
#2128 =( NAMED_UNIT ( * ) SI_UNIT ( $, .STERADIAN. ) SOLID_ANGLE_UNIT ( ) );
#2129 = CARTESIAN_POINT ( 'NONE',  ( 0.4464307943782164800, 0.7744100964311524400, 0.9400000000000000600 ) ) ;
#2130 = EDGE_CURVE ( 'NONE', #7766, #8737, #7017, .T. ) ;
#2131 = EDGE_CURVE ( 'NONE', #8106, #7592, #70, .T. ) ;
#2132 = COLOUR_RGB ( '',1.000000000000000000, 1.000000000000000000, 1.000000000000000000 ) ;
#2133 = ADVANCED_FACE ( 'NONE', ( #2252 ), #6656, .F. ) ;
#2134 = B_SPLINE_CURVE_WITH_KNOTS ( 'NONE', 3,
 ( #1788, #6871, #9997, #6913 ),
 .UNSPECIFIED., .F., .F.,
 ( 4, 4 ),
 ( 18.00000000000000000, 19.00000000000000000 ),
 .UNSPECIFIED. ) ;
#2135 = VERTEX_POINT ( 'NONE', #5479 ) ;
#2136 = DIRECTION ( 'NONE',  ( -0.0000000000000000000, -0.0000000000000000000, -1.000000000000000000 ) ) ;
#2137 = VECTOR ( 'NONE', #6505, 1000.000000000000000 ) ;
#2138 = ORIENTED_EDGE ( 'NONE', *, *, #6555, .F. ) ;
#2139 = VERTEX_POINT ( 'NONE', #9637 ) ;
#2140 = CARTESIAN_POINT ( 'NONE',  ( 0.3160356479979080600, 0.7168331264331474500, 0.9400000000000000600 ) ) ;
#2141 = EDGE_CURVE ( 'NONE', #508, #2106, #8337, .T. ) ;
#2142 = CARTESIAN_POINT ( 'NONE',  ( -0.09437512939602889200, 0.6548583440168537200, 0.9400000000000000600 ) ) ;
#2143 = CARTESIAN_POINT ( 'NONE',  ( 0.7418644321372838100, 0.8520997599932974600, 0.9300000000000000500 ) ) ;
#2144 = EDGE_CURVE ( 'NONE', #6760, #4589, #1644, .T. ) ;
#2145 = ORIENTED_EDGE ( 'NONE', *, *, #4792, .T. ) ;
#2146 = AXIS2_PLACEMENT_3D ( 'NONE', #3564, #10456, #9412 ) ;
#2147 = ORIENTED_EDGE ( 'NONE', *, *, #8371, .T. ) ;
#2148 = ORIENTED_EDGE ( 'NONE', *, *, #5295, .T. ) ;
#2149 = CARTESIAN_POINT ( 'NONE',  ( 0.5744776203641002200, 0.6766666956203898400, 0.9300000000000000500 ) ) ;
#2150 = EDGE_CURVE ( 'NONE', #3005, #3951, #6195, .T. ) ;
#2151 = ORIENTED_EDGE ( 'NONE', *, *, #8096, .F. ) ;
#2152 = PLANE ( 'NONE',  #1567 ) ;
#2153 = VECTOR ( 'NONE', #6654, 1000.000000000000100 ) ;
#2154 = ORIENTED_EDGE ( 'NONE', *, *, #9421, .F. ) ;
#2155 = EDGE_CURVE ( 'NONE', #10097, #8923, #10666, .T. ) ;
#2156 = EDGE_LOOP ( 'NONE', ( #9934, #9951, #4131, #3779 ) ) ;
#2157 = ORIENTED_EDGE ( 'NONE', *, *, #9326, .F. ) ;
#2158 = CARTESIAN_POINT ( 'NONE',  ( 0.2905571210839667500, 0.6514153005493975600, 0.9400000000000000600 ) ) ;
#2159 = ORIENTED_EDGE ( 'NONE', *, *, #4786, .F. ) ;
#2160 = VERTEX_POINT ( 'NONE', #2922 ) ;
#2161 = ORIENTED_EDGE ( 'NONE', *, *, #268, .F. ) ;
#2162 = CARTESIAN_POINT ( 'NONE',  ( 0.4841367719451629700, 0.6290823956311254500, 0.9400000000000000600 ) ) ;
#2163 = DIRECTION ( 'NONE',  ( -0.0000000000000000000, -1.000000000000000000, -0.0000000000000000000 ) ) ;
#2164 = FACE_OUTER_BOUND ( 'NONE', #4573, .T. ) ;
#2165 = CARTESIAN_POINT ( 'NONE',  ( 0.2278937404819794100, 0.6204279093409176300, 0.9400000000000000600 ) ) ;
#2166 = CARTESIAN_POINT ( 'NONE',  ( 0.4999569424408943900, 0.8728962282509370500, 0.9400000000000000600 ) ) ;
#2167 = CARTESIAN_POINT ( 'NONE',  ( 0.5146382587228371900, 0.6207638083283396600, 0.9400000000000000600 ) ) ;
#2168 = EDGE_LOOP ( 'NONE', ( #558, #9177, #601, #2595 ) ) ;
#2169 = EDGE_LOOP ( 'NONE', ( #9047, #3308, #8476, #3905 ) ) ;
#2170 = DIRECTION ( 'NONE',  ( 0.0000000000000000000, 0.0000000000000000000, 1.000000000000000000 ) ) ;
#2171 = ORIENTED_EDGE ( 'NONE', *, *, #7240, .T. ) ;
#2172 = CARTESIAN_POINT ( 'NONE',  ( 0.5653420289508036500, 0.6383912909463753700, 0.9400000000000000600 ) ) ;
#2174 = CARTESIAN_POINT ( 'NONE',  ( 0.8320072189533398400, 0.6207638083283396600, 0.9400000000000000600 ) ) ;
#2173 = FACE_OUTER_BOUND ( 'NONE', #374, .T. ) ;
#2175 = SURFACE_STYLE_USAGE ( .BOTH. , #7227 ) ;
#2176 = LINE ( 'NONE', #5049, #10829 ) ;
#2177 = VECTOR ( 'NONE', #4768, 1000.000000000000000 ) ;
#2178 = CARTESIAN_POINT ( 'NONE',  ( 0.1886430396978598700, 0.6631216273244853200, 0.9300000000000000500 ) ) ;
#2179 = ORIENTED_EDGE ( 'NONE', *, *, #10722, .F. ) ;
#2181 = ORIENTED_EDGE ( 'NONE', *, *, #3658, .F. ) ;
#2180 = PLANE ( 'NONE',  #3902 ) ;
#2182 = LINE ( 'NONE', #6850, #8658 ) ;
#2183 = LINE ( 'NONE', #7972, #3836 ) ;
#2184 = VECTOR ( 'NONE', #524, 1000.000000000000000 ) ;
#2185 = PRESENTATION_LAYER_ASSIGNMENT (  '', '', ( #531 ) ) ;
#2186 = ADVANCED_FACE ( 'NONE', ( #1754 ), #2723, .F. ) ;
#2187 = ORIENTED_EDGE ( 'NONE', *, *, #8625, .T. ) ;
#2188 = CARTESIAN_POINT ( 'NONE',  ( 0.5777951522050398500, 0.6395796605610599700, 0.9300000000000000500 ) ) ;
#2189 = EDGE_CURVE ( 'NONE', #5409, #325, #10416, .T. ) ;
#2190 = ORIENTED_EDGE ( 'NONE', *, *, #4291, .F. ) ;
#2191 = CARTESIAN_POINT ( 'NONE',  ( 0.4649990696081569000, 0.6245764941751733600, 0.9300000000000000500 ) ) ;
#2192 = VECTOR ( 'NONE', #4049, 1000.000000000000000 ) ;
#2193 = EDGE_CURVE ( 'NONE', #4678, #7298, #5976, .T. ) ;
#2194 = CARTESIAN_POINT ( 'NONE',  ( 0.5025069855725459200, 0.6760229954124842300, 0.9400000000000000600 ) ) ;
#2195 = CARTESIAN_POINT ( 'NONE',  ( 0.1249999999999998900, 0.8750000000000000000, -0.02000000000000000000 ) ) ;
#2196 = CARTESIAN_POINT ( 'NONE',  ( -0.3420636973039750700, 0.1402995633473302100, -0.001000000000000000000 ) ) ;
#2197 = DIRECTION ( 'NONE',  ( 3.491481338843134100E-015, 1.000000000000000000, 0.0000000000000000000 ) ) ;
#2198 = CARTESIAN_POINT ( 'NONE',  ( 0.5699964766084249000, 0.6246260095757295600, 0.9400000000000000600 ) ) ;
#2199 =( NAMED_UNIT ( * ) SI_UNIT ( $, .STERADIAN. ) SOLID_ANGLE_UNIT ( ) );
#2200 = MECHANICAL_DESIGN_GEOMETRIC_PRESENTATION_REPRESENTATION (  '', ( #10838 ), #2760 ) ;
#2201 = ORIENTED_EDGE ( 'NONE', *, *, #4134, .T. ) ;
#2202 = LINE ( 'NONE', #1116, #1957 ) ;
#2203 = FACE_OUTER_BOUND ( 'NONE', #7698, .T. ) ;
#2204 = B_SPLINE_CURVE_WITH_KNOTS ( 'NONE', 3,
 ( #6026, #6903, #1872, #7786 ),
 .UNSPECIFIED., .F., .F.,
 ( 4, 4 ),
 ( 5.000000000000000000, 6.000000000000000000 ),
 .UNSPECIFIED. ) ;
#2205 = CARTESIAN_POINT ( 'NONE',  ( 0.1845113980440422100, 0.8841650181067611800, 0.9300000000000000500 ) ) ;
#2206 = B_SPLINE_CURVE_WITH_KNOTS ( 'NONE', 3,
 ( #3561, #984, #681, #6514 ),
 .UNSPECIFIED., .F., .F.,
 ( 4, 4 ),
 ( 3.000000000000000000, 4.000000000000000000 ),
 .UNSPECIFIED. ) ;
#2207 = CARTESIAN_POINT ( 'NONE',  ( 0.5777951522050398500, 0.6395796605610599700, 0.9300000000000000500 ) ) ;
#2208 = CARTESIAN_POINT ( 'NONE',  ( 0.4550464740846773000, 0.8491288359565890600, 0.9300000000000000500 ) ) ;
#2209 = DIRECTION ( 'NONE',  ( -0.0000000000000000000, -0.0000000000000000000, -1.000000000000000000 ) ) ;
#2210 = ORIENTED_EDGE ( 'NONE', *, *, #3169, .T. ) ;
#2211 = EDGE_CURVE ( 'NONE', #4041, #9142, #6450, .T. ) ;
#2212 = AXIS2_PLACEMENT_3D ( 'NONE', #1453, #8281, #8324 ) ;
#2213 = ORIENTED_EDGE ( 'NONE', *, *, #989, .F. ) ;
#2214 = VECTOR ( 'NONE', #9080, 1000.000000000000000 ) ;
#2215 = LINE ( 'NONE', #4289, #6674 ) ;
#2216 = EDGE_CURVE ( 'NONE', #7790, #2798, #3673, .T. ) ;
#2217 = CARTESIAN_POINT ( 'NONE',  ( 0.7418644321372838100, 0.8520997599932974600, 0.9400000000000000600 ) ) ;
#2218 = VERTEX_POINT ( 'NONE', #10821 ) ;
#2219 = ORIENTED_EDGE ( 'NONE', *, *, #9165, .F. ) ;
#2220 = CARTESIAN_POINT ( 'NONE',  ( -0.003478770031579850700, 0.7133900960998563700, 0.9300000000000000500 ) ) ;
#2221 = DIRECTION ( 'NONE',  ( 3.925162207837335100E-015, 1.000000000000000000, 0.0000000000000000000 ) ) ;
#2222 = FACE_BOUND ( 'NONE', #647, .T. ) ;
#2223 = LINE ( 'NONE', #7266, #1975 ) ;
#2224 = CARTESIAN_POINT ( 'NONE',  ( 0.5547952486202794000, 0.7854520307678748400, 0.9400000000000000600 ) ) ;
#2225 = ORIENTED_EDGE ( 'NONE', *, *, #7755, .T. ) ;
#2226 = CARTESIAN_POINT ( 'NONE',  ( -0.03859780289354117200, 0.6679419197013349900, 0.9300000000000000500 ) ) ;
#2227 =( LENGTH_UNIT ( ) NAMED_UNIT ( * ) SI_UNIT ( .MILLI., .METRE. ) );
#2228 = VERTEX_POINT ( 'NONE', #6890 ) ;
#2229 = DIRECTION ( 'NONE',  ( -0.9303007377811921600, 0.3667976789509030400, 0.0000000000000000000 ) ) ;
#2230 = LINE ( 'NONE', #7051, #6422 ) ;
#2231 = LINE ( 'NONE', #4417, #4966 ) ;
#2232 = CARTESIAN_POINT ( 'NONE',  ( 0.7395867237090291100, 0.8559619612413554800, 0.9300000000000000500 ) ) ;
#2233 = STYLED_ITEM ( 'NONE', ( #8777 ), #9404 ) ;
#2234 = CARTESIAN_POINT ( 'NONE',  ( 0.2237620725598240000, 0.6624330291384651300, 0.9400000000000000600 ) ) ;
#2235 = CARTESIAN_POINT ( 'NONE',  ( 0.4649990696081569000, 0.6245764941751733600, 0.9400000000000000600 ) ) ;
#2236 = DIRECTION ( 'NONE',  ( 0.0000000000000000000, 0.0000000000000000000, 1.000000000000000000 ) ) ;
#2237 = ADVANCED_FACE ( 'NONE', ( #7954 ), #1045, .F. ) ;
#2238 = CARTESIAN_POINT ( 'NONE',  ( 0.6760832224229499400, 0.6643868762684275200, 0.9400000000000000600 ) ) ;
#2239 = ORIENTED_EDGE ( 'NONE', *, *, #7392, .T. ) ;
#2240 = CARTESIAN_POINT ( 'NONE',  ( -0.3420636973039750700, 0.3834854731493751400, -0.001000000000000000000 ) ) ;
#2241 = CARTESIAN_POINT ( 'NONE',  ( 0.6126787519372730600, 0.8712622200305797400, 0.9400000000000000600 ) ) ;
#2242 = DIRECTION ( 'NONE',  ( -0.0000000000000000000, -0.0000000000000000000, 1.000000000000000000 ) ) ;
#2243 = CARTESIAN_POINT ( 'NONE',  ( 0.09499226788739424700, 0.6438406154277834800, 0.9300000000000000500 ) ) ;
#2244 = VERTEX_POINT ( 'NONE', #10001 ) ;
#2245 = ORIENTED_EDGE ( 'NONE', *, *, #1870, .T. ) ;
#2246 = VECTOR ( 'NONE', #6681, 1000.000000000000000 ) ;
#2247 = PLANE ( 'NONE',  #3227 ) ;
#2248 = CARTESIAN_POINT ( 'NONE',  ( 0.6190414809160874600, 0.6378466215395937100, 0.9400000000000000600 ) ) ;
#2249 = SURFACE_STYLE_USAGE ( .BOTH. , #4732 ) ;
#2250 = EDGE_LOOP ( 'NONE', ( #1416, #9829, #6724, #3750 ) ) ;
#2251 = LINE ( 'NONE', #10270, #6726 ) ;
#2252 = FACE_OUTER_BOUND ( 'NONE', #304, .T. ) ;
#2253 = CARTESIAN_POINT ( 'NONE',  ( 0.4635136075897990400, 0.8217468194176258400, 0.9300000000000000500 ) ) ;
#2254 = CARTESIAN_POINT ( 'NONE',  ( 0.5580880227609703600, 0.6599800056135877200, 0.9400000000000000600 ) ) ;
#2255 = CARTESIAN_POINT ( 'NONE',  ( 0.4973078685081360800, 0.6347271513012086000, 0.9300000000000000500 ) ) ;
#2256 = VECTOR ( 'NONE', #4735, 1000.000000000000000 ) ;
#2257 = CARTESIAN_POINT ( 'NONE',  ( 0.4802993283973856500, 0.6290823956311254500, 0.9300000000000000500 ) ) ;
#2258 = CARTESIAN_POINT ( 'NONE',  ( 0.6398131914727888100, 0.8601212548927491500, 0.9300000000000000500 ) ) ;
#2259 = ORIENTED_EDGE ( 'NONE', *, *, #4502, .T. ) ;
#2260 = CARTESIAN_POINT ( 'NONE',  ( 0.4863154495719740300, 0.6532954265311441400, 0.9300000000000000500 ) ) ;
#2261 =( NAMED_UNIT ( * ) PLANE_ANGLE_UNIT ( ) SI_UNIT ( $, .RADIAN. ) );
#2262 = ORIENTED_EDGE ( 'NONE', *, *, #5082, .F. ) ;
#2263 = VECTOR ( 'NONE', #9648, 1000.000000000000000 ) ;
#2264 = EDGE_CURVE ( 'NONE', #8025, #3820, #5671, .T. ) ;
#2265 = EDGE_CURVE ( 'NONE', #4874, #1919, #1503, .T. ) ;
#2266 = B_SPLINE_CURVE_WITH_KNOTS ( 'NONE', 3,
 ( #5616, #10637, #7329, #2258 ),
 .UNSPECIFIED., .F., .F.,
 ( 4, 4 ),
 ( 5.000000000000000000, 6.000000000000000000 ),
 .UNSPECIFIED. ) ;
#2267 = CARTESIAN_POINT ( 'NONE',  ( -0.07991432450440462400, 0.7030609656968133100, 0.9300000000000000500 ) ) ;
#2268 = VECTOR ( 'NONE', #8113, 1000.000000000000000 ) ;
#2269 = B_SPLINE_CURVE_WITH_KNOTS ( 'NONE', 3,
 ( #10281, #9452, #7816, #241 ),
 .UNSPECIFIED., .F., .F.,
 ( 4, 4 ),
 ( 4.000000000000000000, 5.000000000000000000 ),
 .UNSPECIFIED. ) ;
#2270 = CARTESIAN_POINT ( 'NONE',  ( 0.6132729367446168000, 0.5955604694158568300, 0.9400000000000000600 ) ) ;
#2271 = EDGE_CURVE ( 'NONE', #10097, #6953, #3405, .T. ) ;
#2272 =( LENGTH_UNIT ( ) NAMED_UNIT ( * ) SI_UNIT ( .MILLI., .METRE. ) );
#2273 = DIRECTION ( 'NONE',  ( -1.000000000000000000, 4.336808689942017700E-016, 0.0000000000000000000 ) ) ;
#2274 = ORIENTED_EDGE ( 'NONE', *, *, #5301, .F. ) ;
#2275 = EDGE_LOOP ( 'NONE', ( #3732, #4869, #4752, #5772 ) ) ;
#2276 = ORIENTED_EDGE ( 'NONE', *, *, #6056, .F. ) ;
#2277 = DIRECTION ( 'NONE',  ( -1.000000000000000000, 4.336808689942017700E-016, 0.0000000000000000000 ) ) ;
#2278 = CARTESIAN_POINT ( 'NONE',  ( 0.09499226788739424700, 0.6438406154277834800, 0.9400000000000000600 ) ) ;
#2279 = LINE ( 'NONE', #6427, #8752 ) ;
#2280 = EDGE_CURVE ( 'NONE', #3941, #8047, #1246, .T. ) ;
#2281 = ORIENTED_EDGE ( 'NONE', *, *, #1411, .F. ) ;
#2282 = ORIENTED_EDGE ( 'NONE', *, *, #3937, .T. ) ;
#2283 = CARTESIAN_POINT ( 'NONE',  ( 0.2141215666114700500, 0.7698559748191087200, 0.9300000000000000500 ) ) ;
#2284 = EDGE_CURVE ( 'NONE', #10688, #2605, #3138, .T. ) ;
#2285 = ADVANCED_FACE ( 'NONE', ( #9625 ), #3039, .F. ) ;
#2286 = ORIENTED_EDGE ( 'NONE', *, *, #1468, .T. ) ;
#2287 = VECTOR ( 'NONE', #4377, 1000.000000000000000 ) ;
#2288 = FACE_OUTER_BOUND ( 'NONE', #9649, .T. ) ;
#2289 = LINE ( 'NONE', #5915, #8499 ) ;
#2290 = CARTESIAN_POINT ( 'NONE',  ( 0.5463033574149133200, 0.6659218536876677600, 0.9400000000000000600 ) ) ;
#2291 = CARTESIAN_POINT ( 'NONE',  ( 0.4590572215344044200, 0.6392825681577188900, 0.9400000000000000600 ) ) ;
#2292 = ORIENTED_EDGE ( 'NONE', *, *, #8029, .F. ) ;
#2293 = VERTEX_POINT ( 'NONE', #6217 ) ;
#2294 = AXIS2_PLACEMENT_3D ( 'NONE', #8970, #9737, #10627 ) ;
#2295 =( NAMED_UNIT ( * ) PLANE_ANGLE_UNIT ( ) SI_UNIT ( $, .RADIAN. ) );
#2296 = CIRCLE ( 'NONE', #2476, 0.09299432094351936500 ) ;
#2297 = DIRECTION ( 'NONE',  ( -1.000000000000000000, 0.0000000000000000000, 0.0000000000000000000 ) ) ;
#2298 = CARTESIAN_POINT ( 'NONE',  ( 0.4809925440061695300, 0.6191298001079786900, 0.9400000000000000600 ) ) ;
#2299 = COLOUR_RGB ( '',0.6666666666666666300, 0.6666666666666666300, 0.6666666666666666300 ) ;
#2300 = LINE ( 'NONE', #8830, #631 ) ;
#2301 = ORIENTED_EDGE ( 'NONE', *, *, #7952, .T. ) ;
#2302 = ADVANCED_FACE ( 'NONE', ( #9371, #705 ), #363, .F. ) ;
#2303 = ORIENTED_EDGE ( 'NONE', *, *, #8778, .F. ) ;
#2304 = CARTESIAN_POINT ( 'NONE',  ( 0.6915320274138230200, 0.8090708768605522300, 0.9400000000000000600 ) ) ;
#2305 = CARTESIAN_POINT ( 'NONE',  ( 0.4736890224157845300, 0.8508618749780546600, 0.9400000000000000600 ) ) ;
#2306 = CARTESIAN_POINT ( 'NONE',  ( 0.8750000000000001100, -0.8750000000000000000, -0.02000000000000000000 ) ) ;
#2307 = COLOUR_RGB ( '',0.6666666666666666300, 0.6666666666666666300, 0.6666666666666666300 ) ;
#2308 = VECTOR ( 'NONE', #4151, 1000.000000000000000 ) ;
#2309 = CARTESIAN_POINT ( 'NONE',  ( -0.6249999999999978900, 0.6250000000000021100, -0.02000000000000000000 ) ) ;
#2310 = VECTOR ( 'NONE', #5512, 1000.000000000000000 ) ;
#2311 = CARTESIAN_POINT ( 'NONE',  ( 0.1672961807064048700, 0.6307570397439676800, 0.9300000000000000500 ) ) ;
#2312 = CARTESIAN_POINT ( 'NONE',  ( 0.09499226788739424700, 0.6059671372843856700, 0.9300000000000000500 ) ) ;
#2313 = ORIENTED_EDGE ( 'NONE', *, *, #7392, .F. ) ;
#2314 = VERTEX_POINT ( 'NONE', #3693 ) ;
#2315 = LINE ( 'NONE', #1157, #6804 ) ;
#2316 = MECHANICAL_DESIGN_GEOMETRIC_PRESENTATION_REPRESENTATION (  '', ( #664 ), #2870 ) ;
#2317 = CARTESIAN_POINT ( 'NONE',  ( 0.4736890224157845300, 0.8508618749780546600, 0.9400000000000000600 ) ) ;
#2318 = FACE_OUTER_BOUND ( 'NONE', #1144, .T. ) ;
#2319 = DIRECTION ( 'NONE',  ( -0.3416038306815945600, 0.9398440417769644600, 0.0000000000000000000 ) ) ;
#2320 = DIRECTION ( 'NONE',  ( -1.000000000000000000, 0.0000000000000000000, -0.0000000000000000000 ) ) ;
#2321 = EDGE_CURVE ( 'NONE', #8481, #10060, #2890, .T. ) ;
#2322 = CARTESIAN_POINT ( 'NONE',  ( 0.5889856327437597000, 0.5990265474587975800, 0.9300000000000000500 ) ) ;
#2323 = EDGE_LOOP ( 'NONE', ( #3048, #2889, #5315, #5411 ) ) ;
#2324 = CARTESIAN_POINT ( 'NONE',  ( 0.5580880227609703600, 0.6915213158045996300, 0.9300000000000000500 ) ) ;
#2325 = ORIENTED_EDGE ( 'NONE', *, *, #2351, .T. ) ;
#2326 = VECTOR ( 'NONE', #7959, 1000.000000000000000 ) ;
#2327 = CARTESIAN_POINT ( 'NONE',  ( 0.6250000000000040000, 0.3749999999999936200, -0.02000000000000000000 ) ) ;
#2328 = UNCERTAINTY_MEASURE_WITH_UNIT (LENGTH_MEASURE( 1.000000000000000100E-005 ), #859, 'distance_accuracy_value', 'NONE');
#2329 = CARTESIAN_POINT ( 'NONE',  ( 0.4689603016569947600, 0.6209618699305621300, 0.9300000000000000500 ) ) ;
#2330 = DIRECTION ( 'NONE',  ( -0.0000000000000000000, -0.0000000000000000000, -1.000000000000000000 ) ) ;
#2331 = FILL_AREA_STYLE_COLOUR ( '', #3676 ) ;
#2332 = EDGE_LOOP ( 'NONE', ( #2462, #5026, #2807, #5663 ) ) ;
#2333 = ORIENTED_EDGE ( 'NONE', *, *, #5499, .F. ) ;
#2334 = DIRECTION ( 'NONE',  ( -1.000000000000000000, 3.491481338843134100E-015, 0.0000000000000000000 ) ) ;
#2335 = EDGE_CURVE ( 'NONE', #3178, #3440, #7138, .T. ) ;
#2336 = VECTOR ( 'NONE', #878, 1000.000000000000000 ) ;
#2337 = ADVANCED_FACE ( 'NONE', ( #2638 ), #2093, .F. ) ;
#2338 = B_SPLINE_CURVE_WITH_KNOTS ( 'NONE', 3,
 ( #9897, #9903, #9772, #9853 ),
 .UNSPECIFIED., .F., .F.,
 ( 4, 4 ),
 ( 12.00000000000000000, 13.00000000000000000 ),
 .UNSPECIFIED. ) ;
#2339 = CARTESIAN_POINT ( 'NONE',  ( 0.7471625800028051100, 0.8712622200305831800, 0.9400000000000000600 ) ) ;
#2340 = SURFACE_SIDE_STYLE ('',( #164 ) ) ;
#2341 = DIRECTION ( 'NONE',  ( 1.000000000000000000, -0.0000000000000000000, -0.0000000000000000000 ) ) ;
#2342 = CARTESIAN_POINT ( 'NONE',  ( 0.6549896617612845900, 0.8712622200305797400, 0.9300000000000000500 ) ) ;
#2343 = EDGE_CURVE ( 'NONE', #3941, #2857, #8331, .T. ) ;
#2344 = STYLED_ITEM ( 'NONE', ( #1178 ), #986 ) ;
#2345 = EDGE_LOOP ( 'NONE', ( #9633, #1490, #5815, #2754 ) ) ;
#2346 = CARTESIAN_POINT ( 'NONE',  ( 0.4078582973002103900, 0.6643868762684275200, 0.9400000000000000600 ) ) ;
#2347 = VERTEX_POINT ( 'NONE', #624 ) ;
#2348 = EDGE_CURVE ( 'NONE', #3273, #10844, #10525, .T. ) ;
#2349 = COLOUR_RGB ( '',0.6666666666666666300, 0.6666666666666666300, 0.6666666666666666300 ) ;
#2350 = CARTESIAN_POINT ( 'NONE',  ( -0.9999999999999997800, -1.000000000000000200, 0.9300000000000000500 ) ) ;
#2351 = EDGE_CURVE ( 'NONE', #3490, #208, #6052, .T. ) ;
#2352 = CARTESIAN_POINT ( 'NONE',  ( 0.7400571200149771400, 0.8588833698775091300, 0.9300000000000000500 ) ) ;
#2353 = FILL_AREA_STYLE_COLOUR ( '', #7714 ) ;
#2354 = ORIENTED_EDGE ( 'NONE', *, *, #2099, .F. ) ;
#2355 = CARTESIAN_POINT ( 'NONE',  ( 0.7564962330183363500, 0.8118437392950346200, 0.9400000000000000600 ) ) ;
#2356 = ORIENTED_EDGE ( 'NONE', *, *, #10293, .F. ) ;
#2357 = LINE ( 'NONE', #8822, #4577 ) ;
#2358 = LINE ( 'NONE', #6872, #182 ) ;
#2359 = CARTESIAN_POINT ( 'NONE',  ( 0.05229852363548511500, 0.6286911926485471100, 0.9400000000000000600 ) ) ;
#2360 = EDGE_LOOP ( 'NONE', ( #5816, #9362, #8906, #8217, #9783, #6638, #7572, #7955, #2292, #2534, #959, #8399, #3819, #4836 ) ) ;
#2361 = CARTESIAN_POINT ( 'NONE',  ( 0.4863154495719740300, 0.6532954265311441400, 0.9400000000000000600 ) ) ;
#2362 =( GEOMETRIC_REPRESENTATION_CONTEXT ( 3 ) GLOBAL_UNCERTAINTY_ASSIGNED_CONTEXT ( ( #10006 ) ) GLOBAL_UNIT_ASSIGNED_CONTEXT ( ( #4287, #10215, #5151 ) ) REPRESENTATION_CONTEXT ( 'NONE', 'WORKASPACE' ) );
#2363 = LINE ( 'NONE', #5972, #8576 ) ;
#2364 = DIRECTION ( 'NONE',  ( -0.0000000000000000000, -0.0000000000000000000, -1.000000000000000000 ) ) ;
#2365 = CARTESIAN_POINT ( 'NONE',  ( 0.5710115423211616900, 0.6540876729407230100, 0.9300000000000000500 ) ) ;
#2366 = CARTESIAN_POINT ( 'NONE',  ( 0.0000000000000000000, 0.0000000000000000000, 0.9400000000000000600 ) ) ;
#2367 = SURFACE_SIDE_STYLE ('',( #3881 ) ) ;
#2368 = VERTEX_POINT ( 'NONE', #6370 ) ;
#2369 = CARTESIAN_POINT ( 'NONE',  ( 0.3160356479979080600, 0.7168331264331474500, 0.9400000000000000600 ) ) ;
#2370 = EDGE_LOOP ( 'NONE', ( #5654, #10609, #4179, #7697 ) ) ;
#2371 = CARTESIAN_POINT ( 'NONE',  ( -0.3749999999999998900, -0.6250000000000000000, 0.0000000000000000000 ) ) ;
#2372 = CARTESIAN_POINT ( 'NONE',  ( 0.8750000000000040000, 0.3749999999999909000, 0.0000000000000000000 ) ) ;
#2373 = AXIS2_PLACEMENT_3D ( 'NONE', #1862, #6262, #436 ) ;
#2374 = LINE ( 'NONE', #10140, #6305 ) ;
#2375 = CARTESIAN_POINT ( 'NONE',  ( 0.09499226788739424700, 0.6059671372843856700, 0.9400000000000000600 ) ) ;
#2376 = ORIENTED_EDGE ( 'NONE', *, *, #8722, .F. ) ;
#2377 = LINE ( 'NONE', #7398, #4062 ) ;
#2378 = B_SPLINE_CURVE_WITH_KNOTS ( 'NONE', 3,
 ( #3392, #5194, #10154, #5094 ),
 .UNSPECIFIED., .F., .F.,
 ( 4, 4 ),
 ( 23.00000000000000000, 24.00000000000000000 ),
 .UNSPECIFIED. ) ;
#2379 = ORIENTED_EDGE ( 'NONE', *, *, #4862, .T. ) ;
#2380 = CARTESIAN_POINT ( 'NONE',  ( 0.1913974587109590300, 0.6624330291384651300, 0.9400000000000000600 ) ) ;
#2381 = LINE ( 'NONE', #3060, #1377 ) ;
#2382 = CARTESIAN_POINT ( 'NONE',  ( -0.6249999999999998900, -0.8750000000000000000, -0.02000000000000000000 ) ) ;
#2383 = ADVANCED_FACE ( 'NONE', ( #8076 ), #9033, .F. ) ;
#2384 = B_SPLINE_CURVE_WITH_KNOTS ( 'NONE', 3,
 ( #2724, #4395, #5258, #274 ),
 .UNSPECIFIED., .F., .F.,
 ( 4, 4 ),
 ( 35.00000000000000000, 36.00000000000000000 ),
 .UNSPECIFIED. ) ;
#2385 = DIRECTION ( 'NONE',  ( -1.000000000000000000, 0.0000000000000000000, 0.0000000000000000000 ) ) ;
#2386 = UNCERTAINTY_MEASURE_WITH_UNIT (LENGTH_MEASURE( 1.000000000000000100E-005 ), #2227, 'distance_accuracy_value', 'NONE');
#2387 = ORIENTED_EDGE ( 'NONE', *, *, #3223, .T. ) ;
#2388 = VERTEX_POINT ( 'NONE', #7256 ) ;
#2389 = ORIENTED_EDGE ( 'NONE', *, *, #1726, .T. ) ;
#2390 = EDGE_CURVE ( 'NONE', #4822, #6317, #9501, .T. ) ;
#2391 = CARTESIAN_POINT ( 'NONE',  ( 0.02544278721532577900, 0.6700077142594130800, 0.9400000000000000600 ) ) ;
#2392 = DIRECTION ( 'NONE',  ( 0.3897582650655330700, 0.9209172030172450000, 0.0000000000000000000 ) ) ;
#2394 = CARTESIAN_POINT ( 'NONE',  ( 0.4590572215344044200, 0.6522060877175773800, 0.9400000000000000600 ) ) ;
#2393 = LINE ( 'NONE', #5801, #2153 ) ;
#2395 = AXIS2_PLACEMENT_3D ( 'NONE', #1701, #7598, #2503 ) ;
#2396 = CARTESIAN_POINT ( 'NONE',  ( 0.5473431808279249900, 0.6790929502503110200, 0.9300000000000000500 ) ) ;
#2397 = CARTESIAN_POINT ( 'NONE',  ( -0.1129675628079643600, 0.6755165785539475300, 0.9300000000000000500 ) ) ;
#2398 = EDGE_CURVE ( 'NONE', #6699, #6589, #7726, .T. ) ;
#2399 = AXIS2_PLACEMENT_3D ( 'NONE', #9077, #2527, #2572 ) ;
#2400 = VERTEX_POINT ( 'NONE', #8258 ) ;
#2401 = CARTESIAN_POINT ( 'NONE',  ( 0.6175560188974045200, 0.6322513812700694100, 0.9400000000000000600 ) ) ;
#2402 = VERTEX_POINT ( 'NONE', #7599 ) ;
#2403 = EDGE_CURVE ( 'NONE', #1253, #5172, #577, .T. ) ;
#2405 = DIRECTION ( 'NONE',  ( -1.000000000000000000, 0.0000000000000000000, 0.0000000000000000000 ) ) ;
#2404 = CARTESIAN_POINT ( 'NONE',  ( 0.5157771129369606000, 0.7746576734339373200, 0.9400000000000000600 ) ) ;
#2406 = CARTESIAN_POINT ( 'NONE',  ( 0.8749999999999998900, 0.6250000000000000000, 0.0000000000000000000 ) ) ;
#2407 = PLANE ( 'NONE',  #10246 ) ;
#2408 = CARTESIAN_POINT ( 'NONE',  ( 0.8550813956392314700, 0.7176159319277641800, 0.9300000000000000500 ) ) ;
#2409 = VERTEX_POINT ( 'NONE', #9161 ) ;
#2410 = DIRECTION ( 'NONE',  ( 0.0000000000000000000, 1.000000000000000000, 0.0000000000000000000 ) ) ;
#2411 = ORIENTED_EDGE ( 'NONE', *, *, #4775, .T. ) ;
#2413 = ORIENTED_EDGE ( 'NONE', *, *, #10847, .F. ) ;
#2412 = CARTESIAN_POINT ( 'NONE',  ( 0.5418717290601226000, 0.6542362191423900500, 0.9300000000000000500 ) ) ;
#2414 = FACE_OUTER_BOUND ( 'NONE', #2042, .T. ) ;
#2415 = VECTOR ( 'NONE', #10845, 1000.000000000000000 ) ;
#2416 = EDGE_CURVE ( 'NONE', #7482, #7158, #7271, .T. ) ;
#2417 = PRESENTATION_LAYER_ASSIGNMENT (  '', '', ( #1350 ) ) ;
#2418 = LINE ( 'NONE', #6221, #6628 ) ;
#2419 = LINE ( 'NONE', #8187, #6629 ) ;
#2420 = CARTESIAN_POINT ( 'NONE',  ( 0.7982129580350048000, 0.7047914431690173200, 0.9400000000000000600 ) ) ;
#2421 = ORIENTED_EDGE ( 'NONE', *, *, #10388, .T. ) ;
#2422 = CARTESIAN_POINT ( 'NONE',  ( 0.6760832224229544900, 0.7064749667899301600, 0.9400000000000000600 ) ) ;
#2423 = ORIENTED_EDGE ( 'NONE', *, *, #2416, .T. ) ;
#2424 = CARTESIAN_POINT ( 'NONE',  ( 0.7464693643943523000, 0.6318057426650612900, 0.9300000000000000500 ) ) ;
#2425 = VECTOR ( 'NONE', #1299, 1000.000000000000000 ) ;
#2426 = LINE ( 'NONE', #4522, #6369 ) ;
#2427 = LINE ( 'NONE', #349, #1939 ) ;
#2428 = VECTOR ( 'NONE', #110, 1000.000000000000000 ) ;
#2429 = CARTESIAN_POINT ( 'NONE',  ( 0.5737348893547593600, 0.6510177181028996600, 0.9400000000000000600 ) ) ;
#2430 = DIRECTION ( 'NONE',  ( -0.0000000000000000000, -0.0000000000000000000, -1.000000000000000000 ) ) ;
#2431 = VERTEX_POINT ( 'NONE', #8333 ) ;
#2432 = FILL_AREA_STYLE ('',( #10842 ) ) ;
#2433 = CARTESIAN_POINT ( 'NONE',  ( -0.1129675628079643600, 0.6755165785539475300, 0.9400000000000000600 ) ) ;
#2434 = ORIENTED_EDGE ( 'NONE', *, *, #756, .F. ) ;
#2435 = CARTESIAN_POINT ( 'NONE',  ( 0.5497941931581259400, 0.6808259892717772900, 0.9400000000000000600 ) ) ;
#2436 = VECTOR ( 'NONE', #3538, 1000.000000000000000 ) ;
#2437 = CARTESIAN_POINT ( 'NONE',  ( 0.04678967247544814400, 0.7133900960998563700, 0.9300000000000000500 ) ) ;
#2438 = ADVANCED_FACE ( 'NONE', ( #843 ), #4076, .F. ) ;
#2440 = CARTESIAN_POINT ( 'NONE',  ( 0.4809925440061695300, 0.6191298001079786900, 0.9400000000000000600 ) ) ;
#2439 = CARTESIAN_POINT ( 'NONE',  ( 0.2196304309060044000, 0.7698559748191087200, 0.9300000000000000500 ) ) ;
#2441 = CARTESIAN_POINT ( 'NONE',  ( 0.7339667257398868600, 0.7176159319277641800, 0.9300000000000000500 ) ) ;
#2442 = CARTESIAN_POINT ( 'NONE',  ( 0.5345929651700160900, 0.6603266134181407000, 0.9400000000000000600 ) ) ;
#2443 = CARTESIAN_POINT ( 'NONE',  ( 0.5934915341993809400, 0.5985809088531275400, 0.9400000000000000600 ) ) ;
#2444 = ORIENTED_EDGE ( 'NONE', *, *, #4580, .F. ) ;
#2445 = LINE ( 'NONE', #10205, #6388 ) ;
#2446 = CARTESIAN_POINT ( 'NONE',  ( 0.09499226788739424700, 0.6438406154277834800, 0.9400000000000000600 ) ) ;
#2447 = UNCERTAINTY_MEASURE_WITH_UNIT (LENGTH_MEASURE( 1.000000000000000100E-005 ), #5889, 'distance_accuracy_value', 'NONE');
#2448 = CARTESIAN_POINT ( 'NONE',  ( 0.5368706735982712300, 0.6573061739808761000, 0.9300000000000000500 ) ) ;
#2449 = B_SPLINE_CURVE_WITH_KNOTS ( 'NONE', 3,
 ( #5472, #6079, #1989, #5906 ),
 .UNSPECIFIED., .F., .F.,
 ( 4, 4 ),
 ( 2.000000000000000000, 3.000000000000000000 ),
 .UNSPECIFIED. ) ;
#2450 = ORIENTED_EDGE ( 'NONE', *, *, #3239, .T. ) ;
#2451 = AXIS2_PLACEMENT_3D ( 'NONE', #5335, #5572, #4797 ) ;
#2452 = CARTESIAN_POINT ( 'NONE',  ( 0.4628203919810128200, 0.7859967001746557300, 0.9300000000000000500 ) ) ;
#2453 = ORIENTED_EDGE ( 'NONE', *, *, #5566, .T. ) ;
#2454 = VECTOR ( 'NONE', #9721, 1000.000000000000000 ) ;
#2455 = CARTESIAN_POINT ( 'NONE',  ( 0.6915320274138230200, 0.8240740432464388500, 0.9300000000000000500 ) ) ;
#2456 = CARTESIAN_POINT ( 'NONE',  ( 0.5990372590683527000, 0.5985809088531275400, 0.9300000000000000500 ) ) ;
#2457 = CARTESIAN_POINT ( 'NONE',  ( -0.09437512939602889200, 0.6548583440168537200, 0.9300000000000000500 ) ) ;
#2458 = ORIENTED_EDGE ( 'NONE', *, *, #5443, .T. ) ;
#2459 = VERTEX_POINT ( 'NONE', #10276 ) ;
#2460 = EDGE_CURVE ( 'NONE', #5397, #136, #4719, .T. ) ;
#2461 = EDGE_CURVE ( 'NONE', #2811, #4187, #2497, .T. ) ;
#2462 = ORIENTED_EDGE ( 'NONE', *, *, #9683, .T. ) ;
#2463 = FACE_BOUND ( 'NONE', #7993, .T. ) ;
#2464 = VECTOR ( 'NONE', #2163, 1000.000000000000000 ) ;
#2465 = CARTESIAN_POINT ( 'NONE',  ( 0.6249999999999998900, 0.6250000000000000000, 0.0000000000000000000 ) ) ;
#2466 = CARTESIAN_POINT ( 'NONE',  ( -0.1232966932103497500, 0.7023723281082751000, 0.9400000000000000600 ) ) ;
#2467 =( LENGTH_UNIT ( ) NAMED_UNIT ( * ) SI_UNIT ( .MILLI., .METRE. ) );
#2468 = EDGE_CURVE ( 'NONE', #2795, #5599, #1934, .T. ) ;
#2469 = FILL_AREA_STYLE_COLOUR ( '', #8295 ) ;
#2470 = PLANE ( 'NONE',  #5247 ) ;
#2471 = PLANE ( 'NONE',  #6839 ) ;
#2472 = DIRECTION ( 'NONE',  ( -0.0000000000000000000, -0.0000000000000000000, -1.000000000000000000 ) ) ;
#2473 = DIRECTION ( 'NONE',  ( 0.0000000000000000000, 0.0000000000000000000, -1.000000000000000000 ) ) ;
#2474 = ORIENTED_EDGE ( 'NONE', *, *, #4160, .F. ) ;
#2475 = ORIENTED_EDGE ( 'NONE', *, *, #3930, .T. ) ;
#2476 = AXIS2_PLACEMENT_3D ( 'NONE', #7402, #8650, #6403 ) ;
#2477 = VERTEX_POINT ( 'NONE', #9200 ) ;
#2478 = DIRECTION ( 'NONE',  ( -0.0000000000000000000, -0.0000000000000000000, -1.000000000000000000 ) ) ;
#2479 = FACE_OUTER_BOUND ( 'NONE', #2721, .T. ) ;
#2480 = CARTESIAN_POINT ( 'NONE',  ( 0.7961333112089773500, 0.6912737388011590500, 0.9300000000000000500 ) ) ;
#2481 = EDGE_CURVE ( 'NONE', #5966, #1573, #6268, .T. ) ;
#2482 = AXIS2_PLACEMENT_3D ( 'NONE', #7443, #4887, #9956 ) ;
#2483 = CARTESIAN_POINT ( 'NONE',  ( 0.5422926099655147600, 0.8712622200305797400, 0.9300000000000000500 ) ) ;
#2484 = CARTESIAN_POINT ( 'NONE',  ( 0.1872658433254813200, 0.6204279093409176300, 0.9300000000000000500 ) ) ;
#2485 = EDGE_CURVE ( 'NONE', #2811, #1899, #324, .T. ) ;
#2486 = CARTESIAN_POINT ( 'NONE',  ( 0.06400487667892096300, 0.5749797460765683200, 0.9300000000000000500 ) ) ;
#2487 = ORIENTED_EDGE ( 'NONE', *, *, #9037, .T. ) ;
#2488 = LINE ( 'NONE', #1247, #4711 ) ;
#2489 = EDGE_CURVE ( 'NONE', #10314, #3544, #8956, .T. ) ;
#2490 = ORIENTED_EDGE ( 'NONE', *, *, #10733, .T. ) ;
#2491 = SURFACE_SIDE_STYLE ('',( #4364 ) ) ;
#2492 = CARTESIAN_POINT ( 'NONE',  ( 0.4960947411931701000, 0.7727760882107978000, 0.9300000000000000500 ) ) ;
#2493 = ADVANCED_FACE ( 'NONE', ( #55 ), #6731, .F. ) ;
#2494 = CARTESIAN_POINT ( 'NONE',  ( 0.5547952486203071600, 0.8601212548927491500, 0.9300000000000000500 ) ) ;
#2495 = EDGE_LOOP ( 'NONE', ( #9980, #1951, #7110, #847 ) ) ;
#2496 = CARTESIAN_POINT ( 'NONE',  ( 0.6749443682087967700, 0.8022377515757851400, 0.9300000000000000500 ) ) ;
#2497 = LINE ( 'NONE', #6053, #6718 ) ;
#2498 = CARTESIAN_POINT ( 'NONE',  ( 0.8626820096339490300, 0.6997903877068363300, 0.9400000000000000600 ) ) ;
#2499 = CARTESIAN_POINT ( 'NONE',  ( 0.5568996531462886400, 0.6816677510825681600, 0.9300000000000000500 ) ) ;
#2500 = CARTESIAN_POINT ( 'NONE',  ( 0.8550813956392314700, 0.7176159319277641800, 0.9300000000000000500 ) ) ;
#2501 = STYLED_ITEM ( 'NONE', ( #8989 ), #10418 ) ;
#2502 = ORIENTED_EDGE ( 'NONE', *, *, #5859, .T. ) ;
#2503 = DIRECTION ( 'NONE',  ( 0.0000000000000000000, 0.0000000000000000000, 1.000000000000000000 ) ) ;
#2504 = VERTEX_POINT ( 'NONE', #2991 ) ;
#2505 = CARTESIAN_POINT ( 'NONE',  ( 0.4896329814132432400, 0.6915213158045996300, 0.9400000000000000600 ) ) ;
#2506 = CARTESIAN_POINT ( 'NONE',  ( 0.7702367566887100600, 0.7744100964311179100, 0.9400000000000000600 ) ) ;
#2507 = LINE ( 'NONE', #2719, #68 ) ;
#2508 = FACE_OUTER_BOUND ( 'NONE', #424, .T. ) ;
#2509 = DIRECTION ( 'NONE',  ( 0.3283461648125113900, -0.9445574604294410000, 0.0000000000000000000 ) ) ;
#2510 = LINE ( 'NONE', #8153, #6734 ) ;
#2511 = CARTESIAN_POINT ( 'NONE',  ( 0.3953556586454101700, 0.8712622200305797400, 0.9300000000000000500 ) ) ;
#2512 = DIRECTION ( 'NONE',  ( -1.000000000000000000, 0.0000000000000000000, 0.0000000000000000000 ) ) ;
#2513 = CARTESIAN_POINT ( 'NONE',  ( -0.004167394486273090900, 0.5749797460765683200, 0.9400000000000000600 ) ) ;
#2514 = ORIENTED_EDGE ( 'NONE', *, *, #9408, .F. ) ;
#2515 = PLANE ( 'NONE',  #8417 ) ;
#2516 = MECHANICAL_DESIGN_GEOMETRIC_PRESENTATION_REPRESENTATION (  '', ( #885 ), #3066 ) ;
#2517 = LINE ( 'NONE', #8199, #2268 ) ;
#2518 = CARTESIAN_POINT ( 'NONE',  ( 0.06400487667892096300, 0.5749797460765683200, 0.9400000000000000600 ) ) ;
#2519 = VECTOR ( 'NONE', #312, 1000.000000000000000 ) ;
#2520 = B_SPLINE_CURVE_WITH_KNOTS ( 'NONE', 3,
 ( #3892, #2994, #2962, #2791 ),
 .UNSPECIFIED., .F., .F.,
 ( 4, 4 ),
 ( 2.000000000000000000, 3.000000000000000000 ),
 .UNSPECIFIED. ) ;
#2521 = PLANE ( 'NONE',  #8146 ) ;
#2522 = VERTEX_POINT ( 'NONE', #8910 ) ;
#2523 = VERTEX_POINT ( 'NONE', #5827 ) ;
#2524 = CARTESIAN_POINT ( 'NONE',  ( 0.5229073306253952900, 0.8558629304402384200, 0.9400000000000000600 ) ) ;
#2525 = EDGE_LOOP ( 'NONE', ( #7699, #162, #8064, #4325 ) ) ;
#2526 = EDGE_CURVE ( 'NONE', #8008, #1777, #6437, .T. ) ;
#2527 = DIRECTION ( 'NONE',  ( 0.0000000000000000000, 0.0000000000000000000, -1.000000000000000000 ) ) ;
#2528 = VECTOR ( 'NONE', #3640, 1000.000000000000000 ) ;
#2529 = VECTOR ( 'NONE', #8918, 1000.000000000000000 ) ;
#2530 = SURFACE_STYLE_USAGE ( .BOTH. , #7624 ) ;
#2531 = EDGE_LOOP ( 'NONE', ( #1913, #9855, #3168, #6749 ) ) ;
#2532 = ORIENTED_EDGE ( 'NONE', *, *, #10590, .F. ) ;
#2533 = CARTESIAN_POINT ( 'NONE',  ( 0.07777706368359811600, 0.6899774031471595000, 0.9300000000000000500 ) ) ;
#2534 = ORIENTED_EDGE ( 'NONE', *, *, #7220, .F. ) ;
#2535 =( NAMED_UNIT ( * ) SI_UNIT ( $, .STERADIAN. ) SOLID_ANGLE_UNIT ( ) );
#2536 = STYLED_ITEM ( 'NONE', ( #10611 ), #8045 ) ;
#2537 = LINE ( 'NONE', #1744, #6765 ) ;
#2538 = DIRECTION ( 'NONE',  ( -1.000000000000000000, 0.0000000000000000000, 0.0000000000000000000 ) ) ;
#2539 =( NAMED_UNIT ( * ) PLANE_ANGLE_UNIT ( ) SI_UNIT ( $, .RADIAN. ) );
#2540 = CARTESIAN_POINT ( 'NONE',  ( 0.6190414809160874600, 0.6378466215395937100, 0.9300000000000000500 ) ) ;
#2541 = EDGE_CURVE ( 'NONE', #7772, #3988, #4191, .T. ) ;
#2542 = MECHANICAL_DESIGN_GEOMETRIC_PRESENTATION_REPRESENTATION (  '', ( #10650 ), #3092 ) ;
#2543 = DIRECTION ( 'NONE',  ( -0.0000000000000000000, -0.0000000000000000000, 1.000000000000000000 ) ) ;
#2544 = ADVANCED_FACE ( 'NONE', ( #3909 ), #10580, .F. ) ;
#2545 = DIRECTION ( 'NONE',  ( 0.0000000000000000000, -0.0000000000000000000, -1.000000000000000000 ) ) ;
#2546 = ORIENTED_EDGE ( 'NONE', *, *, #7836, .F. ) ;
#2547 = EDGE_CURVE ( 'NONE', #3697, #2982, #10005, .T. ) ;
#2549 = CARTESIAN_POINT ( 'NONE',  ( 0.1900202360702399100, 0.6631216273244853200, 0.9300000000000000500 ) ) ;
#2548 = CARTESIAN_POINT ( 'NONE',  ( 0.6250000000000001100, -0.8749999999999998900, -0.02000000000000000000 ) ) ;
#2550 = ORIENTED_EDGE ( 'NONE', *, *, #7370, .T. ) ;
#2551 = DIRECTION ( 'NONE',  ( 1.000000000000000000, -0.0000000000000000000, -0.0000000000000000000 ) ) ;
#2552 = DIRECTION ( 'NONE',  ( -0.3416038306815945600, 0.9398440417769644600, 0.0000000000000000000 ) ) ;
#2553 = CARTESIAN_POINT ( 'NONE',  ( 0.004095928223868394700, 0.8400940602442806800, 0.9400000000000000600 ) ) ;
#2554 = LINE ( 'NONE', #1620, #4515 ) ;
#2555 = CARTESIAN_POINT ( 'NONE',  ( 0.05229852363548511500, 0.6431519647050799600, 0.9300000000000000500 ) ) ;
#2556 = VECTOR ( 'NONE', #5314, 1000.000000000000000 ) ;
#2557 = VECTOR ( 'NONE', #7105, 1000.000000000000000 ) ;
#2558 = CARTESIAN_POINT ( 'NONE',  ( 0.4999569424408943900, 0.8728962282509370500, 0.9400000000000000600 ) ) ;
#2559 = CARTESIAN_POINT ( 'NONE',  ( 0.02613139853584862300, 0.5749797460765683200, 0.9300000000000000500 ) ) ;
#2560 = PRODUCT_DEFINITION_FORMATION_WITH_SPECIFIED_SOURCE ( 'ÈÎºÎ', '', #1864, .NOT_KNOWN. ) ;
#2561 = ORIENTED_EDGE ( 'NONE', *, *, #10012, .T. ) ;
#2562 = FILL_AREA_STYLE_COLOUR ( '', #10665 ) ;
#2563 = ORIENTED_EDGE ( 'NONE', *, *, #1457, .T. ) ;
#2564 = PRESENTATION_LAYER_ASSIGNMENT (  '', '', ( #1486 ) ) ;
#2565 = FACE_OUTER_BOUND ( 'NONE', #1596, .T. ) ;
#2566 = VECTOR ( 'NONE', #2975, 1000.000000000000000 ) ;
#2567 = VECTOR ( 'NONE', #2551, 1000.000000000000000 ) ;
#2568 = DIRECTION ( 'NONE',  ( -0.0000000000000000000, -0.0000000000000000000, -1.000000000000000000 ) ) ;
#2569 = CARTESIAN_POINT ( 'NONE',  ( 0.8128200012164387100, 0.6554245887570808700, 0.9400000000000000600 ) ) ;
#2570 = FACE_OUTER_BOUND ( 'NONE', #9478, .T. ) ;
#2571 = CARTESIAN_POINT ( 'NONE',  ( 0.5368706735982712300, 0.6573061739808761000, 0.9400000000000000600 ) ) ;
#2572 = DIRECTION ( 'NONE',  ( -1.000000000000000000, 0.0000000000000000000, -0.0000000000000000000 ) ) ;
#2573 = VERTEX_POINT ( 'NONE', #1748 ) ;
#2574 = UNCERTAINTY_MEASURE_WITH_UNIT (LENGTH_MEASURE( 1.000000000000000100E-005 ), #258, 'distance_accuracy_value', 'NONE');
#2575 = ORIENTED_EDGE ( 'NONE', *, *, #3453, .F. ) ;
#2576 = SURFACE_STYLE_FILL_AREA ( #7514 ) ;
#2577 = DIRECTION ( 'NONE',  ( 0.0000000000000000000, 0.0000000000000000000, 1.000000000000000000 ) ) ;
#2578 = CARTESIAN_POINT ( 'NONE',  ( 0.08672897144559160700, 0.8972485831191486800, 0.9300000000000000500 ) ) ;
#2579 = CARTESIAN_POINT ( 'NONE',  ( 0.5495218584550677400, 0.6511662643045632600, 0.9300000000000000500 ) ) ;
#2580 = CARTESIAN_POINT ( 'NONE',  ( 0.6132729367446168000, 0.5955604694158568300, 0.9300000000000000500 ) ) ;
#2581 = APPLICATION_PROTOCOL_DEFINITION ( 'draft international standard', 'automotive_design', 1998, #3404 ) ;
#2582 = VERTEX_POINT ( 'NONE', #7653 ) ;
#2583 = ORIENTED_EDGE ( 'NONE', *, *, #4000, .T. ) ;
#2584 = CARTESIAN_POINT ( 'NONE',  ( 0.7239893725158002000, 0.8118437392950346200, 0.9400000000000000600 ) ) ;
#2585 = ORIENTED_EDGE ( 'NONE', *, *, #919, .F. ) ;
#2586 = DIRECTION ( 'NONE',  ( 0.0000000000000000000, -1.000000000000000000, 0.0000000000000000000 ) ) ;
#2588 = DIRECTION ( 'NONE',  ( 0.0000000000000000000, 1.000000000000000000, -0.0000000000000000000 ) ) ;
#2587 = CARTESIAN_POINT ( 'NONE',  ( 0.1913974849792962600, 0.7016837430564193400, 0.9300000000000000500 ) ) ;
#2589 = DIRECTION ( 'NONE',  ( 1.000000000000000000, -0.0000000000000000000, -0.0000000000000000000 ) ) ;
#2590 = DIRECTION ( 'NONE',  ( -0.0000000000000000000, -0.0000000000000000000, 1.000000000000000000 ) ) ;
#2591 = DIRECTION ( 'NONE',  ( -0.0000000000000000000, -0.0000000000000000000, -1.000000000000000000 ) ) ;
#2592 = CARTESIAN_POINT ( 'NONE',  ( -0.03928643391532113400, 0.6218051319819646300, 0.9400000000000000600 ) ) ;
#2593 = ORIENTED_EDGE ( 'NONE', *, *, #4868, .T. ) ;
#2594 = DIRECTION ( 'NONE',  ( -0.0000000000000000000, -0.0000000000000000000, -1.000000000000000000 ) ) ;
#2595 = ORIENTED_EDGE ( 'NONE', *, *, #3524, .T. ) ;
#2596 = ADVANCED_FACE ( 'NONE', ( #9871 ), #2515, .F. ) ;
#2597 = VECTOR ( 'NONE', #6980, 1000.000000000000000 ) ;
#2598 = VECTOR ( 'NONE', #5813, 1000.000000000000000 ) ;
#2599 = CARTESIAN_POINT ( 'NONE',  ( 0.5229073306253952900, 0.8689349962017674000, 0.9300000000000000500 ) ) ;
#2600 = CARTESIAN_POINT ( 'NONE',  ( 0.2278937404819794100, 0.6204279093409176300, 0.9300000000000000500 ) ) ;
#2601 = CARTESIAN_POINT ( 'NONE',  ( 0.7982129580350048000, 0.7047914431690173200, 0.9400000000000000600 ) ) ;
#2602 = DIRECTION ( 'NONE',  ( -0.0000000000000000000, -0.0000000000000000000, -1.000000000000000000 ) ) ;
#2603 =( GEOMETRIC_REPRESENTATION_CONTEXT ( 3 ) GLOBAL_UNCERTAINTY_ASSIGNED_CONTEXT ( ( #3757 ) ) GLOBAL_UNIT_ASSIGNED_CONTEXT ( ( #5696, #5662, #5634 ) ) REPRESENTATION_CONTEXT ( 'NONE', 'WORKASPACE' ) );
#2604 = DIRECTION ( 'NONE',  ( -8.394732939219097700E-014, 1.000000000000000000, -0.0000000000000000000 ) ) ;
#2605 = VERTEX_POINT ( 'NONE', #3393 ) ;
#2606 = EDGE_LOOP ( 'NONE', ( #8740, #7781, #9414, #9164 ) ) ;
#2607 = CARTESIAN_POINT ( 'NONE',  ( 0.1872658433254813200, 0.6204279093409176300, 0.9300000000000000500 ) ) ;
#2608 = ORIENTED_EDGE ( 'NONE', *, *, #8436, .T. ) ;
#2609 = VECTOR ( 'NONE', #9242, 1000.000000000000000 ) ;
#2610 = PLANE ( 'NONE',  #775 ) ;
#2611 = EDGE_CURVE ( 'NONE', #7267, #2119, #6857, .T. ) ;
#2612 = EDGE_CURVE ( 'NONE', #3582, #9558, #4825, .T. ) ;
#2613 = ORIENTED_EDGE ( 'NONE', *, *, #10293, .T. ) ;
#2614 = CARTESIAN_POINT ( 'NONE',  ( 0.4960947411931701000, 0.7727760882107978000, 0.9300000000000000500 ) ) ;
#2615 = ORIENTED_EDGE ( 'NONE', *, *, #2390, .F. ) ;
#2616 = PLANE ( 'NONE',  #4025 ) ;
#2617 = EDGE_CURVE ( 'NONE', #6899, #4085, #4590, .T. ) ;
#2618 = LINE ( 'NONE', #2666, #434 ) ;
#2619 = ADVANCED_FACE ( 'NONE', ( #9082 ), #6773, .F. ) ;
#2620 =( NAMED_UNIT ( * ) SI_UNIT ( $, .STERADIAN. ) SOLID_ANGLE_UNIT ( ) );
#2621 = PRODUCT_CONTEXT ( 'NONE', #3404, 'mechanical' ) ;
#2622 =( NAMED_UNIT ( * ) SI_UNIT ( $, .STERADIAN. ) SOLID_ANGLE_UNIT ( ) );
#2623 = EDGE_CURVE ( 'NONE', #2400, #9192, #10771, .T. ) ;
#2624 = CARTESIAN_POINT ( 'NONE',  ( 0.3749999999999998900, 0.8749999999999998900, 0.0000000000000000000 ) ) ;
#2625 = ORIENTED_EDGE ( 'NONE', *, *, #7013, .T. ) ;
#2626 = CARTESIAN_POINT ( 'NONE',  ( 0.6969044483808419800, 0.7744100964311586600, 0.9300000000000000500 ) ) ;
#2627 = ORIENTED_EDGE ( 'NONE', *, *, #4723, .T. ) ;
#2628 = CARTESIAN_POINT ( 'NONE',  ( -0.3420636973039750700, 0.1402995633473302100, 0.0000000000000000000 ) ) ;
#2629 = ORIENTED_EDGE ( 'NONE', *, *, #3381, .F. ) ;
#2630 = CARTESIAN_POINT ( 'NONE',  ( 0.4748773920304684700, 0.6322018658695104400, 0.9400000000000000600 ) ) ;
#2631 = EDGE_CURVE ( 'NONE', #6074, #2637, #2363, .T. ) ;
#2632 = CARTESIAN_POINT ( 'NONE',  ( 0.6249999999999986700, -0.1250000000000064100, 0.0000000000000000000 ) ) ;
#2633 = DIRECTION ( 'NONE',  ( -1.090812488552360200E-014, -1.000000000000000000, 0.0000000000000000000 ) ) ;
#2634 = EDGE_CURVE ( 'NONE', #5217, #7494, #2120, .T. ) ;
#2635 = DIRECTION ( 'NONE',  ( -1.000000000000000000, -0.0000000000000000000, -0.0000000000000000000 ) ) ;
#2636 = VERTEX_POINT ( 'NONE', #163 ) ;
#2637 = VERTEX_POINT ( 'NONE', #1821 ) ;
#2638 = FACE_OUTER_BOUND ( 'NONE', #7063, .T. ) ;
#2639 = DIRECTION ( 'NONE',  ( 0.0000000000000000000, -1.000000000000000000, 0.0000000000000000000 ) ) ;
#2640 = CARTESIAN_POINT ( 'NONE',  ( 0.6515483414186221700, 0.7854520307678748400, 0.9400000000000000600 ) ) ;
#2641 = VERTEX_POINT ( 'NONE', #7718 ) ;
#2642 = CARTESIAN_POINT ( 'NONE',  ( 0.7413940358313312300, 0.8534366758096491000, 0.9400000000000000600 ) ) ;
#2643 = LINE ( 'NONE', #7483, #7141 ) ;
#2644 = AXIS2_PLACEMENT_3D ( 'NONE', #1515, #1472, #1589 ) ;
#2645 = CARTESIAN_POINT ( 'NONE',  ( 0.5322904990414822900, 0.6633470528554140700, 0.9300000000000000500 ) ) ;
#2646 = ORIENTED_EDGE ( 'NONE', *, *, #9277, .F. ) ;
#2647 = ORIENTED_EDGE ( 'NONE', *, *, #2080, .T. ) ;
#2648 = VECTOR ( 'NONE', #4761, 1000.000000000000000 ) ;
#2649 = ORIENTED_EDGE ( 'NONE', *, *, #6573, .T. ) ;
#2650 = VERTEX_POINT ( 'NONE', #3383 ) ;
#2651 = VECTOR ( 'NONE', #4115, 1000.000000000000000 ) ;
#2652 = UNCERTAINTY_MEASURE_WITH_UNIT (LENGTH_MEASURE( 1.000000000000000100E-005 ), #4843, 'distance_accuracy_value', 'NONE');
#2653 = PLANE ( 'NONE',  #440 ) ;
#2654 = VECTOR ( 'NONE', #6717, 1000.000000000000000 ) ;
#2656 = CARTESIAN_POINT ( 'NONE',  ( -0.8750000000000003300, -0.1249999999999970700, 0.0000000000000000000 ) ) ;
#2655 = LINE ( 'NONE', #5327, #7154 ) ;
#2657 =( GEOMETRIC_REPRESENTATION_CONTEXT ( 3 ) GLOBAL_UNCERTAINTY_ASSIGNED_CONTEXT ( ( #3577 ) ) GLOBAL_UNIT_ASSIGNED_CONTEXT ( ( #9910, #4840, #10742 ) ) REPRESENTATION_CONTEXT ( 'NONE', 'WORKASPACE' ) );
#2658 = CARTESIAN_POINT ( 'NONE',  ( 0.05229852363548511500, 0.6583013612159794900, 0.9400000000000000600 ) ) ;
#2659 = VERTEX_POINT ( 'NONE', #9349 ) ;
#2660 = ORIENTED_EDGE ( 'NONE', *, *, #4341, .T. ) ;
#2661 = CARTESIAN_POINT ( 'NONE',  ( 0.6126787519372730600, 0.8712622200305797400, 0.9400000000000000600 ) ) ;
#2662 = VERTEX_POINT ( 'NONE', #6838 ) ;
#2663 = LINE ( 'NONE', #8676, #4878 ) ;
#2664 = CARTESIAN_POINT ( 'NONE',  ( 0.5866088935143900500, 0.5999673400706993000, 0.9400000000000000600 ) ) ;
#2665 = CARTESIAN_POINT ( 'NONE',  ( 0.5311516448273563300, 0.6670111925005779400, 0.9400000000000000600 ) ) ;
#2666 = CARTESIAN_POINT ( 'NONE',  ( 0.3953556586454127200, 0.6207638083283396600, 0.9300000000000000500 ) ) ;
#2667 = DIRECTION ( 'NONE',  ( -0.0000000000000000000, -0.0000000000000000000, -1.000000000000000000 ) ) ;
#2668 = ORIENTED_EDGE ( 'NONE', *, *, #2887, .T. ) ;
#2669 = CARTESIAN_POINT ( 'NONE',  ( 0.5944323268112803300, 0.5881826747243045200, 0.9400000000000000600 ) ) ;
#2670 = SURFACE_STYLE_USAGE ( .BOTH. , #7769 ) ;
#2671 = ORIENTED_EDGE ( 'NONE', *, *, #2265, .T. ) ;
#2672 = ORIENTED_EDGE ( 'NONE', *, *, #7225, .T. ) ;
#2673 = VERTEX_POINT ( 'NONE', #1262 ) ;
#2674 = CARTESIAN_POINT ( 'NONE',  ( 0.6915320274138230200, 0.8240740432464388500, 0.9400000000000000600 ) ) ;
#2675 = EDGE_CURVE ( 'NONE', #2636, #1323, #9083, .T. ) ;
#2676 = ADVANCED_FACE ( 'NONE', ( #6567 ), #10432, .F. ) ;
#2677 = B_SPLINE_CURVE_WITH_KNOTS ( 'NONE', 3,
 ( #5595, #5192, #7242, #4987 ),
 .UNSPECIFIED., .F., .F.,
 ( 4, 4 ),
 ( 5.000000000000000000, 6.000000000000000000 ),
 .UNSPECIFIED. ) ;
#2678 = DIRECTION ( 'NONE',  ( 0.0000000000000000000, 0.0000000000000000000, 1.000000000000000000 ) ) ;
#2679 = CARTESIAN_POINT ( 'NONE',  ( 0.4809925440061695300, 0.6191298001079786900, 0.9400000000000000600 ) ) ;
#2680 = CARTESIAN_POINT ( 'NONE',  ( 0.5580880227609703600, 0.6915213158045996300, 0.9300000000000000500 ) ) ;
#2681 = ORIENTED_EDGE ( 'NONE', *, *, #4795, .F. ) ;
#2682 = EDGE_CURVE ( 'NONE', #7445, #4726, #8321, .T. ) ;
#2683 = ORIENTED_EDGE ( 'NONE', *, *, #7165, .T. ) ;
#2684 = EDGE_CURVE ( 'NONE', #1027, #2459, #2824, .T. ) ;
#2685 = ORIENTED_EDGE ( 'NONE', *, *, #2094, .F. ) ;
#2686 = DIRECTION ( 'NONE',  ( 1.000000000000000000, -0.0000000000000000000, -0.0000000000000000000 ) ) ;
#2687 = ORIENTED_EDGE ( 'NONE', *, *, #8500, .F. ) ;
#2688 = CARTESIAN_POINT ( 'NONE',  ( 0.5866088935143900500, 0.5891729827367686600, 0.9400000000000000600 ) ) ;
#2689 = FACE_OUTER_BOUND ( 'NONE', #7202, .T. ) ;
#2690 = DIRECTION ( 'NONE',  ( -0.0000000000000000000, -0.0000000000000000000, -1.000000000000000000 ) ) ;
#2691 = CARTESIAN_POINT ( 'NONE',  ( 0.2258279196549056700, 0.6204279093409176300, 0.9400000000000000600 ) ) ;
#2692 = ORIENTED_EDGE ( 'NONE', *, *, #9098, .F. ) ;
#2693 = CARTESIAN_POINT ( 'NONE',  ( 0.8750000000000012200, 0.1249999999999909000, -0.02000000000000000000 ) ) ;
#2694 = CARTESIAN_POINT ( 'NONE',  ( 0.6769249842330500300, 0.8584377312718356500, 0.9400000000000000600 ) ) ;
#2695 = ORIENTED_EDGE ( 'NONE', *, *, #5435, .F. ) ;
#2696 = PLANE ( 'NONE',  #1242 ) ;
#2697 = VECTOR ( 'NONE', #1455, 1000.000000000000000 ) ;
#2698 = EDGE_CURVE ( 'NONE', #10280, #7298, #6296, .T. ) ;
#2699 = STYLED_ITEM ( 'NONE', ( #7467 ), #1085 ) ;
#2700 = FACE_OUTER_BOUND ( 'NONE', #7171, .T. ) ;
#2701 = CARTESIAN_POINT ( 'NONE',  ( 0.5025069855725459200, 0.6207638083283396600, 0.9400000000000000600 ) ) ;
#2702 = ORIENTED_EDGE ( 'NONE', *, *, #5007, .F. ) ;
#2703 = CARTESIAN_POINT ( 'NONE',  ( 0.7156707852130119700, 0.6207638083283396600, 0.9400000000000000600 ) ) ;
#2704 = EDGE_CURVE ( 'NONE', #3613, #44, #10516, .T. ) ;
#2705 = CARTESIAN_POINT ( 'NONE',  ( 0.5495218584550677400, 0.6511662643045632600, 0.9400000000000000600 ) ) ;
#2706 = VERTEX_POINT ( 'NONE', #3878 ) ;
#2707 = CARTESIAN_POINT ( 'NONE',  ( 0.5025069855725459200, 0.6431447694051185500, 0.9300000000000000500 ) ) ;
#2708 = ORIENTED_EDGE ( 'NONE', *, *, #1587, .F. ) ;
#2709 = EDGE_CURVE ( 'NONE', #10043, #2523, #3846, .T. ) ;
#2710 = SURFACE_STYLE_USAGE ( .BOTH. , #10761 ) ;
#2711 = ORIENTED_EDGE ( 'NONE', *, *, #9765, .F. ) ;
#2712 = PRESENTATION_STYLE_ASSIGNMENT (( #9731 ) ) ;
#2713 = VECTOR ( 'NONE', #3885, 1000.000000000000000 ) ;
#2714 = CARTESIAN_POINT ( 'NONE',  ( -0.3749999999999998900, -0.8749999999999998900, -0.02000000000000000000 ) ) ;
#2715 = DIRECTION ( 'NONE',  ( 1.000000000000000000, -1.047444401652940000E-014, -0.0000000000000000000 ) ) ;
#2716 = LINE ( 'NONE', #10160, #7210 ) ;
#2717 = ADVANCED_FACE ( 'NONE', ( #6038 ), #8957, .F. ) ;
#2718 = CARTESIAN_POINT ( 'NONE',  ( 0.02613139853584862300, 0.5749797460765683200, 0.9400000000000000600 ) ) ;
#2719 = CARTESIAN_POINT ( 'NONE',  ( 0.5744776203641002200, 0.6884513609661171400, 0.9400000000000000600 ) ) ;
#2720 = AXIS2_PLACEMENT_3D ( 'NONE', #4523, #4223, #6289 ) ;
#2721 = EDGE_LOOP ( 'NONE', ( #3672, #5828, #4356, #5008 ) ) ;
#2722 = CARTESIAN_POINT ( 'NONE',  ( 0.05849601238471229000, 0.8876080615742205600, 0.9300000000000000500 ) ) ;
#2723 = PLANE ( 'NONE',  #1306 ) ;
#2724 = CARTESIAN_POINT ( 'NONE',  ( 0.3160356479979080600, 0.7168331264331474500, 0.9300000000000000500 ) ) ;
#2725 = ORIENTED_EDGE ( 'NONE', *, *, #3221, .T. ) ;
#2726 = VECTOR ( 'NONE', #4007, 1000.000000000000000 ) ;
#2727 = CARTESIAN_POINT ( 'NONE',  ( 0.1700506259875116400, 0.7381800116929383400, 0.9300000000000000500 ) ) ;
#2728 = AXIS2_PLACEMENT_3D ( 'NONE', #7239, #8101, #2996 ) ;
#2729 = VERTEX_POINT ( 'NONE', #6405 ) ;
#2730 = CARTESIAN_POINT ( 'NONE',  ( 0.5699964766084249000, 0.6246260095757295600, 0.9400000000000000600 ) ) ;
#2731 = ORIENTED_EDGE ( 'NONE', *, *, #539, .T. ) ;
#2732 = VECTOR ( 'NONE', #10150, 1000.000000000000000 ) ;
#2733 = DIRECTION ( 'NONE',  ( 0.0000000000000000000, -1.000000000000000000, -0.0000000000000000000 ) ) ;
#2734 = CARTESIAN_POINT ( 'NONE',  ( 0.7996736623527519500, 0.6700811473390668700, 0.9400000000000000600 ) ) ;
#2735 = ADVANCED_FACE ( 'NONE', ( #5781 ), #6815, .F. ) ;
#2736 = CARTESIAN_POINT ( 'NONE',  ( 0.4884941271991148900, 0.6816677510825681600, 0.9400000000000000600 ) ) ;
#2737 = CARTESIAN_POINT ( 'NONE',  ( 0.6157487067751006300, 0.6379456523407053300, 0.9400000000000000600 ) ) ;
#2738 = VERTEX_POINT ( 'NONE', #4702 ) ;
#2739 = SURFACE_STYLE_USAGE ( .BOTH. , #4371 ) ;
#2740 = MECHANICAL_DESIGN_GEOMETRIC_PRESENTATION_REPRESENTATION (  '', ( #531 ), #3271 ) ;
#2741 = DIRECTION ( 'NONE',  ( -0.3409177962187333600, -0.9400931103999019500, -0.0000000000000000000 ) ) ;
#2742 = LINE ( 'NONE', #4579, #7241 ) ;
#2743 = CARTESIAN_POINT ( 'NONE',  ( -0.001412936070664888900, 0.8407826715644759500, 0.9400000000000000600 ) ) ;
#2744 = SURFACE_SIDE_STYLE ('',( #9727 ) ) ;
#2745 = PLANE ( 'NONE',  #5309 ) ;
#2746 = CARTESIAN_POINT ( 'NONE',  ( 0.5699964766084249000, 0.6246260095757295600, 0.9400000000000000600 ) ) ;
#2747 = CARTESIAN_POINT ( 'NONE',  ( 0.4590572215344044200, 0.6392825681577188900, 0.9300000000000000500 ) ) ;
#2748 = DIRECTION ( 'NONE',  ( -1.000000000000000000, 0.0000000000000000000, -0.0000000000000000000 ) ) ;
#2749 = ORIENTED_EDGE ( 'NONE', *, *, #9272, .F. ) ;
#2750 = EDGE_CURVE ( 'NONE', #325, #7412, #2882, .T. ) ;
#2751 = CARTESIAN_POINT ( 'NONE',  ( 0.7759310277593419700, 0.6207638083283396600, 0.9400000000000000600 ) ) ;
#2752 = ORIENTED_EDGE ( 'NONE', *, *, #6617, .F. ) ;
#2753 = CARTESIAN_POINT ( 'NONE',  ( 0.7418644321372838100, 0.8520997599932974600, 0.9300000000000000500 ) ) ;
#2754 = ORIENTED_EDGE ( 'NONE', *, *, #5301, .T. ) ;
#2755 = VECTOR ( 'NONE', #9226, 1000.000000000000000 ) ;
#2756 = B_SPLINE_CURVE_WITH_KNOTS ( 'NONE', 3,
 ( #5025, #642, #8949, #10055 ),
 .UNSPECIFIED., .F., .F.,
 ( 4, 4 ),
 ( 18.00000000000000000, 19.00000000000000000 ),
 .UNSPECIFIED. ) ;
#2757 = CARTESIAN_POINT ( 'NONE',  ( 0.4503920264270551700, 0.8366014396011827200, 0.9300000000000000500 ) ) ;
#2758 = FILL_AREA_STYLE_COLOUR ( '', #1958 ) ;
#2759 = CARTESIAN_POINT ( 'NONE',  ( 0.4658160737180047600, 0.6732996483785580500, 0.9400000000000000600 ) ) ;
#2760 =( GEOMETRIC_REPRESENTATION_CONTEXT ( 3 ) GLOBAL_UNCERTAINTY_ASSIGNED_CONTEXT ( ( #5693 ) ) GLOBAL_UNIT_ASSIGNED_CONTEXT ( ( #4413, #4668, #4553 ) ) REPRESENTATION_CONTEXT ( 'NONE', 'WORKASPACE' ) );
#2761 = DIRECTION ( 'NONE',  ( -0.0000000000000000000, -0.0000000000000000000, -1.000000000000000000 ) ) ;
#2762 = PLANE ( 'NONE',  #2399 ) ;
#2763 = VERTEX_POINT ( 'NONE', #1359 ) ;
#2764 = ORIENTED_EDGE ( 'NONE', *, *, #9968, .F. ) ;
#2765 = CARTESIAN_POINT ( 'NONE',  ( 0.4649990696081569000, 0.6245764941751733600, 0.9400000000000000600 ) ) ;
#2766 = EDGE_CURVE ( 'NONE', #6536, #3656, #1608, .T. ) ;
#2767 = ADVANCED_FACE ( 'NONE', ( #10004 ), #10526, .F. ) ;
#2768 = DIRECTION ( 'NONE',  ( 0.0000000000000000000, -0.0000000000000000000, 1.000000000000000000 ) ) ;
#2769 = DIRECTION ( 'NONE',  ( -0.0000000000000000000, -1.000000000000000000, -0.0000000000000000000 ) ) ;
#2770 = EDGE_CURVE ( 'NONE', #4905, #10451, #5527, .T. ) ;
#2771 = ORIENTED_EDGE ( 'NONE', *, *, #2770, .F. ) ;
#2772 = ORIENTED_EDGE ( 'NONE', *, *, #6621, .T. ) ;
#2773 = VECTOR ( 'NONE', #3985, 1000.000000000000000 ) ;
#2774 = EDGE_LOOP ( 'NONE', ( #3829, #5765, #5670, #1476 ) ) ;
#2775 = FILL_AREA_STYLE_COLOUR ( '', #1044 ) ;
#2776 = VERTEX_POINT ( 'NONE', #1324 ) ;
#2777 = ORIENTED_EDGE ( 'NONE', *, *, #280, .F. ) ;
#2778 = AXIS2_PLACEMENT_3D ( 'NONE', #8022, #7693, #7810 ) ;
#2779 = FACE_OUTER_BOUND ( 'NONE', #8517, .T. ) ;
#2780 = UNCERTAINTY_MEASURE_WITH_UNIT (LENGTH_MEASURE( 1.000000000000000100E-005 ), #8969, 'distance_accuracy_value', 'NONE');
#2781 = ORIENTED_EDGE ( 'NONE', *, *, #6573, .F. ) ;
#2782 = CARTESIAN_POINT ( 'NONE',  ( -0.1249999999999998900, -0.8750000000000000000, -0.02000000000000000000 ) ) ;
#2783 =( NAMED_UNIT ( * ) SI_UNIT ( $, .STERADIAN. ) SOLID_ANGLE_UNIT ( ) );
#2784 = CARTESIAN_POINT ( 'NONE',  ( 0.5345929651700160900, 0.6603266134181407000, 0.9300000000000000500 ) ) ;
#2785 = CARTESIAN_POINT ( 'NONE',  ( -0.1068949054074922100, 0.3834854731493751400, 0.0000000000000000000 ) ) ;
#2786 = ADVANCED_FACE ( 'NONE', ( #3259 ), #8864, .F. ) ;
#2787 = AXIS2_PLACEMENT_3D ( 'NONE', #8765, #4560, #10465 ) ;
#2788 = VERTEX_POINT ( 'NONE', #5496 ) ;
#2789 = PLANE ( 'NONE',  #372 ) ;
#2790 = ORIENTED_EDGE ( 'NONE', *, *, #2461, .F. ) ;
#2791 = CARTESIAN_POINT ( 'NONE',  ( 0.4748773920304684700, 0.6322018658695104400, 0.9400000000000000600 ) ) ;
#2792 = VECTOR ( 'NONE', #3558, 1000.000000000000000 ) ;
#2793 = LINE ( 'NONE', #4435, #7030 ) ;
#2794 = ORIENTED_EDGE ( 'NONE', *, *, #9521, .F. ) ;
#2795 = VERTEX_POINT ( 'NONE', #7977 ) ;
#2796 = VERTEX_POINT ( 'NONE', #10173 ) ;
#2797 = VERTEX_POINT ( 'NONE', #2943 ) ;
#2798 = VERTEX_POINT ( 'NONE', #402 ) ;
#2799 = DIRECTION ( 'NONE',  ( -0.9398440417769644600, -0.3416038306815945600, 0.0000000000000000000 ) ) ;
#2800 = CARTESIAN_POINT ( 'NONE',  ( 0.7464693643943523000, 0.6318057426650612900, 0.9400000000000000600 ) ) ;
#2801 = FACE_OUTER_BOUND ( 'NONE', #3136, .T. ) ;
#2802 = DIRECTION ( 'NONE',  ( -1.000000000000000000, -0.0000000000000000000, -0.0000000000000000000 ) ) ;
#2803 = ADVANCED_FACE ( 'NONE', ( #8948 ), #6829, .F. ) ;
#2804 = UNCERTAINTY_MEASURE_WITH_UNIT (LENGTH_MEASURE( 1.000000000000000100E-005 ), #7060, 'distance_accuracy_value', 'NONE');
#2805 = LINE ( 'NONE', #6390, #8999 ) ;
#2806 =( LENGTH_UNIT ( ) NAMED_UNIT ( * ) SI_UNIT ( .MILLI., .METRE. ) );
#2807 = ORIENTED_EDGE ( 'NONE', *, *, #4351, .F. ) ;
#2808 = CARTESIAN_POINT ( 'NONE',  ( 0.4999569424408943900, 0.8728962282509370500, 0.9300000000000000500 ) ) ;
#2809 = ORIENTED_EDGE ( 'NONE', *, *, #3715, .T. ) ;
#2810 = CARTESIAN_POINT ( 'NONE',  ( 0.5495218584550677400, 0.6511662643045632600, 0.9400000000000000600 ) ) ;
#2811 = VERTEX_POINT ( 'NONE', #7634 ) ;
#2812 = CARTESIAN_POINT ( 'NONE',  ( 0.4503920264270551700, 0.8210040884079528000, 0.9300000000000000500 ) ) ;
#2813 =( NAMED_UNIT ( * ) SI_UNIT ( $, .STERADIAN. ) SOLID_ANGLE_UNIT ( ) );
#2814 =( LENGTH_UNIT ( ) NAMED_UNIT ( * ) SI_UNIT ( .MILLI., .METRE. ) );
#2815 = VECTOR ( 'NONE', #10543, 1000.000000000000000 ) ;
#2816 = CARTESIAN_POINT ( 'NONE',  ( 0.4903261970216961600, 0.6191298001079786900, 0.9300000000000000500 ) ) ;
#2817 = PLANE ( 'NONE',  #7688 ) ;
#2818 = CARTESIAN_POINT ( 'NONE',  ( 0.6680369698231981600, 0.7955531724926939700, 0.9400000000000000600 ) ) ;
#2819 = CARTESIAN_POINT ( 'NONE',  ( 0.6190414809160874600, 0.6378466215395937100, 0.9400000000000000600 ) ) ;
#2820 = AXIS2_PLACEMENT_3D ( 'NONE', #4186, #6136, #6144 ) ;
#2821 = ORIENTED_EDGE ( 'NONE', *, *, #4140, .F. ) ;
#2822 = ORIENTED_EDGE ( 'NONE', *, *, #5519, .T. ) ;
#2823 = ORIENTED_EDGE ( 'NONE', *, *, #2841, .F. ) ;
#2824 = B_SPLINE_CURVE_WITH_KNOTS ( 'NONE', 3,
 ( #2260, #3075, #1463, #6438 ),
 .UNSPECIFIED., .F., .F.,
 ( 4, 4 ),
 ( 0.0000000000000000000, 1.000000000000000000 ),
 .UNSPECIFIED. ) ;
#2825 = FACE_OUTER_BOUND ( 'NONE', #4637, .T. ) ;
#2826 = FACE_OUTER_BOUND ( 'NONE', #7086, .T. ) ;
#2827 = CARTESIAN_POINT ( 'NONE',  ( 0.4545265623781696900, 0.7948104414836739700, 0.9400000000000000600 ) ) ;
#2828 = LINE ( 'NONE', #7941, #9553 ) ;
#2829 = EDGE_CURVE ( 'NONE', #4217, #7394, #2488, .T. ) ;
#2830 = EDGE_CURVE ( 'NONE', #6264, #3387, #3917, .T. ) ;
#2831 = ORIENTED_EDGE ( 'NONE', *, *, #5997, .F. ) ;
#2832 = EDGE_CURVE ( 'NONE', #5473, #6385, #5428, .T. ) ;
#2833 = ORIENTED_EDGE ( 'NONE', *, *, #6782, .F. ) ;
#2834 = FACE_OUTER_BOUND ( 'NONE', #6, .T. ) ;
#2835 = VECTOR ( 'NONE', #4254, 1000.000000000000000 ) ;
#2836 = VECTOR ( 'NONE', #6275, 1000.000000000000000 ) ;
#2837 = CARTESIAN_POINT ( 'NONE',  ( -0.03928643391532113400, 0.6218051319819646300, 0.9300000000000000500 ) ) ;
#2838 = ADVANCED_FACE ( 'NONE', ( #4458 ), #321, .F. ) ;
#2839 = CARTESIAN_POINT ( 'NONE',  ( 0.5083745605451294200, 0.8616067169107740600, 0.9300000000000000500 ) ) ;
#2840 = ORIENTED_EDGE ( 'NONE', *, *, #10386, .F. ) ;
#2841 = EDGE_CURVE ( 'NONE', #7201, #2659, #6135, .T. ) ;
#2842 = AXIS2_PLACEMENT_3D ( 'NONE', #149, #5961, #988 ) ;
#2843 = PLANE ( 'NONE',  #9422 ) ;
#2844 = ORIENTED_EDGE ( 'NONE', *, *, #9602, .F. ) ;
#2845 = VECTOR ( 'NONE', #2076, 1000.000000000000000 ) ;
#2846 = EDGE_CURVE ( 'NONE', #2135, #10550, #8196, .T. ) ;
#2847 = B_SPLINE_SURFACE_WITH_KNOTS ( 'NONE', 3, 1, ( 
 ( #2290, #9628 ),
 ( #3176, #2973 ),
 ( #787, #5746 ),
 ( #1585, #10835 ) ),
 .UNSPECIFIED., .F., .F., .F.,
 ( 4, 4 ),
 ( 2, 2 ),
 ( 13.00000000000000000, 14.00000000000000000 ),
 ( 0.0000000000000000000, 1.000000000000000000 ),
 .UNSPECIFIED. ) ;
#2848 = CARTESIAN_POINT ( 'NONE',  ( -0.3749999999999998900, -0.8749999999999998900, -0.02000000000000000000 ) ) ;
#2849 = CARTESIAN_POINT ( 'NONE',  ( 0.2871140776165034800, 0.7946458904121934700, 0.9300000000000000500 ) ) ;
#2850 = CARTESIAN_POINT ( 'NONE',  ( 0.07777706368359811600, 0.6899774031471595000, 0.9400000000000000600 ) ) ;
#2851 = CARTESIAN_POINT ( 'NONE',  ( 0.8597606009971351400, 0.6984534718904845700, 0.9300000000000000500 ) ) ;
#2852 = ORIENTED_EDGE ( 'NONE', *, *, #427, .T. ) ;
#2853 = ADVANCED_FACE ( 'NONE', ( #3657 ), #5110, .F. ) ;
#2854 = STYLED_ITEM ( 'NONE', ( #6545 ), #7274 ) ;
#2855 = CARTESIAN_POINT ( 'NONE',  ( 0.1177163495195692300, 0.8559320615082910400, 0.9400000000000000600 ) ) ;
#2856 = CARTESIAN_POINT ( 'NONE',  ( 0.5157771129369606000, 0.7746576734339373200, 0.9300000000000000500 ) ) ;
#2857 = VERTEX_POINT ( 'NONE', #2714 ) ;
#2858 = LINE ( 'NONE', #3972, #2597 ) ;
#2859 = VECTOR ( 'NONE', #1110, 1000.000000000000000 ) ;
#2860 = AXIS2_PLACEMENT_3D ( 'NONE', #4601, #10494, #5466 ) ;
#2861 = CARTESIAN_POINT ( 'NONE',  ( 0.6251813905923989700, 0.7854520307678748400, 0.9400000000000000600 ) ) ;
#2862 = ORIENTED_EDGE ( 'NONE', *, *, #7031, .F. ) ;
#2863 = ORIENTED_EDGE ( 'NONE', *, *, #8377, .F. ) ;
#2864 = ORIENTED_EDGE ( 'NONE', *, *, #9614, .T. ) ;
#2865 = FILL_AREA_STYLE ('',( #2054 ) ) ;
#2866 = FACE_OUTER_BOUND ( 'NONE', #1570, .T. ) ;
#2867 = VECTOR ( 'NONE', #10792, 1000.000000000000000 ) ;
#2868 = CARTESIAN_POINT ( 'NONE',  ( 0.2905571210839667500, 0.6514153005493975600, 0.9400000000000000600 ) ) ;
#2869 = DIRECTION ( 'NONE',  ( 1.047444401652940000E-014, 1.000000000000000000, 0.0000000000000000000 ) ) ;
#2870 =( GEOMETRIC_REPRESENTATION_CONTEXT ( 3 ) GLOBAL_UNCERTAINTY_ASSIGNED_CONTEXT ( ( #5081 ) ) GLOBAL_UNIT_ASSIGNED_CONTEXT ( ( #4489, #10406, #5360 ) ) REPRESENTATION_CONTEXT ( 'NONE', 'WORKASPACE' ) );
#2871 = EDGE_LOOP ( 'NONE', ( #6981, #10400, #6453, #1493 ) ) ;
#2872 = DIRECTION ( 'NONE',  ( -0.0000000000000000000, -0.0000000000000000000, 1.000000000000000000 ) ) ;
#2873 = FILL_AREA_STYLE_COLOUR ( '', #1591 ) ;
#2874 = ORIENTED_EDGE ( 'NONE', *, *, #10180, .F. ) ;
#2875 = FACE_OUTER_BOUND ( 'NONE', #8945, .T. ) ;
#2876 = DIRECTION ( 'NONE',  ( -0.0000000000000000000, -0.0000000000000000000, 1.000000000000000000 ) ) ;
#2877 = CARTESIAN_POINT ( 'NONE',  ( 0.5436542834821478400, 0.6751317182011412600, 0.9300000000000000500 ) ) ;
#2878 = CARTESIAN_POINT ( 'NONE',  ( 0.4822056713211331200, 0.7727760882107978000, 0.9300000000000000500 ) ) ;
#2879 = SURFACE_STYLE_USAGE ( .BOTH. , #7111 ) ;
#2880 = ADVANCED_FACE ( 'NONE', ( #7939 ), #287, .T. ) ;
#2881 = ORIENTED_EDGE ( 'NONE', *, *, #3937, .F. ) ;
#2882 = B_SPLINE_CURVE_WITH_KNOTS ( 'NONE', 3,
 ( #9741, #4676, #8077, #2166 ),
 .UNSPECIFIED., .F., .F.,
 ( 4, 4 ),
 ( 5.000000000000000000, 6.000000000000000000 ),
 .UNSPECIFIED. ) ;
#2883 = EDGE_LOOP ( 'NONE', ( #10118, #6322, #7422, #4295 ) ) ;
#2884 = CARTESIAN_POINT ( 'NONE',  ( 0.2478634031010534800, 0.8070408416423106000, 0.9300000000000000500 ) ) ;
#2885 = AXIS2_PLACEMENT_3D ( 'NONE', #8265, #8204, #8226 ) ;
#2886 = VERTEX_POINT ( 'NONE', #9331 ) ;
#2887 = EDGE_CURVE ( 'NONE', #516, #10043, #5905, .T. ) ;
#2888 = STYLED_ITEM ( 'NONE', ( #6943 ), #8246 ) ;
#2889 = ORIENTED_EDGE ( 'NONE', *, *, #4055, .F. ) ;
#2890 = LINE ( 'NONE', #8790, #4854 ) ;
#2891 = EDGE_CURVE ( 'NONE', #8201, #3811, #7651, .T. ) ;
#2892 = CARTESIAN_POINT ( 'NONE',  ( 0.5547952486202794000, 0.8180331643712409600, 0.9300000000000000500 ) ) ;
#2893 = EDGE_CURVE ( 'NONE', #1277, #600, #5903, .T. ) ;
#2894 = DIRECTION ( 'NONE',  ( 0.0000000000000000000, -1.000000000000000000, 0.0000000000000000000 ) ) ;
#2895 = SURFACE_SIDE_STYLE ('',( #5135 ) ) ;
#2896 = ORIENTED_EDGE ( 'NONE', *, *, #10498, .F. ) ;
#2897 = EDGE_CURVE ( 'NONE', #6803, #3871, #10137, .T. ) ;
#2898 = ORIENTED_EDGE ( 'NONE', *, *, #8308, .F. ) ;
#2899 = CARTESIAN_POINT ( 'NONE',  ( 0.5510320781737000400, 0.6290328802305755800, 0.9300000000000000500 ) ) ;
#2900 = VERTEX_POINT ( 'NONE', #4366 ) ;
#2901 = LINE ( 'NONE', #7384, #461 ) ;
#2902 = PRESENTATION_STYLE_ASSIGNMENT (( #6982 ) ) ;
#2903 = CARTESIAN_POINT ( 'NONE',  ( 0.6059198997533431500, 0.6083354427740475000, 0.9400000000000000600 ) ) ;
#2904 = CARTESIAN_POINT ( 'NONE',  ( 0.8749999999999986700, -0.1250000000000091000, -0.0000000000000000000 ) ) ;
#2905 = CARTESIAN_POINT ( 'NONE',  ( 0.5229073306253952900, 0.8689349962017674000, 0.9300000000000000500 ) ) ;
#2906 = AXIS2_PLACEMENT_3D ( 'NONE', #3707, #8223, #1896 ) ;
#2907 = CARTESIAN_POINT ( 'NONE',  ( 0.4973078685081360800, 0.6347271513012086000, 0.9300000000000000500 ) ) ;
#2908 = VERTEX_POINT ( 'NONE', #10287 ) ;
#2909 =( NAMED_UNIT ( * ) SI_UNIT ( $, .STERADIAN. ) SOLID_ANGLE_UNIT ( ) );
#2910 = ORIENTED_EDGE ( 'NONE', *, *, #2970, .T. ) ;
#2911 = ORIENTED_EDGE ( 'NONE', *, *, #5065, .F. ) ;
#2912 = CARTESIAN_POINT ( 'NONE',  ( 0.5990372590683527000, 0.5985809088531275400, 0.9400000000000000600 ) ) ;
#2913 = UNCERTAINTY_MEASURE_WITH_UNIT (LENGTH_MEASURE( 1.000000000000000100E-005 ), #1140, 'distance_accuracy_value', 'NONE');
#2914 = VERTEX_POINT ( 'NONE', #8601 ) ;
#2915 = LINE ( 'NONE', #198, #9398 ) ;
#2916 = CARTESIAN_POINT ( 'NONE',  ( 0.4424943200293258200, 0.6643868762684275200, 0.9400000000000000600 ) ) ;
#2917 = ORIENTED_EDGE ( 'NONE', *, *, #8156, .T. ) ;
#2918 = ORIENTED_EDGE ( 'NONE', *, *, #1531, .F. ) ;
#2919 = B_SPLINE_SURFACE_WITH_KNOTS ( 'NONE', 3, 1, ( 
 ( #3348, #2899 ),
 ( #901, #10423 ),
 ( #7431, #10208 ),
 ( #1832, #267 ) ),
 .UNSPECIFIED., .F., .F., .F.,
 ( 4, 4 ),
 ( 2, 2 ),
 ( 0.0000000000000000000, 1.000000000000000000 ),
 ( 0.0000000000000000000, 1.000000000000000000 ),
 .UNSPECIFIED. ) ;
#2920 = ORIENTED_EDGE ( 'NONE', *, *, #4996, .F. ) ;
#2921 = EDGE_LOOP ( 'NONE', ( #2625, #5837, #2681, #9560 ) ) ;
#2922 = CARTESIAN_POINT ( 'NONE',  ( 0.02544278721532577900, 0.6162962151507489500, 0.9400000000000000600 ) ) ;
#2923 = FACE_OUTER_BOUND ( 'NONE', #2002, .T. ) ;
#2924 = LINE ( 'NONE', #5924, #741 ) ;
#2925 = LINE ( 'NONE', #2693, #9661 ) ;
#2926 = EDGE_LOOP ( 'NONE', ( #10591, #473, #3028, #4357 ) ) ;
#2927 = CARTESIAN_POINT ( 'NONE',  ( 0.7890526089214275900, 0.6973641330769089200, 0.9400000000000000600 ) ) ;
#2928 = CARTESIAN_POINT ( 'NONE',  ( 0.8915247304913177500, 0.6207638083283396600, 0.9300000000000000500 ) ) ;
#2929 = ADVANCED_FACE ( 'NONE', ( #9864 ), #2696, .F. ) ;
#2930 = ORIENTED_EDGE ( 'NONE', *, *, #3091, .F. ) ;
#2931 = CARTESIAN_POINT ( 'NONE',  ( 0.8749999999999986700, -0.1250000000000091000, 0.0000000000000000000 ) ) ;
#2932 = LINE ( 'NONE', #10292, #7465 ) ;
#2933 = PLANE ( 'NONE',  #10727 ) ;
#2934 = CARTESIAN_POINT ( 'NONE',  ( 0.7400571200149771400, 0.8588833698775091300, 0.9400000000000000600 ) ) ;
#2935 = CARTESIAN_POINT ( 'NONE',  ( 0.8750000000000001100, -0.8750000000000000000, -0.02000000000000000000 ) ) ;
#2936 = CARTESIAN_POINT ( 'NONE',  ( 0.5580880227609703600, 0.6599800056135877200, 0.9400000000000000600 ) ) ;
#2937 = ORIENTED_EDGE ( 'NONE', *, *, #5573, .F. ) ;
#2938 = CARTESIAN_POINT ( 'NONE',  ( -0.6250000000000013300, -0.3749999999999979500, 0.0000000000000000000 ) ) ;
#2939 = DIRECTION ( 'NONE',  ( -0.0000000000000000000, -0.0000000000000000000, -1.000000000000000000 ) ) ;
#2940 = ORIENTED_EDGE ( 'NONE', *, *, #9528, .T. ) ;
#2941 = CARTESIAN_POINT ( 'NONE',  ( -0.8749999999999985600, 0.3750000000000029400, -0.02000000000000000000 ) ) ;
#2942 = LINE ( 'NONE', #706, #510 ) ;
#2943 = CARTESIAN_POINT ( 'NONE',  ( 0.4078582973002103900, 0.6643868762684275200, 0.9300000000000000500 ) ) ;
#2944 = CARTESIAN_POINT ( 'NONE',  ( 0.4503920264270551700, 0.8366014396011827200, 0.9300000000000000500 ) ) ;
#2945 = AXIS2_PLACEMENT_3D ( 'NONE', #10380, #10244, #10582 ) ;
#2946 = LINE ( 'NONE', #7530, #5198 ) ;
#2947 = DIRECTION ( 'NONE',  ( 0.0000000000000000000, 0.0000000000000000000, -1.000000000000000000 ) ) ;
#2948 = ORIENTED_EDGE ( 'NONE', *, *, #4135, .T. ) ;
#2949 = B_SPLINE_CURVE_WITH_KNOTS ( 'NONE', 3,
 ( #4483, #1279, #990, #1143 ),
 .UNSPECIFIED., .F., .F.,
 ( 4, 4 ),
 ( 4.000000000000000000, 5.000000000000000000 ),
 .UNSPECIFIED. ) ;
#2950 = DIRECTION ( 'NONE',  ( -0.0000000000000000000, -0.0000000000000000000, 1.000000000000000000 ) ) ;
#2951 = PRESENTATION_LAYER_ASSIGNMENT (  '', '', ( #1866 ) ) ;
#2952 = VERTEX_POINT ( 'NONE', #8657 ) ;
#2953 = CARTESIAN_POINT ( 'NONE',  ( 0.5473431808279249900, 0.6790929502503110200, 0.9400000000000000600 ) ) ;
#2954 = CARTESIAN_POINT ( 'NONE',  ( -0.03859780289354117200, 0.6679419197013349900, 0.9400000000000000600 ) ) ;
#2955 = EDGE_LOOP ( 'NONE', ( #2389, #6901, #6145, #9761, #150, #421, #699 ) ) ;
#2956 = SURFACE_STYLE_FILL_AREA ( #10181 ) ;
#2957 = FACE_OUTER_BOUND ( 'NONE', #1382, .T. ) ;
#2958 = EDGE_CURVE ( 'NONE', #63, #2160, #4120, .T. ) ;
#2959 = B_SPLINE_SURFACE_WITH_KNOTS ( 'NONE', 3, 1, ( 
 ( #7846, #4463 ),
 ( #5470, #7685 ),
 ( #8674, #9669 ),
 ( #8705, #4430 ) ),
 .UNSPECIFIED., .F., .F., .F.,
 ( 4, 4 ),
 ( 2, 2 ),
 ( 2.000000000000000000, 3.000000000000000000 ),
 ( 0.0000000000000000000, 1.000000000000000000 ),
 .UNSPECIFIED. ) ;
#2960 = CARTESIAN_POINT ( 'NONE',  ( -0.06063329947386220100, 0.6273139962764989800, 0.9400000000000000600 ) ) ;
#2961 = EDGE_CURVE ( 'NONE', #6061, #2662, #7666, .T. ) ;
#2962 = CARTESIAN_POINT ( 'NONE',  ( 0.4725254105013810300, 0.6342815126955351200, 0.9400000000000000600 ) ) ;
#2963 = ORIENTED_EDGE ( 'NONE', *, *, #830, .F. ) ;
#2964 = ORIENTED_EDGE ( 'NONE', *, *, #609, .F. ) ;
#2965 = EDGE_LOOP ( 'NONE', ( #8524, #2831, #6603, #177 ) ) ;
#2966 = LINE ( 'NONE', #4229, #790 ) ;
#2967 = PRESENTATION_STYLE_ASSIGNMENT (( #10238 ) ) ;
#2968 = CARTESIAN_POINT ( 'NONE',  ( 0.7564962330183363500, 0.8118437392950346200, 0.9300000000000000500 ) ) ;
#2969 = CARTESIAN_POINT ( 'NONE',  ( 0.02544278721532577900, 0.6700077142594130800, 0.9300000000000000500 ) ) ;
#2970 = EDGE_CURVE ( 'NONE', #6061, #7001, #9748, .T. ) ;
#2971 = AXIS2_PLACEMENT_3D ( 'NONE', #7885, #1041, #6011 ) ;
#2972 = MECHANICAL_DESIGN_GEOMETRIC_PRESENTATION_REPRESENTATION (  '', ( #1350 ), #3537 ) ;
#2973 = CARTESIAN_POINT ( 'NONE',  ( 0.5445455606931641800, 0.6674568311062515400, 0.9300000000000000500 ) ) ;
#2974 = ORIENTED_EDGE ( 'NONE', *, *, #3083, .F. ) ;
#2975 = DIRECTION ( 'NONE',  ( -0.0000000000000000000, -0.0000000000000000000, -1.000000000000000000 ) ) ;
#2976 = CARTESIAN_POINT ( 'NONE',  ( 0.8413161142685853200, 0.6472545476559552500, 0.9300000000000000500 ) ) ;
#2977 = ORIENTED_EDGE ( 'NONE', *, *, #9968, .T. ) ;
#2978 = LINE ( 'NONE', #6653, #802 ) ;
#2979 = COLOUR_RGB ( '',0.6666666666666666300, 0.6666666666666666300, 0.6666666666666666300 ) ;
#2980 = DIRECTION ( 'NONE',  ( -0.0000000000000000000, -0.0000000000000000000, -1.000000000000000000 ) ) ;
#2981 = VERTEX_POINT ( 'NONE', #1996 ) ;
#2982 = VERTEX_POINT ( 'NONE', #2818 ) ;
#2983 = ORIENTED_EDGE ( 'NONE', *, *, #1812, .F. ) ;
#2984 = CARTESIAN_POINT ( 'NONE',  ( 0.1514581860088235200, 0.8972485831191486800, 0.9300000000000000500 ) ) ;
#2985 = VECTOR ( 'NONE', #6727, 1000.000000000000000 ) ;
#2986 = ADVANCED_FACE ( 'NONE', ( #965 ), #8828, .F. ) ;
#2987 =( NAMED_UNIT ( * ) PLANE_ANGLE_UNIT ( ) SI_UNIT ( $, .RADIAN. ) );
#2988 = CARTESIAN_POINT ( 'NONE',  ( 0.4713617985869710800, 0.6440360466164558600, 0.9300000000000000500 ) ) ;
#2989 = ORIENTED_EDGE ( 'NONE', *, *, #5596, .F. ) ;
#2990 = ORIENTED_EDGE ( 'NONE', *, *, #10031, .T. ) ;
#2991 = CARTESIAN_POINT ( 'NONE',  ( 0.6126787519372730600, 0.7744100964311586600, 0.9400000000000000600 ) ) ;
#2992 = FACE_OUTER_BOUND ( 'NONE', #873, .T. ) ;
#2993 = LINE ( 'NONE', #566, #2755 ) ;
#2994 = CARTESIAN_POINT ( 'NONE',  ( 0.4713617985869710800, 0.6369553443289065500, 0.9400000000000000600 ) ) ;
#2995 = CARTESIAN_POINT ( 'NONE',  ( 0.7395867237090291100, 0.8559619612413554800, 0.9400000000000000600 ) ) ;
#2996 = DIRECTION ( 'NONE',  ( -1.000000000000000000, -2.950894056614935200E-012, 0.0000000000000000000 ) ) ;
#2997 = ORIENTED_EDGE ( 'NONE', *, *, #560, .F. ) ;
#2998 = ORIENTED_EDGE ( 'NONE', *, *, #4980, .F. ) ;
#2999 = DIRECTION ( 'NONE',  ( -0.0000000000000000000, -0.0000000000000000000, -1.000000000000000000 ) ) ;
#3000 = ORIENTED_EDGE ( 'NONE', *, *, #7826, .T. ) ;
#3001 = DIRECTION ( 'NONE',  ( -0.0000000000000000000, -0.0000000000000000000, -1.000000000000000000 ) ) ;
#3002 = CARTESIAN_POINT ( 'NONE',  ( 0.5025069855725459200, 0.6647334840729866000, 0.9400000000000000600 ) ) ;
#3003 = CARTESIAN_POINT ( 'NONE',  ( 0.3160356479979080600, 0.7168331264331474500, 0.9300000000000000500 ) ) ;
#3004 = CARTESIAN_POINT ( 'NONE',  ( 0.02613141167001858900, 0.7133900960998563700, 0.9300000000000000500 ) ) ;
#3005 = VERTEX_POINT ( 'NONE', #1288 ) ;
#3006 = CARTESIAN_POINT ( 'NONE',  ( 0.7395867237090291100, 0.8559619612413554800, 0.9400000000000000600 ) ) ;
#3007 = CARTESIAN_POINT ( 'NONE',  ( 0.5648221172442943200, 0.6209618699305621300, 0.9400000000000000600 ) ) ;
#3008 = CARTESIAN_POINT ( 'NONE',  ( 0.3749999999999998900, 0.8749999999999998900, -0.02000000000000000000 ) ) ;
#3009 = EDGE_CURVE ( 'NONE', #3820, #3582, #2357, .T. ) ;
#3010 = EDGE_CURVE ( 'NONE', #2106, #7626, #2206, .T. ) ;
#3011 = B_SPLINE_CURVE_WITH_KNOTS ( 'NONE', 3,
 ( #9480, #5266, #6112, #1134 ),
 .UNSPECIFIED., .F., .F.,
 ( 4, 4 ),
 ( 2.000000000000000000, 3.000000000000000000 ),
 .UNSPECIFIED. ) ;
#3012 = CARTESIAN_POINT ( 'NONE',  ( 0.4809925440061695300, 0.6191298001079786900, 0.9400000000000000600 ) ) ;
#3013 = B_SPLINE_CURVE_WITH_KNOTS ( 'NONE', 3,
 ( #5339, #8121, #7305, #8052 ),
 .UNSPECIFIED., .F., .F.,
 ( 4, 4 ),
 ( 26.00000000000000000, 27.00000000000000000 ),
 .UNSPECIFIED. ) ;
#3014 = CARTESIAN_POINT ( 'NONE',  ( 0.5777951522050398500, 0.6441350774175737000, 0.9300000000000000500 ) ) ;
#3015 = EDGE_CURVE ( 'NONE', #4691, #3387, #181, .T. ) ;
#3016 = DIRECTION ( 'NONE',  ( 0.0000000000000000000, 0.0000000000000000000, 1.000000000000000000 ) ) ;
#3017 = ORIENTED_EDGE ( 'NONE', *, *, #3449, .T. ) ;
#3018 = CARTESIAN_POINT ( 'NONE',  ( 0.5229073306253952900, 0.8689349962017674000, 0.9300000000000000500 ) ) ;
#3019 = LINE ( 'NONE', #7803, #7280 ) ;
#3020 = VERTEX_POINT ( 'NONE', #9909 ) ;
#3021 = CARTESIAN_POINT ( 'NONE',  ( 0.4725254105013810300, 0.6342815126955351200, 0.9300000000000000500 ) ) ;
#3022 = VERTEX_POINT ( 'NONE', #3143 ) ;
#3023 = EDGE_CURVE ( 'NONE', #10477, #702, #10381, .T. ) ;
#3024 = FILL_AREA_STYLE ('',( #7349 ) ) ;
#3025 = AXIS2_PLACEMENT_3D ( 'NONE', #2691, #8317, #4733 ) ;
#3026 = EDGE_LOOP ( 'NONE', ( #637, #5352, #3351, #3634 ) ) ;
#3027 = EDGE_CURVE ( 'NONE', #8201, #941, #4308, .T. ) ;
#3028 = ORIENTED_EDGE ( 'NONE', *, *, #5926, .F. ) ;
#3029 = ORIENTED_EDGE ( 'NONE', *, *, #685, .F. ) ;
#3030 = PLANE ( 'NONE',  #3810 ) ;
#3031 = EDGE_CURVE ( 'NONE', #3022, #4884, #2114, .T. ) ;
#3032 = ADVANCED_FACE ( 'NONE', ( #1857 ), #9949, .F. ) ;
#3033 = CARTESIAN_POINT ( 'NONE',  ( 0.4725254105013810300, 0.6342815126955351200, 0.9400000000000000600 ) ) ;
#3034 = FACE_OUTER_BOUND ( 'NONE', #8457, .T. ) ;
#3035 = EDGE_LOOP ( 'NONE', ( #4096, #6662 ) ) ;
#3036 = EDGE_CURVE ( 'NONE', #921, #10581, #10509, .T. ) ;
#3037 = ORIENTED_EDGE ( 'NONE', *, *, #4520, .T. ) ;
#3038 = ORIENTED_EDGE ( 'NONE', *, *, #7529, .T. ) ;
#3039 = B_SPLINE_SURFACE_WITH_KNOTS ( 'NONE', 3, 1, ( 
 ( #2019, #6185 ),
 ( #7931, #2839 ),
 ( #8751, #3663 ),
 ( #9585, #4514 ) ),
 .UNSPECIFIED., .F., .F., .F.,
 ( 4, 4 ),
 ( 2, 2 ),
 ( 7.000000000000000000, 8.000000000000000000 ),
 ( 0.0000000000000000000, 1.000000000000000000 ),
 .UNSPECIFIED. ) ;
#3040 = ORIENTED_EDGE ( 'NONE', *, *, #10840, .T. ) ;
#3041 = DIRECTION ( 'NONE',  ( -0.0000000000000000000, -0.0000000000000000000, -1.000000000000000000 ) ) ;
#3042 = CARTESIAN_POINT ( 'NONE',  ( -0.06269910716643506400, 0.6789596614239176200, 0.9400000000000000600 ) ) ;
#3043 = CARTESIAN_POINT ( 'NONE',  ( 0.7403542124183174500, 0.8588833698775091300, 0.9400000000000000600 ) ) ;
#3044 = VECTOR ( 'NONE', #2950, 1000.000000000000000 ) ;
#3046 = CARTESIAN_POINT ( 'NONE',  ( 0.7390668120025230000, 0.8536842528131029000, 0.9300000000000000500 ) ) ;
#3045 = VECTOR ( 'NONE', #10589, 1000.000000000000000 ) ;
#3047 = CARTESIAN_POINT ( 'NONE',  ( 0.2161873874382130900, 0.7698559748191087200, 0.9300000000000000500 ) ) ;
#3048 = ORIENTED_EDGE ( 'NONE', *, *, #9339, .T. ) ;
#3049 = FILL_AREA_STYLE_COLOUR ( '', #10789 ) ;
#3050 = EDGE_LOOP ( 'NONE', ( #1902, #7760, #3869, #6651 ) ) ;
#3051 = CARTESIAN_POINT ( 'NONE',  ( 0.4643801271002033200, 0.8586357928740651100, 0.9300000000000000500 ) ) ;
#3052 = AXIS2_PLACEMENT_3D ( 'NONE', #9384, #10231, #5171 ) ;
#3053 = VECTOR ( 'NONE', #10668, 1000.000000000000200 ) ;
#3054 = DIRECTION ( 'NONE',  ( 4.336808689942018200E-016, 1.000000000000000000, 0.0000000000000000000 ) ) ;
#3055 = CARTESIAN_POINT ( 'NONE',  ( 0.4464307943782164800, 0.7744100964311524400, 0.9300000000000000500 ) ) ;
#3056 = PRESENTATION_STYLE_ASSIGNMENT (( #720 ) ) ;
#3057 = COLOUR_RGB ( '',0.6666666666666666300, 0.6666666666666666300, 0.6666666666666666300 ) ;
#3058 = CARTESIAN_POINT ( 'NONE',  ( 0.01304783598586535700, 0.8518004067206334000, 0.9400000000000000600 ) ) ;
#3059 = DIRECTION ( 'NONE',  ( 1.000000000000000000, -0.0000000000000000000, -0.0000000000000000000 ) ) ;
#3060 = CARTESIAN_POINT ( 'NONE',  ( 0.3750000000000001100, -0.8750000000000000000, -0.02000000000000000000 ) ) ;
#3061 = ORIENTED_EDGE ( 'NONE', *, *, #8442, .T. ) ;
#3063 = ORIENTED_EDGE ( 'NONE', *, *, #5500, .F. ) ;
#3062 = CARTESIAN_POINT ( 'NONE',  ( 0.5074832833341178500, 0.7839170533486318200, 0.9300000000000000500 ) ) ;
#3064 = LINE ( 'NONE', #2162, #9807 ) ;
#3065 = LINE ( 'NONE', #399, #2557 ) ;
#3066 =( GEOMETRIC_REPRESENTATION_CONTEXT ( 3 ) GLOBAL_UNCERTAINTY_ASSIGNED_CONTEXT ( ( #6170 ) ) GLOBAL_UNIT_ASSIGNED_CONTEXT ( ( #9663, #3740, #2909 ) ) REPRESENTATION_CONTEXT ( 'NONE', 'WORKASPACE' ) );
#3067 = DIRECTION ( 'NONE',  ( -0.0000000000000000000, -0.0000000000000000000, -1.000000000000000000 ) ) ;
#3068 = VERTEX_POINT ( 'NONE', #4060 ) ;
#3069 = CARTESIAN_POINT ( 'NONE',  ( 0.4748773920304684700, 0.6322018658695104400, 0.9300000000000000500 ) ) ;
#3070 = CARTESIAN_POINT ( 'NONE',  ( 0.4635136075897990400, 0.8339276079684738700, 0.9400000000000000600 ) ) ;
#3071 = ORIENTED_EDGE ( 'NONE', *, *, #8845, .F. ) ;
#3072 = VECTOR ( 'NONE', #2667, 1000.000000000000000 ) ;
#3073 = LINE ( 'NONE', #394, #2835 ) ;
#3074 = VECTOR ( 'NONE', #4696, 1000.000000000000000 ) ;
#3075 = CARTESIAN_POINT ( 'NONE',  ( 0.4806459362019426300, 0.6525031801209211200, 0.9300000000000000500 ) ) ;
#3076 = AXIS2_PLACEMENT_3D ( 'NONE', #7549, #1488, #6466 ) ;
#3077 = ORIENTED_EDGE ( 'NONE', *, *, #5007, .T. ) ;
#3078 = FACE_OUTER_BOUND ( 'NONE', #3940, .T. ) ;
#3079 = VECTOR ( 'NONE', #378, 1000.000000000000000 ) ;
#3080 = CARTESIAN_POINT ( 'NONE',  ( 0.4745802996267991000, 0.6490371020779830400, 0.9300000000000000500 ) ) ;
#3081 = B_SPLINE_CURVE_WITH_KNOTS ( 'NONE', 3,
 ( #1528, #10705, #9064, #3983 ),
 .UNSPECIFIED., .F., .F.,
 ( 4, 4 ),
 ( 2.000000000000000000, 3.000000000000000000 ),
 .UNSPECIFIED. ) ;
#3082 = DIRECTION ( 'NONE',  ( -0.0000000000000000000, -0.0000000000000000000, -1.000000000000000000 ) ) ;
#3083 = EDGE_CURVE ( 'NONE', #98, #7496, #7808, .T. ) ;
#3084 = ADVANCED_FACE ( 'NONE', ( #6029 ), #10479, .F. ) ;
#3085 = B_SPLINE_CURVE_WITH_KNOTS ( 'NONE', 3,
 ( #9190, #9261, #9357, #9174 ),
 .UNSPECIFIED., .F., .F.,
 ( 4, 4 ),
 ( 5.000000000000000000, 6.000000000000000000 ),
 .UNSPECIFIED. ) ;
#3086 = AXIS2_PLACEMENT_3D ( 'NONE', #3508, #2639, #4346 ) ;
#3087 =( NAMED_UNIT ( * ) PLANE_ANGLE_UNIT ( ) SI_UNIT ( $, .RADIAN. ) );
#3088 =( NAMED_UNIT ( * ) SI_UNIT ( $, .STERADIAN. ) SOLID_ANGLE_UNIT ( ) );
#3089 = CARTESIAN_POINT ( 'NONE',  ( 0.4742832072231295500, 0.6191298001079786900, 0.9400000000000000600 ) ) ;
#3090 = CARTESIAN_POINT ( 'NONE',  ( 0.02544278721532577900, 0.6700077142594130800, 0.9400000000000000600 ) ) ;
#3091 = EDGE_CURVE ( 'NONE', #9644, #10779, #1599, .T. ) ;
#3092 =( GEOMETRIC_REPRESENTATION_CONTEXT ( 3 ) GLOBAL_UNCERTAINTY_ASSIGNED_CONTEXT ( ( #6224 ) ) GLOBAL_UNIT_ASSIGNED_CONTEXT ( ( #3433, #9913, #5690 ) ) REPRESENTATION_CONTEXT ( 'NONE', 'WORKASPACE' ) );
#3093 = DIRECTION ( 'NONE',  ( 1.000000000000000000, -0.0000000000000000000, 0.0000000000000000000 ) ) ;
#3094 = ORIENTED_EDGE ( 'NONE', *, *, #1415, .T. ) ;
#3095 = LINE ( 'NONE', #6922, #5364 ) ;
#3096 = FACE_BOUND ( 'NONE', #841, .T. ) ;
#3097 = CARTESIAN_POINT ( 'NONE',  ( 0.6393180374672204900, 0.7744100964311586600, 0.9400000000000000600 ) ) ;
#3098 = EDGE_CURVE ( 'NONE', #8031, #1769, #4032, .T. ) ;
#3099 = CARTESIAN_POINT ( 'NONE',  ( 0.5229073306253952900, 0.8558629304402384200, 0.9300000000000000500 ) ) ;
#3100 = SURFACE_STYLE_USAGE ( .BOTH. , #2491 ) ;
#3101 = ORIENTED_EDGE ( 'NONE', *, *, #8784, .F. ) ;
#3102 = DIRECTION ( 'NONE',  ( -0.0000000000000000000, -0.0000000000000000000, 1.000000000000000000 ) ) ;
#3103 = FACE_OUTER_BOUND ( 'NONE', #3315, .T. ) ;
#3104 = VECTOR ( 'NONE', #1061, 1000.000000000000000 ) ;
#3105 = PRODUCT_RELATED_PRODUCT_CATEGORY ( 'part', '', ( #1864 ) ) ;
#3106 = DIRECTION ( 'NONE',  ( -0.0000000000000000000, 1.000000000000000000, -0.0000000000000000000 ) ) ;
#3107 = MECHANICAL_DESIGN_GEOMETRIC_PRESENTATION_REPRESENTATION (  '', ( #1486 ), #3671 ) ;
#3108 = CARTESIAN_POINT ( 'NONE',  ( 0.7890526089214275900, 0.6973641330769089200, 0.9300000000000000500 ) ) ;
#3109 = CARTESIAN_POINT ( 'NONE',  ( 0.4667073509293496200, 0.6597324286108028300, 0.9400000000000000600 ) ) ;
#3110 = ORIENTED_EDGE ( 'NONE', *, *, #4914, .T. ) ;
#3111 = PLANE ( 'NONE',  #2294 ) ;
#3112 = EDGE_LOOP ( 'NONE', ( #10753, #7709, #9137, #6527, #7625, #10374, #9442, #9061 ) ) ;
#3113 = LINE ( 'NONE', #4900, #956 ) ;
#3114 = LINE ( 'NONE', #2494, #9062 ) ;
#3115 = DIRECTION ( 'NONE',  ( 0.3416038306815945600, -0.9398440417769644600, 0.0000000000000000000 ) ) ;
#3116 = CARTESIAN_POINT ( 'NONE',  ( 0.4726491990027723000, 0.6788453732475261400, 0.9400000000000000600 ) ) ;
#3117 = DIRECTION ( 'NONE',  ( -0.0000000000000000000, -1.000000000000000000, -0.0000000000000000000 ) ) ;
#3118 = ORIENTED_EDGE ( 'NONE', *, *, #5852, .T. ) ;
#3119 = EDGE_LOOP ( 'NONE', ( #9054, #9264, #3803, #3254 ) ) ;
#3120 = EDGE_LOOP ( 'NONE', ( #9631, #2963, #3212, #4228 ) ) ;
#3121 = SURFACE_STYLE_FILL_AREA ( #7961 ) ;
#3122 = CARTESIAN_POINT ( 'NONE',  ( 0.6915320274138230200, 0.8240740432464388500, 0.9400000000000000600 ) ) ;
#3123 = CARTESIAN_POINT ( 'NONE',  ( 0.7107192451513806300, 0.7744100964311586600, 0.9400000000000000600 ) ) ;
#3124 = CARTESIAN_POINT ( 'NONE',  ( -0.001412949204835072700, 0.6583013612159794900, 0.9400000000000000600 ) ) ;
#3125 = DIRECTION ( 'NONE',  ( -0.0000000000000000000, -0.0000000000000000000, -1.000000000000000000 ) ) ;
#3126 = CARTESIAN_POINT ( 'NONE',  ( 0.6379316062503077600, 0.6899368229848047400, 0.9300000000000000500 ) ) ;
#3127 = ORIENTED_EDGE ( 'NONE', *, *, #2416, .F. ) ;
#3128 = ORIENTED_EDGE ( 'NONE', *, *, #8069, .T. ) ;
#3129 = PRESENTATION_STYLE_ASSIGNMENT (( #4236 ) ) ;
#3130 = B_SPLINE_CURVE_WITH_KNOTS ( 'NONE', 3,
 ( #10136, #103, #5918, #946 ),
 .UNSPECIFIED., .F., .F.,
 ( 4, 4 ),
 ( 28.00000000000000000, 29.00000000000000000 ),
 .UNSPECIFIED. ) ;
#3131 = CARTESIAN_POINT ( 'NONE',  ( 0.8128200012164387100, 0.6704277551429660400, 0.9400000000000000600 ) ) ;
#3132 = CARTESIAN_POINT ( 'NONE',  ( 0.8128200012164387100, 0.6704277551429660400, 0.9400000000000000600 ) ) ;
#3133 = ADVANCED_FACE ( 'NONE', ( #8055 ), #2471, .F. ) ;
#3134 = VERTEX_POINT ( 'NONE', #1065 ) ;
#3135 = VERTEX_POINT ( 'NONE', #10066 ) ;
#3136 = EDGE_LOOP ( 'NONE', ( #8704, #6223, #1921, #1792 ) ) ;
#3137 = DIRECTION ( 'NONE',  ( 1.000000000000000000, -0.0000000000000000000, -0.0000000000000000000 ) ) ;
#3138 = LINE ( 'NONE', #5349, #7417 ) ;
#3139 = CARTESIAN_POINT ( 'NONE',  ( 0.01098200202495516600, 0.6700077142594130800, 0.9300000000000000500 ) ) ;
#3140 = CARTESIAN_POINT ( 'NONE',  ( 0.6157487067751005200, 0.6379456523407053300, 0.9300000000000000500 ) ) ;
#3141 = ORIENTED_EDGE ( 'NONE', *, *, #1667, .T. ) ;
#3142 = ORIENTED_EDGE ( 'NONE', *, *, #2193, .T. ) ;
#3143 = CARTESIAN_POINT ( 'NONE',  ( 0.4452424247632018100, 0.7176159319277641800, 0.9300000000000000500 ) ) ;
#3144 = FILL_AREA_STYLE ('',( #2331 ) ) ;
#3145 = VERTEX_POINT ( 'NONE', #1702 ) ;
#3146 = LINE ( 'NONE', #1751, #997 ) ;
#3147 = EDGE_CURVE ( 'NONE', #4372, #8754, #8312, .T. ) ;
#3148 = EDGE_CURVE ( 'NONE', #10496, #6803, #5589, .T. ) ;
#3149 = CARTESIAN_POINT ( 'NONE',  ( -0.07991432450440462400, 0.7312939247580169100, 0.9300000000000000500 ) ) ;
#3150 = LINE ( 'NONE', #5932, #5150 ) ;
#3151 = ADVANCED_FACE ( 'NONE', ( #5775 ), #10266, .F. ) ;
#3152 = B_SPLINE_CURVE_WITH_KNOTS ( 'NONE', 3,
 ( #2601, #3192, #3335, #2025 ),
 .UNSPECIFIED., .F., .F.,
 ( 4, 4 ),
 ( 2.000000000000000000, 3.000000000000000000 ),
 .UNSPECIFIED. ) ;
#3153 = CARTESIAN_POINT ( 'NONE',  ( 0.5311516448273563300, 0.6670111925005779400, 0.9300000000000000500 ) ) ;
#3154 = EDGE_CURVE ( 'NONE', #3412, #7067, #7805, .T. ) ;
#3155 = PLANE ( 'NONE',  #6819 ) ;
#3156 = ORIENTED_EDGE ( 'NONE', *, *, #4219, .T. ) ;
#3157 = ORIENTED_EDGE ( 'NONE', *, *, #2611, .T. ) ;
#3158 = UNCERTAINTY_MEASURE_WITH_UNIT (LENGTH_MEASURE( 1.000000000000000100E-005 ), #5720, 'distance_accuracy_value', 'NONE');
#3159 = ORIENTED_EDGE ( 'NONE', *, *, #8713, .T. ) ;
#3160 = EDGE_CURVE ( 'NONE', #4864, #2729, #3525, .T. ) ;
#3161 = CARTESIAN_POINT ( 'NONE',  ( 0.4643801271002033200, 0.8586357928740651100, 0.9400000000000000600 ) ) ;
#3162 = ORIENTED_EDGE ( 'NONE', *, *, #3771, .T. ) ;
#3163 = FACE_OUTER_BOUND ( 'NONE', #3889, .T. ) ;
#3164 = CARTESIAN_POINT ( 'NONE',  ( 0.8320072189533398400, 0.6207638083283396600, 0.9400000000000000600 ) ) ;
#3165 = EDGE_CURVE ( 'NONE', #3318, #6177, #5516, .T. ) ;
#3166 = PRESENTATION_LAYER_ASSIGNMENT (  '', '', ( #1552 ) ) ;
#3167 = VERTEX_POINT ( 'NONE', #9592 ) ;
#3168 = ORIENTED_EDGE ( 'NONE', *, *, #7308, .F. ) ;
#3169 = EDGE_CURVE ( 'NONE', #1537, #8692, #1103, .T. ) ;
#3170 = ORIENTED_EDGE ( 'NONE', *, *, #5529, .F. ) ;
#3171 = ORIENTED_EDGE ( 'NONE', *, *, #4080, .T. ) ;
#3172 = CARTESIAN_POINT ( 'NONE',  ( 0.01098200202495516600, 0.6700077142594130800, 0.9400000000000000600 ) ) ;
#3173 = SURFACE_STYLE_FILL_AREA ( #5944 ) ;
#3174 = COLOUR_RGB ( '',0.2980392156862745100, 0.2980392156862745100, 0.2980392156862745100 ) ;
#3175 = LINE ( 'NONE', #1839, #742 ) ;
#3176 = CARTESIAN_POINT ( 'NONE',  ( 0.5445455606931641800, 0.6674568311062515400, 0.9400000000000000600 ) ) ;
#3177 = CARTESIAN_POINT ( 'NONE',  ( 0.07777706368359811600, 0.6899774031471595000, 0.9400000000000000600 ) ) ;
#3178 = VERTEX_POINT ( 'NONE', #218 ) ;
#3179 = ORIENTED_EDGE ( 'NONE', *, *, #3854, .T. ) ;
#3180 = DIRECTION ( 'NONE',  ( 1.000000000000000000, 0.0000000000000000000, -0.0000000000000000000 ) ) ;
#3181 = ORIENTED_EDGE ( 'NONE', *, *, #7277, .F. ) ;
#3182 = CARTESIAN_POINT ( 'NONE',  ( -0.1232966932103497500, 0.7299166758492917600, 0.9300000000000000500 ) ) ;
#3183 = CARTESIAN_POINT ( 'NONE',  ( 0.4820076097185750900, 0.6618615908373892700, 0.9400000000000000600 ) ) ;
#3184 = FACE_OUTER_BOUND ( 'NONE', #5747, .T. ) ;
#3185 = CARTESIAN_POINT ( 'NONE',  ( 0.3953556586454127200, 0.7176159319277641800, 0.9300000000000000500 ) ) ;
#3186 = CARTESIAN_POINT ( 'NONE',  ( 0.7413940358313312300, 0.8534366758096491000, 0.9300000000000000500 ) ) ;
#3187 = VECTOR ( 'NONE', #1351, 1000.000000000000000 ) ;
#3188 =( NAMED_UNIT ( * ) PLANE_ANGLE_UNIT ( ) SI_UNIT ( $, .RADIAN. ) );
#3189 = ADVANCED_FACE ( 'NONE', ( #2992 ), #4528, .F. ) ;
#3190 = ORIENTED_EDGE ( 'NONE', *, *, #4068, .T. ) ;
#3191 = DIRECTION ( 'NONE',  ( -0.0000000000000000000, 1.000000000000000000, -0.0000000000000000000 ) ) ;
#3192 = CARTESIAN_POINT ( 'NONE',  ( 0.7884831818150220800, 0.7133576074745935400, 0.9400000000000000600 ) ) ;
#3193 = EDGE_LOOP ( 'NONE', ( #251, #6609, #367, #581, #4617, #446, #6204 ) ) ;
#3194 = SURFACE_SIDE_STYLE ('',( #7896 ) ) ;
#3195 = CARTESIAN_POINT ( 'NONE',  ( 0.5146382587228371900, 0.6207638083283396600, 0.9300000000000000500 ) ) ;
#3196 = FACE_OUTER_BOUND ( 'NONE', #4535, .T. ) ;
#3197 = VECTOR ( 'NONE', #7873, 1000.000000000000000 ) ;
#3198 = VECTOR ( 'NONE', #726, 1000.000000000000000 ) ;
#3199 = VECTOR ( 'NONE', #9650, 1000.000000000000000 ) ;
#3200 = PLANE ( 'NONE',  #5246 ) ;
#3201 = CARTESIAN_POINT ( 'NONE',  ( 0.5345929651700160900, 0.6603266134181407000, 0.9400000000000000600 ) ) ;
#3202 = ORIENTED_EDGE ( 'NONE', *, *, #2704, .T. ) ;
#3203 = B_SPLINE_CURVE_WITH_KNOTS ( 'NONE', 3,
 ( #3545, #3996, #6534, #2855 ),
 .UNSPECIFIED., .F., .F.,
 ( 4, 4 ),
 ( 20.00000000000000000, 21.00000000000000000 ),
 .UNSPECIFIED. ) ;
#3204 = EDGE_LOOP ( 'NONE', ( #5630, #6288, #3038, #5436 ) ) ;
#3205 = LINE ( 'NONE', #6312, #5209 ) ;
#3206 = VECTOR ( 'NONE', #8164, 1000.000000000000000 ) ;
#3207 = AXIS2_PLACEMENT_3D ( 'NONE', #1265, #2588, #5054 ) ;
#3208 = DIRECTION ( 'NONE',  ( 0.0000000000000000000, 0.0000000000000000000, 1.000000000000000000 ) ) ;
#3209 = CARTESIAN_POINT ( 'NONE',  ( 0.5389255627236907400, 0.6860251063361897400, 0.9400000000000000600 ) ) ;
#3210 = SURFACE_STYLE_USAGE ( .BOTH. , #10034 ) ;
#3211 = CARTESIAN_POINT ( 'NONE',  ( 0.5146382587228371900, 0.6828066052966959000, 0.9400000000000000600 ) ) ;
#3212 = ORIENTED_EDGE ( 'NONE', *, *, #2958, .T. ) ;
#3213 = ORIENTED_EDGE ( 'NONE', *, *, #7087, .F. ) ;
#3214 = FACE_OUTER_BOUND ( 'NONE', #1790, .T. ) ;
#3215 = FACE_OUTER_BOUND ( 'NONE', #4082, .T. ) ;
#3216 = EDGE_CURVE ( 'NONE', #1253, #1099, #4451, .T. ) ;
#3217 = EDGE_CURVE ( 'NONE', #7469, #10477, #2230, .T. ) ;
#3218 = CARTESIAN_POINT ( 'NONE',  ( 0.5025069855725459200, 0.6647334840729866000, 0.9400000000000000600 ) ) ;
#3219 = CARTESIAN_POINT ( 'NONE',  ( 0.6915320274138230200, 0.8240740432464388500, 0.9400000000000000600 ) ) ;
#3220 = CARTESIAN_POINT ( 'NONE',  ( 0.4822056713211331200, 0.7727760882107978000, 0.9400000000000000600 ) ) ;
#3221 = EDGE_CURVE ( 'NONE', #1889, #7558, #197, .T. ) ;
#3222 = CARTESIAN_POINT ( 'NONE',  ( 0.5751955936728356800, 0.6282406338210000400, 0.9400000000000000600 ) ) ;
#3223 = EDGE_CURVE ( 'NONE', #6936, #481, #8706, .T. ) ;
#3224 = CARTESIAN_POINT ( 'NONE',  ( 0.5519976284855505600, 0.6623567448429533700, 0.9400000000000000600 ) ) ;
#3225 = CARTESIAN_POINT ( 'NONE',  ( 0.03439470811148989000, 0.8703928434151132500, 0.9400000000000000600 ) ) ;
#3226 = DIRECTION ( 'NONE',  ( -0.0000000000000000000, -0.0000000000000000000, -1.000000000000000000 ) ) ;
#3227 = AXIS2_PLACEMENT_3D ( 'NONE', #7454, #7425, #7506 ) ;
#3228 = UNCERTAINTY_MEASURE_WITH_UNIT (LENGTH_MEASURE( 1.000000000000000100E-005 ), #4036, 'distance_accuracy_value', 'NONE');
#3229 = ORIENTED_EDGE ( 'NONE', *, *, #1053, .T. ) ;
#3230 = LINE ( 'NONE', #5431, #9464 ) ;
#3231 = CARTESIAN_POINT ( 'NONE',  ( 0.8413161142685853200, 0.6472545476559552500, 0.9400000000000000600 ) ) ;
#3232 = DIRECTION ( 'NONE',  ( -1.000000000000000000, 1.047444401652940000E-014, 0.0000000000000000000 ) ) ;
#3233 = CARTESIAN_POINT ( 'NONE',  ( 0.2196304309060044000, 0.7698559748191087200, 0.9400000000000000600 ) ) ;
#3234 = EDGE_CURVE ( 'NONE', #6840, #1943, #1981, .T. ) ;
#3235 = AXIS2_PLACEMENT_3D ( 'NONE', #2737, #2096, #1375 ) ;
#3236 = VERTEX_POINT ( 'NONE', #5385 ) ;
#3237 = VERTEX_POINT ( 'NONE', #6557 ) ;
#3238 = UNCERTAINTY_MEASURE_WITH_UNIT (LENGTH_MEASURE( 1.000000000000000100E-005 ), #9978, 'distance_accuracy_value', 'NONE');
#3239 = EDGE_CURVE ( 'NONE', #1919, #4409, #1723, .T. ) ;
#3240 = FACE_OUTER_BOUND ( 'NONE', #10693, .T. ) ;
#3241 = VECTOR ( 'NONE', #9419, 1000.000000000000000 ) ;
#3242 = EDGE_CURVE ( 'NONE', #5445, #8643, #36, .T. ) ;
#3243 = CARTESIAN_POINT ( 'NONE',  ( 0.4896329814132432400, 0.6915213158045996300, 0.9300000000000000500 ) ) ;
#3244 = CARTESIAN_POINT ( 'NONE',  ( 0.6393180374672204900, 0.7744100964311586600, 0.9300000000000000500 ) ) ;
#3245 = ADVANCED_FACE ( 'NONE', ( #6173 ), #4594, .F. ) ;
#3246 = ORIENTED_EDGE ( 'NONE', *, *, #7815, .F. ) ;
#3247 = CARTESIAN_POINT ( 'NONE',  ( 0.02268835506805512800, 0.8621295371230174300, 0.9400000000000000600 ) ) ;
#3248 = VECTOR ( 'NONE', #7667, 1000.000000000000000 ) ;
#3249 = VECTOR ( 'NONE', #3962, 1000.000000000000000 ) ;
#3250 =( NAMED_UNIT ( * ) PLANE_ANGLE_UNIT ( ) SI_UNIT ( $, .RADIAN. ) );
#3251 = ORIENTED_EDGE ( 'NONE', *, *, #8490, .T. ) ;
#3252 = CARTESIAN_POINT ( 'NONE',  ( 0.7156707852130119700, 0.6318057426650612900, 0.9300000000000000500 ) ) ;
#3253 = ORIENTED_EDGE ( 'NONE', *, *, #10445, .T. ) ;
#3254 = ORIENTED_EDGE ( 'NONE', *, *, #8716, .T. ) ;
#3255 = CARTESIAN_POINT ( 'NONE',  ( 0.7759310277593419700, 0.6207638083283396600, 0.9300000000000000500 ) ) ;
#3256 = STYLED_ITEM ( 'NONE', ( #5430 ), #10126 ) ;
#3257 = EDGE_LOOP ( 'NONE', ( #8305, #1834, #6616, #5104 ) ) ;
#3258 = CARTESIAN_POINT ( 'NONE',  ( 0.7239893725158002000, 0.8118437392950346200, 0.9400000000000000600 ) ) ;
#3259 = FACE_OUTER_BOUND ( 'NONE', #5571, .T. ) ;
#3260 = CARTESIAN_POINT ( 'NONE',  ( 0.5529879364980065900, 0.6816677510825681600, 0.9400000000000000600 ) ) ;
#3261 = CARTESIAN_POINT ( 'NONE',  ( 0.7996736623527519500, 0.6579993895893311300, 0.9400000000000000600 ) ) ;
#3262 = CARTESIAN_POINT ( 'NONE',  ( 0.4713617985869710800, 0.6402728761695148900, 0.9300000000000000500 ) ) ;
#3263 = EDGE_LOOP ( 'NONE', ( #6832, #8213, #4086, #9006 ) ) ;
#3264 = FILL_AREA_STYLE ('',( #10810 ) ) ;
#3265 = CARTESIAN_POINT ( 'NONE',  ( 0.2492405994734337400, 0.7698559748191087200, 0.9400000000000000600 ) ) ;
#3266 = DIRECTION ( 'NONE',  ( -1.000000000000000000, -0.0000000000000000000, -0.0000000000000000000 ) ) ;
#3267 = DIRECTION ( 'NONE',  ( -0.0000000000000000000, -1.000000000000000000, -0.0000000000000000000 ) ) ;
#3268 = ORIENTED_EDGE ( 'NONE', *, *, #288, .F. ) ;
#3269 = CARTESIAN_POINT ( 'NONE',  ( 0.4078582973002071200, 0.6754783260056996800, 0.9400000000000000600 ) ) ;
#3270 = CARTESIAN_POINT ( 'NONE',  ( 0.5744776203641002200, 0.6766666956203898400, 0.9300000000000000500 ) ) ;
#3271 =( GEOMETRIC_REPRESENTATION_CONTEXT ( 3 ) GLOBAL_UNCERTAINTY_ASSIGNED_CONTEXT ( ( #4040 ) ) GLOBAL_UNIT_ASSIGNED_CONTEXT ( ( #4193, #10119, #7612 ) ) REPRESENTATION_CONTEXT ( 'NONE', 'WORKASPACE' ) );
#3272 = CARTESIAN_POINT ( 'NONE',  ( 0.5083745605451294200, 0.8616067169107740600, 0.9300000000000000500 ) ) ;
#3273 = VERTEX_POINT ( 'NONE', #4122 ) ;
#3274 = LINE ( 'NONE', #5129, #1129 ) ;
#3275 = B_SPLINE_CURVE_WITH_KNOTS ( 'NONE', 3,
 ( #846, #5526, #767, #785 ),
 .UNSPECIFIED., .F., .F.,
 ( 4, 4 ),
 ( 1.000000000000000000, 2.000000000000000000 ),
 .UNSPECIFIED. ) ;
#3276 = ORIENTED_EDGE ( 'NONE', *, *, #10709, .F. ) ;
#3277 = FILL_AREA_STYLE ('',( #6099 ) ) ;
#3278 = CARTESIAN_POINT ( 'NONE',  ( 0.5580880227609703600, 0.6915213158045996300, 0.9400000000000000600 ) ) ;
#3279 = EDGE_CURVE ( 'NONE', #284, #5819, #10635, .T. ) ;
#3280 = COLOUR_RGB ( '',0.6666666666666666300, 0.6666666666666666300, 0.6666666666666666300 ) ;
#3281 = EDGE_LOOP ( 'NONE', ( #3796, #2502, #8603, #6478 ) ) ;
#3282 = VECTOR ( 'NONE', #1654, 1000.000000000000000 ) ;
#3283 = EDGE_LOOP ( 'NONE', ( #10016, #2771, #1402, #9215 ) ) ;
#3284 = CARTESIAN_POINT ( 'NONE',  ( -0.1129675628079643600, 0.6755165785539475300, 0.9400000000000000600 ) ) ;
#3286 =( NAMED_UNIT ( * ) SI_UNIT ( $, .STERADIAN. ) SOLID_ANGLE_UNIT ( ) );
#3285 = LINE ( 'NONE', #3548, #2519 ) ;
#3287 = AXIS2_PLACEMENT_3D ( 'NONE', #10362, #319, #6152 ) ;
#3288 = FILL_AREA_STYLE ('',( #2469 ) ) ;
#3289 = CARTESIAN_POINT ( 'NONE',  ( 0.4658160737180047600, 0.6850843137249499300, 0.9400000000000000600 ) ) ;
#3290 = CARTESIAN_POINT ( 'NONE',  ( 0.004095928223868394700, 0.8400940602442806800, 0.9300000000000000500 ) ) ;
#3291 = EDGE_LOOP ( 'NONE', ( #4456, #4146, #4447, #2210 ) ) ;
#3292 = ORIENTED_EDGE ( 'NONE', *, *, #4008, .T. ) ;
#3293 = EDGE_CURVE ( 'NONE', #2659, #3888, #6480, .T. ) ;
#3294 = ORIENTED_EDGE ( 'NONE', *, *, #8921, .T. ) ;
#3295 = AXIS2_PLACEMENT_3D ( 'NONE', #4128, #1504, #6658 ) ;
#3296 = ORIENTED_EDGE ( 'NONE', *, *, #2958, .F. ) ;
#3297 = ORIENTED_EDGE ( 'NONE', *, *, #6498, .F. ) ;
#3298 = ADVANCED_FACE ( 'NONE', ( #10130 ), #6904, .F. ) ;
#3299 = EDGE_CURVE ( 'NONE', #5675, #9141, #5643, .T. ) ;
#3300 = VECTOR ( 'NONE', #1399, 1000.000000000000000 ) ;
#3302 = CARTESIAN_POINT ( 'NONE',  ( 0.5510320781737000400, 0.6290328802305755800, 0.9400000000000000600 ) ) ;
#3301 = DIRECTION ( 'NONE',  ( -0.0000000000000000000, -0.0000000000000000000, -1.000000000000000000 ) ) ;
#3303 = FACE_OUTER_BOUND ( 'NONE', #10552, .T. ) ;
#3304 = DIRECTION ( 'NONE',  ( 0.0000000000000000000, -1.000000000000000000, 0.0000000000000000000 ) ) ;
#3305 = ORIENTED_EDGE ( 'NONE', *, *, #1049, .F. ) ;
#3306 = ORIENTED_EDGE ( 'NONE', *, *, #9960, .F. ) ;
#3308 = ORIENTED_EDGE ( 'NONE', *, *, #5070, .F. ) ;
#3307 = CARTESIAN_POINT ( 'NONE',  ( 0.6760832224229544900, 0.6754783260056996800, 0.9400000000000000600 ) ) ;
#3309 = FACE_OUTER_BOUND ( 'NONE', #189, .T. ) ;
#3310 = LINE ( 'NONE', #2848, #7876 ) ;
#3311 = STYLED_ITEM ( 'NONE', ( #5176 ), #5722 ) ;
#3312 = VECTOR ( 'NONE', #7405, 1000.000000000000000 ) ;
#3313 = CARTESIAN_POINT ( 'NONE',  ( 0.5473431808279249900, 0.6790929502503110200, 0.9400000000000000600 ) ) ;
#3314 = CARTESIAN_POINT ( 'NONE',  ( 0.4960947411931701000, 0.7727760882107978000, 0.9400000000000000600 ) ) ;
#3315 = EDGE_LOOP ( 'NONE', ( #10321, #2118, #6862, #7279 ) ) ;
#3316 = ORIENTED_EDGE ( 'NONE', *, *, #10025, .T. ) ;
#3317 = CARTESIAN_POINT ( 'NONE',  ( 0.5146382587228371900, 0.6652781534791097900, 0.9400000000000000600 ) ) ;
#3318 = VERTEX_POINT ( 'NONE', #2861 ) ;
#3319 = DIRECTION ( 'NONE',  ( -0.0000000000000000000, -1.000000000000000000, -0.0000000000000000000 ) ) ;
#3320 = PRESENTATION_LAYER_ASSIGNMENT (  '', '', ( #2233 ) ) ;
#3321 = VECTOR ( 'NONE', #3798, 1000.000000000000000 ) ;
#3322 = CARTESIAN_POINT ( 'NONE',  ( 0.1250000000000001100, -0.8749999999999998900, -0.02000000000000000000 ) ) ;
#3323 = COLOUR_RGB ( '',0.6666666666666666300, 0.6666666666666666300, 0.6666666666666666300 ) ;
#3324 = B_SPLINE_SURFACE_WITH_KNOTS ( 'NONE', 3, 1, ( 
 ( #1170, #6180 ),
 ( #6209, #854 ),
 ( #88, #5368 ),
 ( #1481, #6809 ) ),
 .UNSPECIFIED., .F., .F., .F.,
 ( 4, 4 ),
 ( 2, 2 ),
 ( 15.00000000000000000, 16.00000000000000000 ),
 ( 0.0000000000000000000, 1.000000000000000000 ),
 .UNSPECIFIED. ) ;
#3325 = VECTOR ( 'NONE', #8541, 1000.000000000000000 ) ;
#3326 = DIRECTION ( 'NONE',  ( -0.0000000000000000000, 1.000000000000000000, -0.0000000000000000000 ) ) ;
#3327 = ORIENTED_EDGE ( 'NONE', *, *, #3591, .T. ) ;
#3328 = CARTESIAN_POINT ( 'NONE',  ( 0.5622225587120900400, 0.6449768392276955500, 0.9300000000000000500 ) ) ;
#3329 = ORIENTED_EDGE ( 'NONE', *, *, #1670, .T. ) ;
#3330 = CARTESIAN_POINT ( 'NONE',  ( 0.4806211785016664700, 0.6915213158045996300, 0.9400000000000000600 ) ) ;
#3331 = CARTESIAN_POINT ( 'NONE',  ( 0.4903261970216961600, 0.6191298001079786900, 0.9400000000000000600 ) ) ;
#3332 = LINE ( 'NONE', #5168, #3072 ) ;
#3333 = CARTESIAN_POINT ( 'NONE',  ( 0.5559093451341604600, 0.6487895250751982700, 0.9300000000000000500 ) ) ;
#3335 = CARTESIAN_POINT ( 'NONE',  ( 0.7762776355632417000, 0.7176159319277641800, 0.9400000000000000600 ) ) ;
#3334 = DIRECTION ( 'NONE',  ( -0.0000000000000000000, -0.0000000000000000000, -1.000000000000000000 ) ) ;
#3336 = CARTESIAN_POINT ( 'NONE',  ( 0.5505121664671922500, 0.6915213158045996300, 0.9400000000000000600 ) ) ;
#3337 = CARTESIAN_POINT ( 'NONE',  ( -0.02895728381101941900, 0.6941090579354700600, 0.9300000000000000500 ) ) ;
#3338 = CARTESIAN_POINT ( 'NONE',  ( 0.5866088935143900500, 0.5999673400706993000, 0.9300000000000000500 ) ) ;
#3339 = VERTEX_POINT ( 'NONE', #1333 ) ;
#3340 = ORIENTED_EDGE ( 'NONE', *, *, #9347, .T. ) ;
#3341 = CARTESIAN_POINT ( 'NONE',  ( 0.5643022055381180500, 0.6432438002062300700, 0.9400000000000000600 ) ) ;
#3342 = ORIENTED_EDGE ( 'NONE', *, *, #10025, .F. ) ;
#3343 = ORIENTED_EDGE ( 'NONE', *, *, #2526, .F. ) ;
#3344 = FACE_OUTER_BOUND ( 'NONE', #9912, .T. ) ;
#3345 = DIRECTION ( 'NONE',  ( 1.000000000000000000, 0.0000000000000000000, 0.0000000000000000000 ) ) ;
#3346 = CARTESIAN_POINT ( 'NONE',  ( 0.02544280034949358100, 0.7898256637061896700, 0.9300000000000000500 ) ) ;
#3347 = ORIENTED_EDGE ( 'NONE', *, *, #7956, .T. ) ;
#3348 = CARTESIAN_POINT ( 'NONE',  ( 0.5510320781737000400, 0.6290328802305755800, 0.9400000000000000600 ) ) ;
#3349 = B_SPLINE_CURVE_WITH_KNOTS ( 'NONE', 3,
 ( #7366, #7380, #8344, #8761 ),
 .UNSPECIFIED., .F., .F.,
 ( 4, 4 ),
 ( 10.00000000000000000, 11.00000000000000000 ),
 .UNSPECIFIED. ) ;
#3350 = SURFACE_STYLE_USAGE ( .BOTH. , #7226 ) ;
#3351 = ORIENTED_EDGE ( 'NONE', *, *, #9, .F. ) ;
#3352 = PLANE ( 'NONE',  #6627 ) ;
#3353 = STYLED_ITEM ( 'NONE', ( #10616 ), #3957 ) ;
#3354 = CARTESIAN_POINT ( 'NONE',  ( 0.07777706368359811600, 0.6899774031471595000, 0.9400000000000000600 ) ) ;
#3355 = ORIENTED_EDGE ( 'NONE', *, *, #7509, .F. ) ;
#3356 = VECTOR ( 'NONE', #7657, 1000.000000000000000 ) ;
#3357 = FACE_BOUND ( 'NONE', #8757, .T. ) ;
#3358 = ADVANCED_FACE ( 'NONE', ( #5891 ), #3474, .F. ) ;
#3359 = CARTESIAN_POINT ( 'NONE',  ( 0.1177163495195692300, 0.8559320615082910400, 0.9300000000000000500 ) ) ;
#3360 = EDGE_LOOP ( 'NONE', ( #9310, #789, #1167, #7881 ) ) ;
#3361 = EDGE_CURVE ( 'NONE', #2796, #925, #1223, .T. ) ;
#3362 = EDGE_CURVE ( 'NONE', #8558, #9140, #6327, .T. ) ;
#3363 = B_SPLINE_SURFACE_WITH_KNOTS ( 'NONE', 3, 1, ( 
 ( #10514, #8034 ),
 ( #5486, #493 ),
 ( #6306, #1344 ),
 ( #7200, #2149 ) ),
 .UNSPECIFIED., .F., .F., .F.,
 ( 4, 4 ),
 ( 2, 2 ),
 ( 10.00000000000000000, 11.00000000000000000 ),
 ( 0.0000000000000000000, 1.000000000000000000 ),
 .UNSPECIFIED. ) ;
#3364 = CARTESIAN_POINT ( 'NONE',  ( 0.1700506259875117500, 0.7381800116929384500, 0.9400000000000000600 ) ) ;
#3365 = VECTOR ( 'NONE', #1711, 1000.000000000000100 ) ;
#3366 = CARTESIAN_POINT ( 'NONE',  ( 0.8750000000000001100, -0.6250000000000000000, -0.02000000000000000000 ) ) ;
#3367 = DIRECTION ( 'NONE',  ( -0.0000000000000000000, -0.0000000000000000000, 1.000000000000000000 ) ) ;
#3368 = EDGE_CURVE ( 'NONE', #10540, #8693, #9857, .T. ) ;
#3369 = DIRECTION ( 'NONE',  ( 1.047444401652940000E-014, 1.000000000000000000, 0.0000000000000000000 ) ) ;
#3370 = DIRECTION ( 'NONE',  ( 0.0000000000000000000, -1.000000000000000000, 0.0000000000000000000 ) ) ;
#3371 = CARTESIAN_POINT ( 'NONE',  ( 0.6182987499070750100, 0.6354203669096669700, 0.9300000000000000500 ) ) ;
#3372 = CARTESIAN_POINT ( 'NONE',  ( 0.4424943200293258200, 0.6754783260056996800, 0.9400000000000000600 ) ) ;
#3373 = VERTEX_POINT ( 'NONE', #6256 ) ;
#3374 = ORIENTED_EDGE ( 'NONE', *, *, #7525, .T. ) ;
#3376 = DIRECTION ( 'NONE',  ( 0.0000000000000000000, 1.000000000000000000, -0.0000000000000000000 ) ) ;
#3375 = DIRECTION ( 'NONE',  ( 0.0000000000000000000, 0.0000000000000000000, -1.000000000000000000 ) ) ;
#3377 = VECTOR ( 'NONE', #6270, 1000.000000000000100 ) ;
#3378 = LINE ( 'NONE', #5614, #7930 ) ;
#3379 = CARTESIAN_POINT ( 'NONE',  ( 0.1672961807064048700, 0.6307570397439676800, 0.9300000000000000500 ) ) ;
#3380 = CARTESIAN_POINT ( 'NONE',  ( 0.8128200012164387100, 0.6704277551429660400, 0.9300000000000000500 ) ) ;
#3381 = EDGE_CURVE ( 'NONE', #7052, #8491, #3113, .T. ) ;
#3382 = DIRECTION ( 'NONE',  ( 0.0000000000000000000, 0.0000000000000000000, -1.000000000000000000 ) ) ;
#3383 = CARTESIAN_POINT ( 'NONE',  ( -0.8749999999999968900, 0.8750000000000030000, 0.0000000000000000000 ) ) ;
#3384 = EDGE_CURVE ( 'NONE', #7733, #1015, #5380, .T. ) ;
#3385 = CARTESIAN_POINT ( 'NONE',  ( 0.5000807309426171800, 0.8616067169107740600, 0.9300000000000000500 ) ) ;
#3386 = ORIENTED_EDGE ( 'NONE', *, *, #489, .T. ) ;
#3387 = VERTEX_POINT ( 'NONE', #5274 ) ;
#3388 = CARTESIAN_POINT ( 'NONE',  ( 0.7606060112698374000, 0.6207638083283396600, 0.9400000000000000600 ) ) ;
#3389 = VECTOR ( 'NONE', #7864, 1000.000000000000000 ) ;
#3390 = ADVANCED_FACE ( 'NONE', ( #9598 ), #4256, .F. ) ;
#3391 = CARTESIAN_POINT ( 'NONE',  ( 0.5000807309426171800, 0.8616067169107740600, 0.9400000000000000600 ) ) ;
#3392 = CARTESIAN_POINT ( 'NONE',  ( 0.2196304309060044000, 0.7698559748191087200, 0.9400000000000000600 ) ) ;
#3393 = CARTESIAN_POINT ( 'NONE',  ( 0.5422926099655147600, 0.7744100964311524400, 0.9300000000000000500 ) ) ;
#3394 = CARTESIAN_POINT ( 'NONE',  ( 0.02544280034949358100, 0.7898256637061896700, 0.9400000000000000600 ) ) ;
#3395 = ORIENTED_EDGE ( 'NONE', *, *, #1941, .T. ) ;
#3396 = AXIS2_PLACEMENT_3D ( 'NONE', #10781, #10798, #4127 ) ;
#3397 = ORIENTED_EDGE ( 'NONE', *, *, #5313, .F. ) ;
#3398 = ORIENTED_EDGE ( 'NONE', *, *, #10397, .F. ) ;
#3399 = CARTESIAN_POINT ( 'NONE',  ( 0.5372667968030555600, 0.6312610732582671900, 0.9300000000000000500 ) ) ;
#3400 = AXIS2_PLACEMENT_3D ( 'NONE', #6197, #1220, #7073 ) ;
#3401 = ORIENTED_EDGE ( 'NONE', *, *, #8357, .F. ) ;
#3402 = CARTESIAN_POINT ( 'NONE',  ( 0.6379316062503077600, 0.6899368229848047400, 0.9400000000000000600 ) ) ;
#3403 = ORIENTED_EDGE ( 'NONE', *, *, #3027, .F. ) ;
#3404 = APPLICATION_CONTEXT ( 'automotive_design' ) ;
#3405 = LINE ( 'NONE', #4936, #5404 ) ;
#3406 = ADVANCED_FACE ( 'NONE', ( #2866 ), #6955, .F. ) ;
#3407 = CARTESIAN_POINT ( 'NONE',  ( 0.4424943200293258200, 0.6643868762684275200, 0.9300000000000000500 ) ) ;
#3408 = LINE ( 'NONE', #4812, #5672 ) ;
#3409 = CARTESIAN_POINT ( 'NONE',  ( 0.6182987499070750100, 0.6354203669096669700, 0.9400000000000000600 ) ) ;
#3410 = CARTESIAN_POINT ( 'NONE',  ( 0.2905571210839667500, 0.6514153005493975600, 0.9400000000000000600 ) ) ;
#3411 = ORIENTED_EDGE ( 'NONE', *, *, #5784, .T. ) ;
#3412 = VERTEX_POINT ( 'NONE', #7062 ) ;
#3413 = CARTESIAN_POINT ( 'NONE',  ( -0.6250000000000013300, -0.3749999999999979500, 0.0000000000000000000 ) ) ;
#3414 = PLANE ( 'NONE',  #3519 ) ;
#3415 = B_SPLINE_SURFACE_WITH_KNOTS ( 'NONE', 3, 1, ( 
 ( #7722, #5251 ),
 ( #8271, #5900 ),
 ( #7649, #626 ),
 ( #7614, #7570 ) ),
 .UNSPECIFIED., .F., .F., .F.,
 ( 4, 4 ),
 ( 2, 2 ),
 ( 9.000000000000000000, 10.00000000000000000 ),
 ( 0.0000000000000000000, 1.000000000000000000 ),
 .UNSPECIFIED. ) ;
#3416 = ORIENTED_EDGE ( 'NONE', *, *, #139, .F. ) ;
#3417 = FACE_OUTER_BOUND ( 'NONE', #7413, .T. ) ;
#3418 = CARTESIAN_POINT ( 'NONE',  ( 0.6191157540169252000, 0.6103160587989605600, 0.9300000000000000500 ) ) ;
#3419 = FACE_OUTER_BOUND ( 'NONE', #4503, .T. ) ;
#3420 = VECTOR ( 'NONE', #10343, 1000.000000000000000 ) ;
#3421 = ADVANCED_FACE ( 'NONE', ( #677 ), #5014, .F. ) ;
#3422 = B_SPLINE_CURVE_WITH_KNOTS ( 'NONE', 3,
 ( #353, #3409, #5216, #2047 ),
 .UNSPECIFIED., .F., .F.,
 ( 4, 4 ),
 ( 12.00000000000000000, 13.00000000000000000 ),
 .UNSPECIFIED. ) ;
#3423 = CARTESIAN_POINT ( 'NONE',  ( 0.7464693643943523000, 0.7064749667899301600, 0.9300000000000000500 ) ) ;
#3424 = ORIENTED_EDGE ( 'NONE', *, *, #10455, .F. ) ;
#3425 = CARTESIAN_POINT ( 'NONE',  ( 0.4736890224157845300, 0.8508618749780546600, 0.9400000000000000600 ) ) ;
#3426 = ORIENTED_EDGE ( 'NONE', *, *, #6058, .T. ) ;
#3427 = EDGE_LOOP ( 'NONE', ( #5350, #5962, #5694, #733 ) ) ;
#3428 = PLANE ( 'NONE',  #9541 ) ;
#3429 = CARTESIAN_POINT ( 'NONE',  ( 0.6059198997533431500, 0.6083354427740475000, 0.9300000000000000500 ) ) ;
#3430 = CARTESIAN_POINT ( 'NONE',  ( 0.09499226788739424700, 0.6507267023633703800, 0.9300000000000000500 ) ) ;
#3431 = ORIENTED_EDGE ( 'NONE', *, *, #8566, .T. ) ;
#3432 = CARTESIAN_POINT ( 'NONE',  ( 0.01511366994710774800, 0.7960231393215806400, 0.9300000000000000500 ) ) ;
#3433 =( LENGTH_UNIT ( ) NAMED_UNIT ( * ) SI_UNIT ( .MILLI., .METRE. ) );
#3434 = LINE ( 'NONE', #2172, #7713 ) ;
#3435 = VECTOR ( 'NONE', #1556, 1000.000000000000000 ) ;
#3436 = CARTESIAN_POINT ( 'NONE',  ( 0.5699964766084249000, 0.6246260095757295600, 0.9400000000000000600 ) ) ;
#3437 = B_SPLINE_SURFACE_WITH_KNOTS ( 'NONE', 3, 1, ( 
 ( #4428, #3593 ),
 ( #3506, #3479 ),
 ( #3466, #3432 ),
 ( #3394, #3346 ) ),
 .UNSPECIFIED., .F., .F., .F.,
 ( 4, 4 ),
 ( 2, 2 ),
 ( 19.00000000000000000, 20.00000000000000000 ),
 ( 0.0000000000000000000, 1.000000000000000000 ),
 .UNSPECIFIED. ) ;
#3438 = ORIENTED_EDGE ( 'NONE', *, *, #9614, .F. ) ;
#3439 = ORIENTED_EDGE ( 'NONE', *, *, #3036, .T. ) ;
#3440 = VERTEX_POINT ( 'NONE', #4927 ) ;
#3441 = CARTESIAN_POINT ( 'NONE',  ( 0.5310773717265184800, 0.6357174593130073800, 0.9300000000000000500 ) ) ;
#3442 = ORIENTED_EDGE ( 'NONE', *, *, #672, .T. ) ;
#3443 = ORIENTED_EDGE ( 'NONE', *, *, #3833, .T. ) ;
#3444 = SURFACE_SIDE_STYLE ('',( #10698 ) ) ;
#3445 = AXIS2_PLACEMENT_3D ( 'NONE', #9752, #4682, #10574 ) ;
#3446 = DIRECTION ( 'NONE',  ( 4.336808689942018200E-016, 1.000000000000000000, 0.0000000000000000000 ) ) ;
#3447 = APPLICATION_PROTOCOL_DEFINITION ( 'draft international standard', 'automotive_design', 1998, #8534 ) ;
#3448 = VECTOR ( 'NONE', #10518, 1000.000000000000000 ) ;
#3449 = EDGE_CURVE ( 'NONE', #3492, #4745, #3152, .T. ) ;
#3450 = AXIS2_PLACEMENT_3D ( 'NONE', #739, #719, #613 ) ;
#3451 = FILL_AREA_STYLE_COLOUR ( '', #3174 ) ;
#3452 = ORIENTED_EDGE ( 'NONE', *, *, #2403, .T. ) ;
#3453 = EDGE_CURVE ( 'NONE', #7003, #3896, #4298, .T. ) ;
#3454 = CARTESIAN_POINT ( 'NONE',  ( 0.5368706735982712300, 0.6573061739808761000, 0.9400000000000000600 ) ) ;
#3455 = ORIENTED_EDGE ( 'NONE', *, *, #6085, .T. ) ;
#3456 = DIRECTION ( 'NONE',  ( -0.3416038306902636800, 0.9398440417738135300, 0.0000000000000000000 ) ) ;
#3457 = CARTESIAN_POINT ( 'NONE',  ( 0.5480859118372697300, 0.6643373608678726500, 0.9300000000000000500 ) ) ;
#3458 = LINE ( 'NONE', #9762, #1293 ) ;
#3459 = LINE ( 'NONE', #8431, #9929 ) ;
#3460 = EDGE_CURVE ( 'NONE', #9815, #8604, #2108, .T. ) ;
#3461 = DIRECTION ( 'NONE',  ( -1.000000000000000000, -0.0000000000000000000, -0.0000000000000000000 ) ) ;
#3462 = FACE_OUTER_BOUND ( 'NONE', #9751, .T. ) ;
#3463 = SURFACE_STYLE_FILL_AREA ( #9740 ) ;
#3464 = PLANE ( 'NONE',  #9767 ) ;
#3465 = ADVANCED_FACE ( 'NONE', ( #8556 ), #10588, .F. ) ;
#3466 = CARTESIAN_POINT ( 'NONE',  ( 0.01511366994710774800, 0.7960231393215806400, 0.9400000000000000600 ) ) ;
#3467 = ORIENTED_EDGE ( 'NONE', *, *, #8716, .F. ) ;
#3468 = CARTESIAN_POINT ( 'NONE',  ( 0.1672961807064048700, 0.6417747683330283800, 0.9400000000000000600 ) ) ;
#3469 = STYLED_ITEM ( 'NONE', ( #8354 ), #6172 ) ;
#3470 =( NAMED_UNIT ( * ) PLANE_ANGLE_UNIT ( ) SI_UNIT ( $, .RADIAN. ) );
#3471 = ORIENTED_EDGE ( 'NONE', *, *, #226, .T. ) ;
#3472 = LINE ( 'NONE', #6831, #7751 ) ;
#3474 = PLANE ( 'NONE',  #3207 ) ;
#3473 = LINE ( 'NONE', #3571, #3197 ) ;
#3475 = FILL_AREA_STYLE_COLOUR ( '', #9709 ) ;
#3476 = CARTESIAN_POINT ( 'NONE',  ( 0.5547952486203071600, 0.8601212548927491500, 0.9300000000000000500 ) ) ;
#3477 = DIRECTION ( 'NONE',  ( -0.0000000000000000000, -0.0000000000000000000, 1.000000000000000000 ) ) ;
#3478 = VECTOR ( 'NONE', #8190, 1000.000000000000000 ) ;
#3479 = CARTESIAN_POINT ( 'NONE',  ( 0.002030107397126002000, 0.8001547941092382900, 0.9300000000000000500 ) ) ;
#3480 = SURFACE_STYLE_USAGE ( .BOTH. , #3652 ) ;
#3481 = STYLED_ITEM ( 'NONE', ( #5179 ), #9689 ) ;
#3482 = ORIENTED_EDGE ( 'NONE', *, *, #3010, .T. ) ;
#3483 = ORIENTED_EDGE ( 'NONE', *, *, #283, .F. ) ;
#3484 = LINE ( 'NONE', #3795, #9693 ) ;
#3485 = LINE ( 'NONE', #9348, #4669 ) ;
#3486 = B_SPLINE_SURFACE_WITH_KNOTS ( 'NONE', 3, 1, ( 
 ( #7774, #2680 ),
 ( #3509, #9435 ),
 ( #4348, #10277 ),
 ( #5219, #236 ) ),
 .UNSPECIFIED., .F., .F., .F.,
 ( 4, 4 ),
 ( 2, 2 ),
 ( 7.000000000000000000, 8.000000000000000000 ),
 ( 0.0000000000000000000, 1.000000000000000000 ),
 .UNSPECIFIED. ) ;
#3487 = CARTESIAN_POINT ( 'NONE',  ( 0.1514581860088235200, 0.8972485831191486800, 0.9300000000000000500 ) ) ;
#3488 = DIRECTION ( 'NONE',  ( -1.000000000000000000, 1.047444401652940000E-014, 0.0000000000000000000 ) ) ;
#3489 = ADVANCED_FACE ( 'NONE', ( #8306 ), #10608, .T. ) ;
#3490 = VERTEX_POINT ( 'NONE', #4311 ) ;
#3491 = ORIENTED_EDGE ( 'NONE', *, *, #5649, .F. ) ;
#3492 = VERTEX_POINT ( 'NONE', #2420 ) ;
#3493 = LINE ( 'NONE', #168, #5485 ) ;
#3494 = DIRECTION ( 'NONE',  ( 0.0000000000000000000, 0.0000000000000000000, 1.000000000000000000 ) ) ;
#3495 = STYLED_ITEM ( 'NONE', ( #9092 ), #2337 ) ;
#3497 = DIRECTION ( 'NONE',  ( -0.0000000000000000000, -0.0000000000000000000, -1.000000000000000000 ) ) ;
#3496 = CARTESIAN_POINT ( 'NONE',  ( -0.01174206647338270300, 0.8414712763175875600, 0.9400000000000000600 ) ) ;
#3498 = CARTESIAN_POINT ( 'NONE',  ( 0.4973078685081360800, 0.6347271513012086000, 0.9400000000000000600 ) ) ;
#3499 = CARTESIAN_POINT ( 'NONE',  ( 0.6671952080124106100, 0.8670038955780724500, 0.9300000000000000500 ) ) ;
#3500 = CARTESIAN_POINT ( 'NONE',  ( 0.02613139853584862300, 0.5749797460765683200, 0.9400000000000000600 ) ) ;
#3501 = B_SPLINE_SURFACE_WITH_KNOTS ( 'NONE', 3, 1, ( 
 ( #8912, #4340 ),
 ( #8479, #8202 ),
 ( #4116, #3062 ),
 ( #8171, #7684 ) ),
 .UNSPECIFIED., .F., .F., .F.,
 ( 4, 4 ),
 ( 2, 2 ),
 ( 12.00000000000000000, 13.00000000000000000 ),
 ( 0.0000000000000000000, 1.000000000000000000 ),
 .UNSPECIFIED. ) ;
#3502 = EDGE_LOOP ( 'NONE', ( #8241, #6474, #2687, #5808 ) ) ;
#3503 = SURFACE_SIDE_STYLE ('',( #317 ) ) ;
#3504 =( NAMED_UNIT ( * ) PLANE_ANGLE_UNIT ( ) SI_UNIT ( $, .RADIAN. ) );
#3505 = LINE ( 'NONE', #9556, #1081 ) ;
#3506 = CARTESIAN_POINT ( 'NONE',  ( 0.002030107397126002000, 0.8001547941092382900, 0.9400000000000000600 ) ) ;
#3507 = B_SPLINE_CURVE_WITH_KNOTS ( 'NONE', 3,
 ( #7730, #7355, #8680, #8698 ),
 .UNSPECIFIED., .F., .F.,
 ( 4, 4 ),
 ( 18.00000000000000000, 19.00000000000000000 ),
 .UNSPECIFIED. ) ;
#3508 = CARTESIAN_POINT ( 'NONE',  ( 0.6760832224229544900, 0.6754783260056996800, 0.9400000000000000600 ) ) ;
#3509 = CARTESIAN_POINT ( 'NONE',  ( 0.5505121664671922500, 0.6915213158045996300, 0.9400000000000000600 ) ) ;
#3510 = ORIENTED_EDGE ( 'NONE', *, *, #9543, .F. ) ;
#3511 = CARTESIAN_POINT ( 'NONE',  ( -0.8749999999999998900, -0.6250000000000000000, -0.02000000000000000000 ) ) ;
#3512 = ORIENTED_EDGE ( 'NONE', *, *, #5089, .T. ) ;
#3513 = FILL_AREA_STYLE ('',( #3825 ) ) ;
#3514 = LINE ( 'NONE', #1498, #9726 ) ;
#3515 = VECTOR ( 'NONE', #5276, 1000.000000000000000 ) ;
#3516 = MECHANICAL_DESIGN_GEOMETRIC_PRESENTATION_REPRESENTATION (  '', ( #1866 ), #4058 ) ;
#3517 = CARTESIAN_POINT ( 'NONE',  ( 0.5744776203641002200, 0.6884513609661171400, 0.9300000000000000500 ) ) ;
#3518 = EDGE_CURVE ( 'NONE', #9407, #2706, #4020, .T. ) ;
#3519 = AXIS2_PLACEMENT_3D ( 'NONE', #5970, #1201, #1637 ) ;
#3520 = CARTESIAN_POINT ( 'NONE',  ( 0.5439018604852625700, 0.6290328802305755800, 0.9300000000000000500 ) ) ;
#3521 = ORIENTED_EDGE ( 'NONE', *, *, #3361, .T. ) ;
#3522 = CARTESIAN_POINT ( 'NONE',  ( 0.4974068993095763800, 0.6232395783588224900, 0.9300000000000000500 ) ) ;
#3523 = DIRECTION ( 'NONE',  ( -1.000000000000000000, 1.047444401652940000E-014, 0.0000000000000000000 ) ) ;
#3524 = EDGE_CURVE ( 'NONE', #5307, #2402, #6021, .T. ) ;
#3525 = LINE ( 'NONE', #7942, #3248 ) ;
#3526 = LINE ( 'NONE', #246, #6030 ) ;
#3527 = CARTESIAN_POINT ( 'NONE',  ( 0.09499226788739424700, 0.6507267023633704900, 0.9300000000000000500 ) ) ;
#3528 = FILL_AREA_STYLE_COLOUR ( '', #1687 ) ;
#3529 = CARTESIAN_POINT ( 'NONE',  ( 0.1927746813516781300, 0.6624330291384651300, 0.9300000000000000500 ) ) ;
#3530 = VERTEX_POINT ( 'NONE', #2765 ) ;
#3531 = CARTESIAN_POINT ( 'NONE',  ( 0.5025069855725459200, 0.6488390404757544700, 0.9300000000000000500 ) ) ;
#3532 = ORIENTED_EDGE ( 'NONE', *, *, #8157, .T. ) ;
#3533 = CARTESIAN_POINT ( 'NONE',  ( 0.7134673498856181100, 0.7064749667899301600, 0.9400000000000000600 ) ) ;
#3534 = ORIENTED_EDGE ( 'NONE', *, *, #3729, .F. ) ;
#3535 = COLOUR_RGB ( '',0.6666666666666666300, 0.6666666666666666300, 0.6666666666666666300 ) ;
#3536 = EDGE_CURVE ( 'NONE', #9970, #516, #1848, .T. ) ;
#3537 =( GEOMETRIC_REPRESENTATION_CONTEXT ( 3 ) GLOBAL_UNCERTAINTY_ASSIGNED_CONTEXT ( ( #281 ) ) GLOBAL_UNIT_ASSIGNED_CONTEXT ( ( #6625, #6705, #7555 ) ) REPRESENTATION_CONTEXT ( 'NONE', 'WORKASPACE' ) );
#3538 = DIRECTION ( 'NONE',  ( -0.0000000000000000000, 1.000000000000000000, -0.0000000000000000000 ) ) ;
#3539 = B_SPLINE_SURFACE_WITH_KNOTS ( 'NONE', 3, 1, ( 
 ( #3201, #2784 ),
 ( #2571, #2448 ),
 ( #1607, #2412 ),
 ( #6010, #1942 ) ),
 .UNSPECIFIED., .F., .F., .F.,
 ( 4, 4 ),
 ( 2, 2 ),
 ( 4.000000000000000000, 5.000000000000000000 ),
 ( 0.0000000000000000000, 1.000000000000000000 ),
 .UNSPECIFIED. ) ;
#3540 = CARTESIAN_POINT ( 'NONE',  ( 0.7728363152205755000, 0.6318057426650612900, 0.9300000000000000500 ) ) ;
#3541 = CARTESIAN_POINT ( 'NONE',  ( 0.5944323268112803300, 0.5881826747243045200, 0.9300000000000000500 ) ) ;
#3542 = CARTESIAN_POINT ( 'NONE',  ( 0.7471625800028051100, 0.8712622200305831800, 0.9400000000000000600 ) ) ;
#3543 = ADVANCED_FACE ( 'NONE', ( #5766 ), #7008, .F. ) ;
#3544 = VERTEX_POINT ( 'NONE', #1254 ) ;
#3545 = CARTESIAN_POINT ( 'NONE',  ( 0.02544280034949358100, 0.7898256637061896700, 0.9400000000000000600 ) ) ;
#3546 = CARTESIAN_POINT ( 'NONE',  ( 0.03439470811148989000, 0.8703928434151132500, 0.9300000000000000500 ) ) ;
#3547 = DIRECTION ( 'NONE',  ( 0.0000000000000000000, 0.0000000000000000000, 1.000000000000000000 ) ) ;
#3548 = CARTESIAN_POINT ( 'NONE',  ( 0.6769249842330500300, 0.7879773161989130900, 0.9400000000000000600 ) ) ;
#3549 = CARTESIAN_POINT ( 'NONE',  ( -0.03033451958623961700, 0.5942607842409478600, 0.9400000000000000600 ) ) ;
#3550 = DIRECTION ( 'NONE',  ( -0.0000000000000000000, -0.0000000000000000000, -1.000000000000000000 ) ) ;
#3551 = ORIENTED_EDGE ( 'NONE', *, *, #4855, .F. ) ;
#3552 = ORIENTED_EDGE ( 'NONE', *, *, #844, .F. ) ;
#3553 = CARTESIAN_POINT ( 'NONE',  ( 0.5062949137194319200, 0.6915213158045996300, 0.9400000000000000600 ) ) ;
#3554 = ORIENTED_EDGE ( 'NONE', *, *, #9608, .T. ) ;
#3555 = EDGE_LOOP ( 'NONE', ( #6941, #5669, #8623, #2898, #2711, #7987, #5608 ) ) ;
#3556 = VECTOR ( 'NONE', #1443, 1000.000000000000000 ) ;
#3557 = B_SPLINE_SURFACE_WITH_KNOTS ( 'NONE', 3, 1, ( 
 ( #4771, #10607 ),
 ( #10638, #6472 ),
 ( #1495, #7369 ),
 ( #2298, #8216 ) ),
 .UNSPECIFIED., .F., .F., .F.,
 ( 4, 4 ),
 ( 2, 2 ),
 ( 7.000000000000000000, 8.000000000000000000 ),
 ( 0.0000000000000000000, 1.000000000000000000 ),
 .UNSPECIFIED. ) ;
#3558 = DIRECTION ( 'NONE',  ( 1.000000000000000000, 0.0000000000000000000, 0.0000000000000000000 ) ) ;
#3560 = CARTESIAN_POINT ( 'NONE',  ( 0.4078582973002103900, 0.6318057426650551800, 0.9300000000000000500 ) ) ;
#3559 = LINE ( 'NONE', #3764, #1893 ) ;
#3561 = CARTESIAN_POINT ( 'NONE',  ( 0.4748773920304684700, 0.6322018658695104400, 0.9300000000000000500 ) ) ;
#3562 = ADVANCED_FACE ( 'NONE', ( #1345 ), #5861, .F. ) ;
#3563 = ORIENTED_EDGE ( 'NONE', *, *, #3165, .F. ) ;
#3564 = CARTESIAN_POINT ( 'NONE',  ( 0.5921793760833068400, 0.8601212548927491500, 0.9400000000000000600 ) ) ;
#3565 = ORIENTED_EDGE ( 'NONE', *, *, #58, .F. ) ;
#3566 = VECTOR ( 'NONE', #8391, 1000.000000000000000 ) ;
#3567 = PLANE ( 'NONE',  #5581 ) ;
#3568 = ORIENTED_EDGE ( 'NONE', *, *, #3083, .T. ) ;
#3569 = SURFACE_STYLE_FILL_AREA ( #3789 ) ;
#3570 = CARTESIAN_POINT ( 'NONE',  ( 0.7107192451514131600, 0.6754783260056996800, 0.9400000000000000600 ) ) ;
#3571 = CARTESIAN_POINT ( 'NONE',  ( 0.7337934218372772500, 0.8712622200305831800, 0.9400000000000000600 ) ) ;
#3572 = CARTESIAN_POINT ( 'NONE',  ( 0.1170277513332148400, 0.8972485831191486800, 0.9400000000000000600 ) ) ;
#3573 = VECTOR ( 'NONE', #2604, 1000.000000000000000 ) ;
#3574 = CARTESIAN_POINT ( 'NONE',  ( 0.2106785231440085300, 0.8614409290860360900, 0.9400000000000000600 ) ) ;
#3575 = ORIENTED_EDGE ( 'NONE', *, *, #9827, .F. ) ;
#3576 = PLANE ( 'NONE',  #4787 ) ;
#3577 = UNCERTAINTY_MEASURE_WITH_UNIT (LENGTH_MEASURE( 1.000000000000000100E-005 ), #9910, 'distance_accuracy_value', 'NONE');
#3578 = VERTEX_POINT ( 'NONE', #4343 ) ;
#3579 = CARTESIAN_POINT ( 'NONE',  ( 0.02613139853584862300, 0.5749797460765683200, 0.9300000000000000500 ) ) ;
#3580 = VERTEX_POINT ( 'NONE', #6972 ) ;
#3581 = AXIS2_PLACEMENT_3D ( 'NONE', #4081, #5833, #1541 ) ;
#3582 = VERTEX_POINT ( 'NONE', #5965 ) ;
#3583 = CARTESIAN_POINT ( 'NONE',  ( 0.7606060112698374000, 0.6207638083283396600, 0.9400000000000000600 ) ) ;
#3584 = VECTOR ( 'NONE', #1689, 1000.000000000000000 ) ;
#3585 = B_SPLINE_CURVE_WITH_KNOTS ( 'NONE', 3,
 ( #1547, #1791, #1750, #1507 ),
 .UNSPECIFIED., .F., .F.,
 ( 4, 4 ),
 ( 8.000000000000000000, 9.000000000000000000 ),
 .UNSPECIFIED. ) ;
#3586 = VECTOR ( 'NONE', #4318, 1000.000000000000000 ) ;
#3587 = LINE ( 'NONE', #451, #7866 ) ;
#3588 = CARTESIAN_POINT ( 'NONE',  ( 0.6635805837677987200, 0.7176159319277641800, 0.9400000000000000600 ) ) ;
#3589 = EDGE_CURVE ( 'NONE', #90, #7328, #9982, .T. ) ;
#3590 = VERTEX_POINT ( 'NONE', #5770 ) ;
#3591 = EDGE_CURVE ( 'NONE', #5006, #5319, #8050, .T. ) ;
#3592 = EDGE_LOOP ( 'NONE', ( #2148, #10019, #2752, #2948 ) ) ;
#3593 = CARTESIAN_POINT ( 'NONE',  ( -0.01105345515318837700, 0.8001547941092382900, 0.9300000000000000500 ) ) ;
#3594 = ORIENTED_EDGE ( 'NONE', *, *, #1873, .F. ) ;
#3595 = EDGE_CURVE ( 'NONE', #9337, #10144, #3422, .T. ) ;
#3596 = LINE ( 'NONE', #1717, #10064 ) ;
#3597 = FACE_OUTER_BOUND ( 'NONE', #5448, .T. ) ;
#3598 = ORIENTED_EDGE ( 'NONE', *, *, #3639, .F. ) ;
#3599 = PLANE ( 'NONE',  #8594 ) ;
#3600 = CARTESIAN_POINT ( 'NONE',  ( 0.5764334786880764800, 0.6479477632650728600, 0.9400000000000000600 ) ) ;
#3601 = ADVANCED_FACE ( 'NONE', ( #3240 ), #384, .F. ) ;
#3602 = VERTEX_POINT ( 'NONE', #5928 ) ;
#3603 = CARTESIAN_POINT ( 'NONE',  ( 0.4978277802146428600, 0.6816677510825681600, 0.9400000000000000600 ) ) ;
#3604 = PRESENTATION_STYLE_ASSIGNMENT (( #4331 ) ) ;
#3605 = LINE ( 'NONE', #465, #10078 ) ;
#3606 = EDGE_CURVE ( 'NONE', #6317, #10833, #3514, .T. ) ;
#3607 = PRESENTATION_LAYER_ASSIGNMENT (  '', '', ( #1954 ) ) ;
#3608 = VECTOR ( 'NONE', #3319, 1000.000000000000000 ) ;
#3609 = LINE ( 'NONE', #1813, #6117 ) ;
#3610 = DIRECTION ( 'NONE',  ( -1.000000000000000000, 3.491481338843134100E-015, 0.0000000000000000000 ) ) ;
#3611 = CARTESIAN_POINT ( 'NONE',  ( -0.6249999999999998900, -0.8750000000000000000, 0.0000000000000000000 ) ) ;
#3612 = EDGE_CURVE ( 'NONE', #2605, #5819, #1093, .T. ) ;
#3613 = VERTEX_POINT ( 'NONE', #6754 ) ;
#3614 = FILL_AREA_STYLE ('',( #2775 ) ) ;
#3615 = CARTESIAN_POINT ( 'NONE',  ( 0.5866088935143900500, 0.5999673400706993000, 0.9400000000000000600 ) ) ;
#3616 = EDGE_LOOP ( 'NONE', ( #5629, #2874, #96, #7869 ) ) ;
#3617 = FACE_OUTER_BOUND ( 'NONE', #5304, .T. ) ;
#3618 = VECTOR ( 'NONE', #9074, 1000.000000000000000 ) ;
#3619 = DIRECTION ( 'NONE',  ( -0.0000000000000000000, -0.0000000000000000000, -1.000000000000000000 ) ) ;
#3620 = ORIENTED_EDGE ( 'NONE', *, *, #6648, .F. ) ;
#3621 = ORIENTED_EDGE ( 'NONE', *, *, #10710, .F. ) ;
#3622 = DIRECTION ( 'NONE',  ( 3.491481338843134100E-015, 1.000000000000000000, 0.0000000000000000000 ) ) ;
#3623 = ORIENTED_EDGE ( 'NONE', *, *, #2887, .F. ) ;
#3624 = LINE ( 'NONE', #9965, #10098 ) ;
#3625 = PRESENTATION_LAYER_ASSIGNMENT (  '', '', ( #2501 ) ) ;
#3626 = ADVANCED_FACE ( 'NONE', ( #5241 ), #5038, .F. ) ;
#3627 = ORIENTED_EDGE ( 'NONE', *, *, #981, .T. ) ;
#3628 = FACE_BOUND ( 'NONE', #4538, .T. ) ;
#3629 = CARTESIAN_POINT ( 'NONE',  ( 0.5021851354685962200, 0.6314591348604966500, 0.9300000000000000500 ) ) ;
#3630 = CARTESIAN_POINT ( 'NONE',  ( 0.5580880227609703600, 0.6599800056135877200, 0.9400000000000000600 ) ) ;
#3631 = CARTESIAN_POINT ( 'NONE',  ( 0.5146382587228371900, 0.6207638083283396600, 0.9400000000000000600 ) ) ;
#3632 = CARTESIAN_POINT ( 'NONE',  ( -0.1249999999999998900, -0.8750000000000000000, -0.02000000000000000000 ) ) ;
#3633 = DIRECTION ( 'NONE',  ( -0.0000000000000000000, -0.0000000000000000000, -1.000000000000000000 ) ) ;
#3634 = ORIENTED_EDGE ( 'NONE', *, *, #9172, .T. ) ;
#3635 = CARTESIAN_POINT ( 'NONE',  ( 0.5744776203641002200, 0.6884513609661171400, 0.9400000000000000600 ) ) ;
#3636 = LINE ( 'NONE', #1925, #3365 ) ;
#3637 = CARTESIAN_POINT ( 'NONE',  ( 0.8749999999999998900, 0.8749999999999998900, 0.0000000000000000000 ) ) ;
#3638 = CARTESIAN_POINT ( 'NONE',  ( 0.4894596775109640300, 0.6290823956311254500, 0.9400000000000000600 ) ) ;
#3639 = EDGE_CURVE ( 'NONE', #8965, #2763, #7519, .T. ) ;
#3640 = DIRECTION ( 'NONE',  ( 1.000000000000000000, -0.0000000000000000000, -0.0000000000000000000 ) ) ;
#3641 = SURFACE_SIDE_STYLE ('',( #3121 ) ) ;
#3642 = SURFACE_SIDE_STYLE ('',( #467 ) ) ;
#3643 = EDGE_LOOP ( 'NONE', ( #10128, #6178, #1614, #8151 ) ) ;
#3644 = VERTEX_POINT ( 'NONE', #4047 ) ;
#3645 = CARTESIAN_POINT ( 'NONE',  ( -0.8749999999999998900, -0.8749999999999998900, 0.0000000000000000000 ) ) ;
#3646 = VECTOR ( 'NONE', #3497, 1000.000000000000000 ) ;
#3647 = VECTOR ( 'NONE', #8280, 1000.000000000000000 ) ;
#3648 = ADVANCED_FACE ( 'NONE', ( #812, #5504 ), #1555, .F. ) ;
#3649 = CARTESIAN_POINT ( 'NONE',  ( 0.09499226788739424700, 0.6438406154277834800, 0.9400000000000000600 ) ) ;
#3650 = CARTESIAN_POINT ( 'NONE',  ( 0.4628203919810128200, 0.7859967001746557300, 0.9400000000000000600 ) ) ;
#3651 = B_SPLINE_CURVE_WITH_KNOTS ( 'NONE', 3,
 ( #9664, #8832, #2944, #8865 ),
 .UNSPECIFIED., .F., .F.,
 ( 4, 4 ),
 ( 3.000000000000000000, 4.000000000000000000 ),
 .UNSPECIFIED. ) ;
#3652 = SURFACE_SIDE_STYLE ('',( #1948 ) ) ;
#3653 = EDGE_CURVE ( 'NONE', #2244, #7602, #2742, .T. ) ;
#3654 = ORIENTED_EDGE ( 'NONE', *, *, #8162, .F. ) ;
#3655 = ORIENTED_EDGE ( 'NONE', *, *, #8625, .F. ) ;
#3656 = VERTEX_POINT ( 'NONE', #6712 ) ;
#3657 = FACE_OUTER_BOUND ( 'NONE', #1055, .T. ) ;
#3658 = EDGE_CURVE ( 'NONE', #2314, #1255, #2449, .T. ) ;
#3659 = CARTESIAN_POINT ( 'NONE',  ( -0.6249999999999986700, 0.3750000000000020500, -0.02000000000000000000 ) ) ;
#3660 = EDGE_CURVE ( 'NONE', #7558, #9681, #4951, .T. ) ;
#3661 = ADVANCED_FACE ( 'NONE', ( #550 ), #6176, .F. ) ;
#3662 = ORIENTED_EDGE ( 'NONE', *, *, #9475, .F. ) ;
#3663 = CARTESIAN_POINT ( 'NONE',  ( 0.5159751745395185800, 0.8597251316876345400, 0.9300000000000000500 ) ) ;
#3664 = ORIENTED_EDGE ( 'NONE', *, *, #7595, .T. ) ;
#3665 = EDGE_CURVE ( 'NONE', #1385, #8823, #9474, .T. ) ;
#3666 =( LENGTH_UNIT ( ) NAMED_UNIT ( * ) SI_UNIT ( .MILLI., .METRE. ) );
#3667 = CARTESIAN_POINT ( 'NONE',  ( -0.01105345515318837700, 0.8001547941092382900, 0.9300000000000000500 ) ) ;
#3668 = CARTESIAN_POINT ( 'NONE',  ( -0.8749999999999998900, -0.6250000000000000000, -0.02000000000000000000 ) ) ;
#3669 = CARTESIAN_POINT ( 'NONE',  ( 0.2733419037463276100, 0.7161445019787834300, 0.9300000000000000500 ) ) ;
#3670 = ORIENTED_EDGE ( 'NONE', *, *, #9485, .F. ) ;
#3671 =( GEOMETRIC_REPRESENTATION_CONTEXT ( 3 ) GLOBAL_UNCERTAINTY_ASSIGNED_CONTEXT ( ( #808 ) ) GLOBAL_UNIT_ASSIGNED_CONTEXT ( ( #1776, #3470, #4029 ) ) REPRESENTATION_CONTEXT ( 'NONE', 'WORKASPACE' ) );
#3672 = ORIENTED_EDGE ( 'NONE', *, *, #216, .T. ) ;
#3673 = LINE ( 'NONE', #810, #10153 ) ;
#3674 = DIRECTION ( 'NONE',  ( -0.0000000000000000000, 1.000000000000000000, -0.0000000000000000000 ) ) ;
#3675 = ADVANCED_FACE ( 'NONE', ( #295, #4693, #2463, #8934, #6683, #4439, #2222, #20, #8695, #6411, #4161, #1974, #10625, #8429 ), #2521, .T. ) ;
#3676 = COLOUR_RGB ( '',0.6666666666666666300, 0.6666666666666666300, 0.6666666666666666300 ) ;
#3677 = CARTESIAN_POINT ( 'NONE',  ( 0.4545265623781696900, 0.7948104414836739700, 0.9400000000000000600 ) ) ;
#3678 = AXIS2_PLACEMENT_3D ( 'NONE', #9031, #3948, #9870 ) ;
#3679 = ORIENTED_EDGE ( 'NONE', *, *, #6428, .T. ) ;
#3680 = ORIENTED_EDGE ( 'NONE', *, *, #2271, .F. ) ;
#3681 = CARTESIAN_POINT ( 'NONE',  ( 0.6250000000000001100, -0.8749999999999998900, -0.02000000000000000000 ) ) ;
#3682 = ORIENTED_EDGE ( 'NONE', *, *, #3536, .F. ) ;
#3683 = FACE_OUTER_BOUND ( 'NONE', #9260, .T. ) ;
#3684 = DIRECTION ( 'NONE',  ( -4.336808689942018200E-016, -1.000000000000000000, 0.0000000000000000000 ) ) ;
#3685 = FACE_OUTER_BOUND ( 'NONE', #9179, .T. ) ;
#3686 = ORIENTED_EDGE ( 'NONE', *, *, #6963, .F. ) ;
#3687 = ORIENTED_EDGE ( 'NONE', *, *, #2141, .F. ) ;
#3688 = VERTEX_POINT ( 'NONE', #4826 ) ;
#3689 = CARTESIAN_POINT ( 'NONE',  ( 0.7996736623527519500, 0.6579993895893311300, 0.9300000000000000500 ) ) ;
#3690 = LINE ( 'NONE', #5934, #1525 ) ;
#3691 = SURFACE_STYLE_USAGE ( .BOTH. , #8789 ) ;
#3692 = ADVANCED_FACE ( 'NONE', ( #3103 ), #3324, .F. ) ;
#3693 = CARTESIAN_POINT ( 'NONE',  ( 0.5866088935143900500, 0.5891729827367686600, 0.9300000000000000500 ) ) ;
#3694 = LINE ( 'NONE', #3973, #5950 ) ;
#3695 = ORIENTED_EDGE ( 'NONE', *, *, #4418, .T. ) ;
#3696 = CARTESIAN_POINT ( 'NONE',  ( 0.6393180374672204900, 0.7744100964311586600, 0.9400000000000000600 ) ) ;
#3697 = VERTEX_POINT ( 'NONE', #4568 ) ;
#3698 = VERTEX_POINT ( 'NONE', #3870 ) ;
#3699 = CARTESIAN_POINT ( 'NONE',  ( 0.0000000000000000000, 0.0000000000000000000, 0.9399999999999998400 ) ) ;
#3700 = PLANE ( 'NONE',  #2720 ) ;
#3701 = PLANE ( 'NONE',  #2787 ) ;
#3702 = CARTESIAN_POINT ( 'NONE',  ( 0.5448921684977193800, 0.6774094266293947400, 0.9300000000000000500 ) ) ;
#3703 = EDGE_LOOP ( 'NONE', ( #2550, #7850, #2964, #112 ) ) ;
#3704 = CARTESIAN_POINT ( 'NONE',  ( 0.4903261970216961600, 0.6191298001079786900, 0.9300000000000000500 ) ) ;
#3705 = EDGE_CURVE ( 'NONE', #2763, #6774, #9588, .T. ) ;
#3706 = B_SPLINE_CURVE_WITH_KNOTS ( 'NONE', 3,
 ( #191, #6431, #10695, #10711 ),
 .UNSPECIFIED., .F., .F.,
 ( 4, 4 ),
 ( 3.000000000000000000, 4.000000000000000000 ),
 .UNSPECIFIED. ) ;
#3707 = CARTESIAN_POINT ( 'NONE',  ( 0.6249999999999986700, -0.1250000000000064100, -0.02000000000000000000 ) ) ;
#3708 = CARTESIAN_POINT ( 'NONE',  ( 0.6866547604536933400, 0.8498715669655995100, 0.9400000000000000600 ) ) ;
#3709 = VECTOR ( 'NONE', #9084, 1000.000000000000000 ) ;
#3710 = FACE_OUTER_BOUND ( 'NONE', #8620, .T. ) ;
#3711 = FILL_AREA_STYLE ('',( #5400 ) ) ;
#3712 = CARTESIAN_POINT ( 'NONE',  ( 0.4689603016569947600, 0.6209618699305621300, 0.9400000000000000600 ) ) ;
#3713 = VECTOR ( 'NONE', #5410, 1000.000000000000000 ) ;
#3714 = VECTOR ( 'NONE', #7214, 1000.000000000000000 ) ;
#3715 = EDGE_CURVE ( 'NONE', #2706, #599, #7647, .T. ) ;
#3716 = EDGE_CURVE ( 'NONE', #6691, #7259, #7374, .T. ) ;
#3717 = CARTESIAN_POINT ( 'NONE',  ( 0.6249999999999998900, 0.6250000000000000000, -0.02000000000000000000 ) ) ;
#3718 = CARTESIAN_POINT ( 'NONE',  ( 0.02613141167001858900, 0.7133900960998563700, 0.9300000000000000500 ) ) ;
#3719 = ORIENTED_EDGE ( 'NONE', *, *, #7952, .F. ) ;
#3720 = EDGE_CURVE ( 'NONE', #4187, #612, #5372, .T. ) ;
#3721 = ORIENTED_EDGE ( 'NONE', *, *, #1207, .T. ) ;
#3722 = DIRECTION ( 'NONE',  ( 0.3658589216693958800, -0.9306703226357371200, -0.0000000000000000000 ) ) ;
#3723 = VECTOR ( 'NONE', #6000, 1000.000000000000000 ) ;
#3724 = EDGE_CURVE ( 'NONE', #3490, #2139, #2858, .T. ) ;
#3725 = ADVANCED_FACE ( 'NONE', ( #4815 ), #10673, .F. ) ;
#3726 = EDGE_CURVE ( 'NONE', #8537, #2582, #4557, .T. ) ;
#3727 = SURFACE_STYLE_USAGE ( .BOTH. , #2895 ) ;
#3728 = EDGE_LOOP ( 'NONE', ( #12, #8624, #9779, #900 ) ) ;
#3729 = EDGE_CURVE ( 'NONE', #1769, #10735, #9327, .T. ) ;
#3730 = MECHANICAL_DESIGN_GEOMETRIC_PRESENTATION_REPRESENTATION (  '', ( #1552 ), #4302 ) ;
#3731 = DIRECTION ( 'NONE',  ( -0.0000000000000000000, -0.0000000000000000000, -1.000000000000000000 ) ) ;
#3732 = ORIENTED_EDGE ( 'NONE', *, *, #4283, .T. ) ;
#3733 = LINE ( 'NONE', #10724, #1574 ) ;
#3734 =( NAMED_UNIT ( * ) SI_UNIT ( $, .STERADIAN. ) SOLID_ANGLE_UNIT ( ) );
#3735 = EDGE_CURVE ( 'NONE', #8737, #1098, #6823, .T. ) ;
#3736 = CARTESIAN_POINT ( 'NONE',  ( 0.5007739465510748800, 0.6384408063469314600, 0.9400000000000000600 ) ) ;
#3737 = DIRECTION ( 'NONE',  ( 0.0000000000000000000, -0.0000000000000000000, -1.000000000000000000 ) ) ;
#3738 = CARTESIAN_POINT ( 'NONE',  ( 0.8750000000000001100, -0.8750000000000000000, -0.02000000000000000000 ) ) ;
#3739 = VERTEX_POINT ( 'NONE', #1317 ) ;
#3740 =( NAMED_UNIT ( * ) PLANE_ANGLE_UNIT ( ) SI_UNIT ( $, .RADIAN. ) );
#3741 = CARTESIAN_POINT ( 'NONE',  ( 0.5580880227609703600, 0.6599800056135877200, 0.9400000000000000600 ) ) ;
#3742 = EDGE_LOOP ( 'NONE', ( #3695, #1758, #6737, #323 ) ) ;
#3743 = VECTOR ( 'NONE', #969, 1000.000000000000000 ) ;
#3744 = CARTESIAN_POINT ( 'NONE',  ( -0.1232966932103497500, 0.7299166758492917600, 0.9400000000000000600 ) ) ;
#3745 = ADVANCED_FACE ( 'NONE', ( #416 ), #761, .F. ) ;
#3746 = DIRECTION ( 'NONE',  ( 0.0000000000000000000, 1.000000000000000000, -0.0000000000000000000 ) ) ;
#3747 = DIRECTION ( 'NONE',  ( 1.000000000000000000, -0.0000000000000000000, -0.0000000000000000000 ) ) ;
#3748 = CARTESIAN_POINT ( 'NONE',  ( 0.6878771719061771400, 0.8037974866951429500, 0.9400000000000000600 ) ) ;
#3749 = CARTESIAN_POINT ( 'NONE',  ( 0.6249999999999998900, 0.8750000000000000000, -0.02000000000000000000 ) ) ;
#3750 = ORIENTED_EDGE ( 'NONE', *, *, #2125, .T. ) ;
#3751 = ORIENTED_EDGE ( 'NONE', *, *, #6963, .T. ) ;
#3752 = VECTOR ( 'NONE', #4485, 1000.000000000000000 ) ;
#3753 = DIRECTION ( 'NONE',  ( -1.000000000000000000, -0.0000000000000000000, -0.0000000000000000000 ) ) ;
#3754 = CARTESIAN_POINT ( 'NONE',  ( 0.7893249436251499300, 0.6419068843898757500, 0.9400000000000000600 ) ) ;
#3755 = CARTESIAN_POINT ( 'NONE',  ( 0.8749999999999958900, -0.3750000000000091000, -0.02000000000000000000 ) ) ;
#3756 = STYLED_ITEM ( 'NONE', ( #7385 ), #3421 ) ;
#3757 = UNCERTAINTY_MEASURE_WITH_UNIT (LENGTH_MEASURE( 1.000000000000000100E-005 ), #5696, 'distance_accuracy_value', 'NONE');
#3758 = ORIENTED_EDGE ( 'NONE', *, *, #8514, .T. ) ;
#3759 = DIRECTION ( 'NONE',  ( -3.491481338843133400E-015, -1.000000000000000000, 0.0000000000000000000 ) ) ;
#3760 = ORIENTED_EDGE ( 'NONE', *, *, #7159, .T. ) ;
#3761 = VECTOR ( 'NONE', #2033, 1000.000000000000000 ) ;
#3762 = LINE ( 'NONE', #282, #3249 ) ;
#3763 = DIRECTION ( 'NONE',  ( 1.000000000000000000, -3.491481338843134100E-015, 0.0000000000000000000 ) ) ;
#3764 = CARTESIAN_POINT ( 'NONE',  ( 0.5422926099655147600, 0.8712622200305797400, 0.9400000000000000600 ) ) ;
#3765 = EDGE_CURVE ( 'NONE', #10280, #9970, #3203, .T. ) ;
#3766 = EDGE_CURVE ( 'NONE', #2908, #1112, #4286, .T. ) ;
#3767 = CARTESIAN_POINT ( 'NONE',  ( 0.5943828114103957300, 0.7744100964311524400, 0.9400000000000000600 ) ) ;
#3768 = ORIENTED_EDGE ( 'NONE', *, *, #10709, .T. ) ;
#3769 = B_SPLINE_CURVE_WITH_KNOTS ( 'NONE', 3,
 ( #5138, #6123, #5080, #654 ),
 .UNSPECIFIED., .F., .F.,
 ( 4, 4 ),
 ( 12.00000000000000000, 13.00000000000000000 ),
 .UNSPECIFIED. ) ;
#3770 = CARTESIAN_POINT ( 'NONE',  ( 0.4503920264270551700, 0.8064960760282931000, 0.9400000000000000600 ) ) ;
#3771 = EDGE_CURVE ( 'NONE', #145, #9240, #8040, .T. ) ;
#3772 = CARTESIAN_POINT ( 'NONE',  ( -0.3750000000000001100, 0.8750000000000000000, 0.0000000000000000000 ) ) ;
#3773 = VECTOR ( 'NONE', #3910, 1000.000000000000000 ) ;
#3774 = CARTESIAN_POINT ( 'NONE',  ( 0.5529879364980065900, 0.6816677510825681600, 0.9400000000000000600 ) ) ;
#3775 = EDGE_CURVE ( 'NONE', #8858, #5933, #1338, .T. ) ;
#3776 = CARTESIAN_POINT ( 'NONE',  ( -0.06063329947386220100, 0.6273139962764989800, 0.9300000000000000500 ) ) ;
#3777 = PRESENTATION_LAYER_ASSIGNMENT (  '', '', ( #10777 ) ) ;
#3778 = ORIENTED_EDGE ( 'NONE', *, *, #2155, .T. ) ;
#3779 = ORIENTED_EDGE ( 'NONE', *, *, #10579, .T. ) ;
#3780 = DIRECTION ( 'NONE',  ( -0.0000000000000000000, 1.000000000000000000, -0.0000000000000000000 ) ) ;
#3781 = ORIENTED_EDGE ( 'NONE', *, *, #277, .T. ) ;
#3782 = VECTOR ( 'NONE', #2069, 1000.000000000000000 ) ;
#3783 = EDGE_CURVE ( 'NONE', #2637, #6192, #3505, .T. ) ;
#3784 = PRESENTATION_LAYER_ASSIGNMENT (  '', '', ( #2699 ) ) ;
#3785 = CARTESIAN_POINT ( 'NONE',  ( 0.5025069855725459200, 0.6431447694051185500, 0.9300000000000000500 ) ) ;
#3786 = DIRECTION ( 'NONE',  ( -1.000000000000000000, -0.0000000000000000000, -0.0000000000000000000 ) ) ;
#3787 = EDGE_CURVE ( 'NONE', #10312, #6598, #6200, .T. ) ;
#3788 = ADVANCED_FACE ( 'NONE', ( #5230 ), #4442, .F. ) ;
#3789 = FILL_AREA_STYLE ('',( #4012 ) ) ;
#3790 = ORIENTED_EDGE ( 'NONE', *, *, #8423, .F. ) ;
#3791 = EDGE_CURVE ( 'NONE', #9213, #4217, #7785, .T. ) ;
#3792 = VERTEX_POINT ( 'NONE', #2352 ) ;
#3793 = ORIENTED_EDGE ( 'NONE', *, *, #5914, .T. ) ;
#3794 = VECTOR ( 'NONE', #559, 1000.000000000000000 ) ;
#3795 = CARTESIAN_POINT ( 'NONE',  ( 0.6250000000000040000, 0.3749999999999936200, 0.0000000000000000000 ) ) ;
#3796 = ORIENTED_EDGE ( 'NONE', *, *, #2461, .T. ) ;
#3797 = SURFACE_STYLE_USAGE ( .BOTH. , #2367 ) ;
#3798 = DIRECTION ( 'NONE',  ( -1.000000000000000000, -0.0000000000000000000, -0.0000000000000000000 ) ) ;
#3799 = SURFACE_STYLE_FILL_AREA ( #5537 ) ;
#3800 = STYLED_ITEM ( 'NONE', ( #2902 ), #6413 ) ;
#3801 = PLANE ( 'NONE',  #9570 ) ;
#3802 = CARTESIAN_POINT ( 'NONE',  ( -0.8749999999999968900, 0.8750000000000030000, -0.02000000000000000000 ) ) ;
#3803 = ORIENTED_EDGE ( 'NONE', *, *, #1870, .F. ) ;
#3804 = DIRECTION ( 'NONE',  ( -1.000000000000000000, 0.0000000000000000000, 0.0000000000000000000 ) ) ;
#3805 = VERTEX_POINT ( 'NONE', #805 ) ;
#3806 = CARTESIAN_POINT ( 'NONE',  ( 0.3750000000000001100, -0.6250000000000000000, 0.0000000000000000000 ) ) ;
#3807 = LINE ( 'NONE', #2632, #8102 ) ;
#3808 = FILL_AREA_STYLE_COLOUR ( '', #9127 ) ;
#3809 = LINE ( 'NONE', #7655, #8355 ) ;
#3810 = AXIS2_PLACEMENT_3D ( 'NONE', #8943, #3864, #9791 ) ;
#3811 = VERTEX_POINT ( 'NONE', #5821 ) ;
#3812 = ORIENTED_EDGE ( 'NONE', *, *, #3858, .F. ) ;
#3813 = ORIENTED_EDGE ( 'NONE', *, *, #1727, .F. ) ;
#3814 = ORIENTED_EDGE ( 'NONE', *, *, #10782, .T. ) ;
#3815 = CARTESIAN_POINT ( 'NONE',  ( 0.7840515534599025200, 0.7744100964311586600, 0.9400000000000000600 ) ) ;
#3816 = FACE_OUTER_BOUND ( 'NONE', #5332, .T. ) ;
#3817 = B_SPLINE_SURFACE_WITH_KNOTS ( 'NONE', 3, 1, ( 
 ( #7263, #7029 ),
 ( #7043, #6101 ),
 ( #1501, #5560 ),
 ( #1257, #6349 ) ),
 .UNSPECIFIED., .F., .F., .F.,
 ( 4, 4 ),
 ( 2, 2 ),
 ( 3.000000000000000000, 4.000000000000000000 ),
 ( 0.0000000000000000000, 1.000000000000000000 ),
 .UNSPECIFIED. ) ;
#3818 = VECTOR ( 'NONE', #2090, 1000.000000000000000 ) ;
#3819 = ORIENTED_EDGE ( 'NONE', *, *, #4842, .F. ) ;
#3820 = VERTEX_POINT ( 'NONE', #2903 ) ;
#3821 = CARTESIAN_POINT ( 'NONE',  ( -0.03859780289354117200, 0.6679419197013349900, 0.9300000000000000500 ) ) ;
#3822 = CARTESIAN_POINT ( 'NONE',  ( 0.5943828114103957300, 0.7854520307678748400, 0.9300000000000000500 ) ) ;
#3823 = ORIENTED_EDGE ( 'NONE', *, *, #5065, .T. ) ;
#3824 = CARTESIAN_POINT ( 'NONE',  ( 0.6635805837677987200, 0.7176159319277641800, 0.9300000000000000500 ) ) ;
#3825 = FILL_AREA_STYLE_COLOUR ( '', #6655 ) ;
#3826 = COLOUR_RGB ( '',0.6666666666666666300, 0.6666666666666666300, 0.6666666666666666300 ) ;
#3827 = CARTESIAN_POINT ( 'NONE',  ( 0.2237620725598240000, 0.6624330291384651300, 0.9300000000000000500 ) ) ;
#3828 = EDGE_CURVE ( 'NONE', #2477, #80, #3230, .T. ) ;
#3829 = ORIENTED_EDGE ( 'NONE', *, *, #1551, .T. ) ;
#3830 = UNCERTAINTY_MEASURE_WITH_UNIT (LENGTH_MEASURE( 1.000000000000000100E-005 ), #1505, 'distance_accuracy_value', 'NONE');
#3831 = CARTESIAN_POINT ( 'NONE',  ( 0.6760832224229544900, 0.6754783260056996800, 0.9400000000000000600 ) ) ;
#3832 = ORIENTED_EDGE ( 'NONE', *, *, #5573, .T. ) ;
#3833 = EDGE_CURVE ( 'NONE', #7539, #9187, #2978, .T. ) ;
#3834 = CARTESIAN_POINT ( 'NONE',  ( 0.7702367566887100600, 0.7744100964311179100, 0.9400000000000000600 ) ) ;
#3835 = LINE ( 'NONE', #6932, #6642 ) ;
#3836 = VECTOR ( 'NONE', #10426, 1000.000000000000000 ) ;
#3837 = CARTESIAN_POINT ( 'NONE',  ( 0.5580880227609703600, 0.6191298001079786900, 0.9400000000000000600 ) ) ;
#3838 = DIRECTION ( 'NONE',  ( -0.0000000000000000000, 0.0000000000000000000, 1.000000000000000000 ) ) ;
#3839 = LINE ( 'NONE', #10079, #1678 ) ;
#3840 = LINE ( 'NONE', #10114, #8137 ) ;
#3841 = B_SPLINE_CURVE_WITH_KNOTS ( 'NONE', 3,
 ( #4362, #6150, #8718, #3630 ),
 .UNSPECIFIED., .F., .F.,
 ( 4, 4 ),
 ( 15.00000000000000000, 16.00000000000000000 ),
 .UNSPECIFIED. ) ;
#3842 = PLANE ( 'NONE',  #2095 ) ;
#3843 = EDGE_CURVE ( 'NONE', #686, #9123, #9718, .T. ) ;
#3844 = ADVANCED_FACE ( 'NONE', ( #7232 ), #2180, .F. ) ;
#3845 = EDGE_LOOP ( 'NONE', ( #6182, #896, #8173, #8422 ) ) ;
#3846 = B_SPLINE_CURVE_WITH_KNOTS ( 'NONE', 3,
 ( #8152, #3047, #7286, #1431 ),
 .UNSPECIFIED., .F., .F.,
 ( 4, 4 ),
 ( 22.00000000000000000, 23.00000000000000000 ),
 .UNSPECIFIED. ) ;
#3847 = CARTESIAN_POINT ( 'NONE',  ( 0.004095928223868394700, 0.8400940602442806800, 0.9400000000000000600 ) ) ;
#3848 = ORIENTED_EDGE ( 'NONE', *, *, #6407, .T. ) ;
#3849 = CARTESIAN_POINT ( 'NONE',  ( 0.5168664517505301400, 0.8715593124345798500, 0.9400000000000000600 ) ) ;
#3850 = CARTESIAN_POINT ( 'NONE',  ( 0.1250000000000001100, -0.6250000000000000000, 0.0000000000000000000 ) ) ;
#3851 = LINE ( 'NONE', #1677, #10358 ) ;
#3852 = VECTOR ( 'NONE', #7672, 1000.000000000000000 ) ;
#3853 = LINE ( 'NONE', #9881, #1688 ) ;
#3854 = EDGE_CURVE ( 'NONE', #3871, #4050, #9193, .T. ) ;
#3855 = STYLED_ITEM ( 'NONE', ( #8796 ), #375 ) ;
#3856 = CARTESIAN_POINT ( 'NONE',  ( 0.6783856885514542000, 0.8237274354418796500, 0.9300000000000000500 ) ) ;
#3857 = SURFACE_STYLE_USAGE ( .BOTH. , #8941 ) ;
#3858 = EDGE_CURVE ( 'NONE', #1323, #9022, #6969, .T. ) ;
#3859 = CARTESIAN_POINT ( 'NONE',  ( 0.3750000000000001100, -0.8750000000000000000, 0.0000000000000000000 ) ) ;
#3860 = B_SPLINE_SURFACE_WITH_KNOTS ( 'NONE', 3, 1, ( 
 ( #6995, #2207 ),
 ( #4465, #3014 ),
 ( #5683, #6012 ),
 ( #9380, #9562 ) ),
 .UNSPECIFIED., .F., .F., .F.,
 ( 4, 4 ),
 ( 2, 2 ),
 ( 16.00000000000000000, 17.00000000000000000 ),
 ( 0.0000000000000000000, 1.000000000000000000 ),
 .UNSPECIFIED. ) ;
#3861 = ORIENTED_EDGE ( 'NONE', *, *, #10851, .F. ) ;
#3862 = ORIENTED_EDGE ( 'NONE', *, *, #5444, .F. ) ;
#3863 = PRESENTATION_STYLE_ASSIGNMENT (( #660 ) ) ;
#3864 = DIRECTION ( 'NONE',  ( 0.0000000000000000000, 0.0000000000000000000, -1.000000000000000000 ) ) ;
#3865 = VECTOR ( 'NONE', #2242, 1000.000000000000000 ) ;
#3866 = CARTESIAN_POINT ( 'NONE',  ( 0.8684505538054236900, 0.7176159319277641800, 0.9400000000000000600 ) ) ;
#3867 = CARTESIAN_POINT ( 'NONE',  ( 0.6251813905923989700, 0.7854520307678748400, 0.9300000000000000500 ) ) ;
#3868 = AXIS2_PLACEMENT_3D ( 'NONE', #5003, #4035, #8277 ) ;
#3869 = ORIENTED_EDGE ( 'NONE', *, *, #10393, .F. ) ;
#3870 = CARTESIAN_POINT ( 'NONE',  ( 0.5436542834821478400, 0.6723588557673174600, 0.9400000000000000600 ) ) ;
#3871 = VERTEX_POINT ( 'NONE', #9889 ) ;
#3872 = VECTOR ( 'NONE', #7747, 1000.000000000000000 ) ;
#3873 = CARTESIAN_POINT ( 'NONE',  ( -0.07991432450440462400, 0.7030609656968133100, 0.9400000000000000600 ) ) ;
#3874 = CARTESIAN_POINT ( 'NONE',  ( 0.4078582973002071200, 0.8712622200305797400, 0.9400000000000000600 ) ) ;
#3875 = CARTESIAN_POINT ( 'NONE',  ( 0.5943828114103957300, 0.7854520307678748400, 0.9400000000000000600 ) ) ;
#3876 = CARTESIAN_POINT ( 'NONE',  ( 0.7384726271951779200, 0.8520997599932974600, 0.9300000000000000500 ) ) ;
#3877 = MECHANICAL_DESIGN_GEOMETRIC_PRESENTATION_REPRESENTATION (  '', ( #2233 ), #4466 ) ;
#3878 = CARTESIAN_POINT ( 'NONE',  ( 0.5976755855513886700, 0.6899368229848047400, 0.9400000000000000600 ) ) ;
#3879 = CARTESIAN_POINT ( 'NONE',  ( 1.000000000000000200, -1.000000000000000200, 0.0000000000000000000 ) ) ;
#3880 = SURFACE_STYLE_USAGE ( .BOTH. , #7650 ) ;
#3881 = SURFACE_STYLE_FILL_AREA ( #6287 ) ;
#3882 = LINE ( 'NONE', #1837, #1469 ) ;
#3883 = PLANE ( 'NONE',  #7472 ) ;
#3884 = CARTESIAN_POINT ( 'NONE',  ( 0.01304783598586535700, 0.8518004067206334000, 0.9300000000000000500 ) ) ;
#3885 = DIRECTION ( 'NONE',  ( 1.000000000000000000, -0.0000000000000000000, -0.0000000000000000000 ) ) ;
#3886 = SURFACE_STYLE_USAGE ( .BOTH. , #4087 ) ;
#3887 = CARTESIAN_POINT ( 'NONE',  ( 0.6250000000000001100, -0.8749999999999998900, -0.02000000000000000000 ) ) ;
#3888 = VERTEX_POINT ( 'NONE', #9473 ) ;
#3889 = EDGE_LOOP ( 'NONE', ( #7828, #9524, #5062, #7719 ) ) ;
#3890 = VECTOR ( 'NONE', #3922, 1000.000000000000000 ) ;
#3891 = FACE_OUTER_BOUND ( 'NONE', #6633, .T. ) ;
#3892 = CARTESIAN_POINT ( 'NONE',  ( 0.4713617985869710800, 0.6402728761695148900, 0.9400000000000000600 ) ) ;
#3893 = B_SPLINE_SURFACE_WITH_KNOTS ( 'NONE', 3, 1, ( 
 ( #8387, #8528 ),
 ( #8461, #3982 ),
 ( #4300, #4095 ),
 ( #4136, #4206 ) ),
 .UNSPECIFIED., .F., .F., .F.,
 ( 4, 4 ),
 ( 2, 2 ),
 ( 11.00000000000000000, 12.00000000000000000 ),
 ( 0.0000000000000000000, 1.000000000000000000 ),
 .UNSPECIFIED. ) ;
#3894 = DIRECTION ( 'NONE',  ( -0.0000000000000000000, -0.0000000000000000000, -1.000000000000000000 ) ) ;
#3895 = DIRECTION ( 'NONE',  ( -0.0000000000000000000, 1.000000000000000000, -0.0000000000000000000 ) ) ;
#3896 = VERTEX_POINT ( 'NONE', #4107 ) ;
#3897 = ADVANCED_FACE ( 'NONE', ( #4943 ), #7079, .F. ) ;
#3898 = ORIENTED_EDGE ( 'NONE', *, *, #489, .F. ) ;
#3899 = CARTESIAN_POINT ( 'NONE',  ( 0.7702367566887100600, 0.7744100964311179100, 0.9300000000000000500 ) ) ;
#3900 = VECTOR ( 'NONE', #8891, 1000.000000000000000 ) ;
#3901 = CARTESIAN_POINT ( 'NONE',  ( 0.6783856885514542000, 0.8237274354418796500, 0.9300000000000000500 ) ) ;
#3902 = AXIS2_PLACEMENT_3D ( 'NONE', #10084, #10039, #9971 ) ;
#3903 = ORIENTED_EDGE ( 'NONE', *, *, #3027, .T. ) ;
#3904 = VERTEX_POINT ( 'NONE', #9163 ) ;
#3905 = ORIENTED_EDGE ( 'NONE', *, *, #1202, .T. ) ;
#3906 = ORIENTED_EDGE ( 'NONE', *, *, #8648, .F. ) ;
#3907 = CARTESIAN_POINT ( 'NONE',  ( 0.3953556586454127200, 0.6207638083283396600, 0.9400000000000000600 ) ) ;
#3908 = ORIENTED_EDGE ( 'NONE', *, *, #5001, .F. ) ;
#3909 = FACE_OUTER_BOUND ( 'NONE', #1475, .T. ) ;
#3910 = DIRECTION ( 'NONE',  ( -0.0000000000000000000, -0.0000000000000000000, -1.000000000000000000 ) ) ;
#3911 = DIRECTION ( 'NONE',  ( -1.000000000000000000, 0.0000000000000000000, -0.0000000000000000000 ) ) ;
#3912 = EDGE_CURVE ( 'NONE', #2641, #9259, #285, .T. ) ;
#3913 = EDGE_CURVE ( 'NONE', #10410, #4372, #4426, .T. ) ;
#3914 = CARTESIAN_POINT ( 'NONE',  ( 0.4809925440061695300, 0.6191298001079786900, 0.9300000000000000500 ) ) ;
#3915 = B_SPLINE_CURVE_WITH_KNOTS ( 'NONE', 3,
 ( #5714, #2329, #6547, #1569 ),
 .UNSPECIFIED., .F., .F.,
 ( 4, 4 ),
 ( 7.000000000000000000, 8.000000000000000000 ),
 .UNSPECIFIED. ) ;
#3916 = CARTESIAN_POINT ( 'NONE',  ( 0.6157487067751006300, 0.6379456523407053300, 0.9400000000000000600 ) ) ;
#3917 = B_SPLINE_CURVE_WITH_KNOTS ( 'NONE', 3,
 ( #1928, #6966, #7106, #2747 ),
 .UNSPECIFIED., .F., .F.,
 ( 4, 4 ),
 ( 9.000000000000000000, 10.00000000000000000 ),
 .UNSPECIFIED. ) ;
#3918 = CARTESIAN_POINT ( 'NONE',  ( 0.6191157540169252000, 0.6103160587989605600, 0.9400000000000000600 ) ) ;
#3919 = EDGE_CURVE ( 'NONE', #8427, #8031, #8924, .T. ) ;
#3920 = VERTEX_POINT ( 'NONE', #9498 ) ;
#3921 = VERTEX_POINT ( 'NONE', #8714 ) ;
#3922 = DIRECTION ( 'NONE',  ( -0.0000000000000000000, -0.0000000000000000000, -1.000000000000000000 ) ) ;
#3923 = EDGE_LOOP ( 'NONE', ( #2126, #332, #9991, #4336 ) ) ;
#3924 = CARTESIAN_POINT ( 'NONE',  ( 0.6769249842330500300, 0.7879773161989130900, 0.9400000000000000600 ) ) ;
#3925 = VERTEX_POINT ( 'NONE', #8640 ) ;
#3926 =( NAMED_UNIT ( * ) PLANE_ANGLE_UNIT ( ) SI_UNIT ( $, .RADIAN. ) );
#3927 = VECTOR ( 'NONE', #6276, 1000.000000000000000 ) ;
#3928 = CARTESIAN_POINT ( 'NONE',  ( 0.7156707852130119700, 0.6318057426650612900, 0.9400000000000000600 ) ) ;
#3929 = CARTESIAN_POINT ( 'NONE',  ( 0.1913974849792963500, 0.7016837430564193400, 0.9400000000000000600 ) ) ;
#3930 = EDGE_CURVE ( 'NONE', #3580, #9868, #10644, .T. ) ;
#3931 = ORIENTED_EDGE ( 'NONE', *, *, #3589, .T. ) ;
#3932 = AXIS2_PLACEMENT_3D ( 'NONE', #1025, #7670, #4728 ) ;
#3933 = ORIENTED_EDGE ( 'NONE', *, *, #5872, .F. ) ;
#3934 = FACE_OUTER_BOUND ( 'NONE', #8142, .T. ) ;
#3935 = CARTESIAN_POINT ( 'NONE',  ( 0.8079427342556492200, 0.6962252788627831800, 0.9400000000000000600 ) ) ;
#3936 = CARTESIAN_POINT ( 'NONE',  ( 0.6769249842330500300, 0.7879773161989130900, 0.9400000000000000600 ) ) ;
#3937 = EDGE_CURVE ( 'NONE', #3530, #1586, #1969, .T. ) ;
#3938 = DIRECTION ( 'NONE',  ( 0.0000000000000000000, 0.0000000000000000000, 1.000000000000000000 ) ) ;
#3939 = CARTESIAN_POINT ( 'NONE',  ( 0.5866088935143900500, 0.5999673400706993000, 0.9400000000000000600 ) ) ;
#3940 = EDGE_LOOP ( 'NONE', ( #3482, #4046, #2458, #4117, #7022, #8953, #3471, #1222 ) ) ;
#3941 = VERTEX_POINT ( 'NONE', #8378 ) ;
#3942 = CARTESIAN_POINT ( 'NONE',  ( 0.4667073509293496200, 0.6597324286108028300, 0.9300000000000000500 ) ) ;
#3943 = ORIENTED_EDGE ( 'NONE', *, *, #6563, .T. ) ;
#3944 = CARTESIAN_POINT ( 'NONE',  ( 0.6783856885514542000, 0.8237274354418796500, 0.9400000000000000600 ) ) ;
#3945 = PRESENTATION_LAYER_ASSIGNMENT (  '', '', ( #2854 ) ) ;
#3946 = PLANE ( 'NONE',  #7764 ) ;
#3948 = DIRECTION ( 'NONE',  ( 0.0000000000000000000, 1.000000000000000000, 0.0000000000000000000 ) ) ;
#3947 = LINE ( 'NONE', #5702, #9906 ) ;
#3949 = CARTESIAN_POINT ( 'NONE',  ( 0.4999569424408943900, 0.8728962282509370500, 0.9300000000000000500 ) ) ;
#3950 = CARTESIAN_POINT ( 'NONE',  ( 0.5422926099655147600, 0.7744100964311524400, 0.9400000000000000600 ) ) ;
#3951 = VERTEX_POINT ( 'NONE', #8334 ) ;
#3952 = ORIENTED_EDGE ( 'NONE', *, *, #5306, .F. ) ;
#3953 = ORIENTED_EDGE ( 'NONE', *, *, #7529, .F. ) ;
#3954 = CARTESIAN_POINT ( 'NONE',  ( 0.6783856885514575300, 0.8116456776921494600, 0.9300000000000000500 ) ) ;
#3955 = SURFACE_SIDE_STYLE ('',( #6109 ) ) ;
#3956 = ORIENTED_EDGE ( 'NONE', *, *, #6652, .F. ) ;
#3957 = ADVANCED_FACE ( 'NONE', ( #6399 ), #8307, .F. ) ;
#3958 = ORIENTED_EDGE ( 'NONE', *, *, #6277, .F. ) ;
#3959 = CARTESIAN_POINT ( 'NONE',  ( 0.5322904990414822900, 0.6633470528554140700, 0.9400000000000000600 ) ) ;
#3960 = DIRECTION ( 'NONE',  ( -0.0000000000000000000, -1.000000000000000000, -0.0000000000000000000 ) ) ;
#3961 = VECTOR ( 'NONE', #5069, 1000.000000000000000 ) ;
#3962 = DIRECTION ( 'NONE',  ( 3.925162207837335100E-015, 1.000000000000000000, 0.0000000000000000000 ) ) ;
#3963 = CARTESIAN_POINT ( 'NONE',  ( 0.6783856885514575300, 0.8116456776921494600, 0.9400000000000000600 ) ) ;
#3964 = ADVANCED_BREP_SHAPE_REPRESENTATION ( 'LGA-12_L2.0-W2.0-P0.50-TL_QMA6100', ( #10464, #1482 ), #6723 ) ;
#3965 = DIRECTION ( 'NONE',  ( 0.0000000000000000000, -0.0000000000000000000, -1.000000000000000000 ) ) ;
#3966 = ORIENTED_EDGE ( 'NONE', *, *, #1200, .F. ) ;
#3968 = ORIENTED_EDGE ( 'NONE', *, *, #4293, .F. ) ;
#3967 = CARTESIAN_POINT ( 'NONE',  ( 0.5146382587228371900, 0.6652781534791097900, 0.9300000000000000500 ) ) ;
#3969 = LINE ( 'NONE', #9017, #3709 ) ;
#3970 = LINE ( 'NONE', #4022, #2058 ) ;
#3971 = B_SPLINE_CURVE_WITH_KNOTS ( 'NONE', 3,
 ( #2253, #4130, #7131, #6432 ),
 .UNSPECIFIED., .F., .F.,
 ( 4, 4 ),
 ( 9.000000000000000000, 10.00000000000000000 ),
 .UNSPECIFIED. ) ;
#3972 = CARTESIAN_POINT ( 'NONE',  ( -0.6249999999999970000, 0.8750000000000021100, -0.02000000000000000000 ) ) ;
#3973 = CARTESIAN_POINT ( 'NONE',  ( -0.8749999999999985600, 0.3750000000000029400, -0.02000000000000000000 ) ) ;
#3974 = ORIENTED_EDGE ( 'NONE', *, *, #5001, .T. ) ;
#3975 = ADVANCED_FACE ( 'NONE', ( #9839 ), #3415, .F. ) ;
#3976 = DIRECTION ( 'NONE',  ( -1.000000000000000000, 0.0000000000000000000, 0.0000000000000000000 ) ) ;
#3977 = DIRECTION ( 'NONE',  ( -1.000000000000000000, 0.0000000000000000000, 0.0000000000000000000 ) ) ;
#3978 = UNCERTAINTY_MEASURE_WITH_UNIT (LENGTH_MEASURE( 1.000000000000000100E-005 ), #5613, 'distance_accuracy_value', 'NONE');
#3979 = ORIENTED_EDGE ( 'NONE', *, *, #5786, .F. ) ;
#3980 = LINE ( 'NONE', #5929, #3723 ) ;
#3981 = CARTESIAN_POINT ( 'NONE',  ( 0.5580880227609703600, 0.6915213158045996300, 0.9300000000000000500 ) ) ;
#3982 = CARTESIAN_POINT ( 'NONE',  ( 0.4876523653886590800, 0.7839170533486318200, 0.9300000000000000500 ) ) ;
#3983 = CARTESIAN_POINT ( 'NONE',  ( 0.5944323268112803300, 0.5881826747243045200, 0.9400000000000000600 ) ) ;
#3984 = EDGE_LOOP ( 'NONE', ( #3374, #8915, #6701, #5371, #6725, #9759 ) ) ;
#3985 = DIRECTION ( 'NONE',  ( 1.000000000000000000, 8.602582885162282500E-014, -0.0000000000000000000 ) ) ;
#3986 = SURFACE_STYLE_USAGE ( .BOTH. , #9066 ) ;
#3987 = AXIS2_PLACEMENT_3D ( 'NONE', #8174, #9699, #9715 ) ;
#3988 = VERTEX_POINT ( 'NONE', #7463 ) ;
#3989 = LINE ( 'NONE', #7892, #8275 ) ;
#3990 = SURFACE_STYLE_FILL_AREA ( #1366 ) ;
#3991 = CARTESIAN_POINT ( 'NONE',  ( 0.2237620725598240000, 0.6624330291384651300, 0.9400000000000000600 ) ) ;
#3992 = CARTESIAN_POINT ( 'NONE',  ( -0.06269910716643506400, 0.6789596614239176200, 0.9300000000000000500 ) ) ;
#3993 = EDGE_CURVE ( 'NONE', #10797, #7482, #5631, .T. ) ;
#3994 = B_SPLINE_CURVE_WITH_KNOTS ( 'NONE', 3,
 ( #3080, #4316, #2988, #4382 ),
 .UNSPECIFIED., .F., .F.,
 ( 4, 4 ),
 ( 1.000000000000000000, 2.000000000000000000 ),
 .UNSPECIFIED. ) ;
#3995 = CARTESIAN_POINT ( 'NONE',  ( 0.5311516448273563300, 0.6712695169537451500, 0.9400000000000000600 ) ) ;
#3996 = CARTESIAN_POINT ( 'NONE',  ( 0.03852634976530600700, 0.8283877137679336300, 0.9400000000000000600 ) ) ;
#3997 = CARTESIAN_POINT ( 'NONE',  ( -0.6249999999999995600, 0.1250000000000020500, 0.0000000000000000000 ) ) ;
#3998 =( NAMED_UNIT ( * ) PLANE_ANGLE_UNIT ( ) SI_UNIT ( $, .RADIAN. ) );
#3999 = EDGE_LOOP ( 'NONE', ( #6554, #3552, #1843, #8386 ) ) ;
#4000 = EDGE_CURVE ( 'NONE', #9247, #8099, #7638, .T. ) ;
#4001 = AXIS2_PLACEMENT_3D ( 'NONE', #300, #133, #93 ) ;
#4002 = CARTESIAN_POINT ( 'NONE',  ( 0.6403083454796753000, 0.8712622200305797400, 0.9300000000000000500 ) ) ;
#4003 = ORIENTED_EDGE ( 'NONE', *, *, #4449, .F. ) ;
#4004 = VECTOR ( 'NONE', #7928, 1000.000000000000000 ) ;
#4005 = CARTESIAN_POINT ( 'NONE',  ( -0.003478770031579850700, 0.7133900960998563700, 0.9300000000000000500 ) ) ;
#4006 = EDGE_CURVE ( 'NONE', #8643, #6680, #7142, .T. ) ;
#4007 = DIRECTION ( 'NONE',  ( -0.0000000000000000000, -0.0000000000000000000, -1.000000000000000000 ) ) ;
#4008 = EDGE_CURVE ( 'NONE', #4400, #9178, #3095, .T. ) ;
#4009 = ORIENTED_EDGE ( 'NONE', *, *, #7897, .F. ) ;
#4010 = PLANE ( 'NONE',  #7855 ) ;
#4011 = ADVANCED_FACE ( 'NONE', ( #936 ), #6775, .F. ) ;
#4012 = FILL_AREA_STYLE_COLOUR ( '', #7853 ) ;
#4013 = CARTESIAN_POINT ( 'NONE',  ( 0.6403083454796753000, 0.8712622200305797400, 0.9400000000000000600 ) ) ;
#4014 = AXIS2_PLACEMENT_3D ( 'NONE', #9533, #8700, #9346 ) ;
#4015 = CARTESIAN_POINT ( 'NONE',  ( 0.8413161142685853200, 0.6472545476559552500, 0.9300000000000000500 ) ) ;
#4016 = CARTESIAN_POINT ( 'NONE',  ( 0.02613141167001858900, 0.7133900960998563700, 0.9400000000000000600 ) ) ;
#4017 = ORIENTED_EDGE ( 'NONE', *, *, #8157, .F. ) ;
#4018 = ORIENTED_EDGE ( 'NONE', *, *, #77, .F. ) ;
#4019 = CARTESIAN_POINT ( 'NONE',  ( -0.9999999999999997800, -1.000000000000000200, 0.0000000000000000000 ) ) ;
#4020 = LINE ( 'NONE', #5318, #6544 ) ;
#4021 = DIRECTION ( 'NONE',  ( 1.000000000000000000, -0.0000000000000000000, -0.0000000000000000000 ) ) ;
#4022 = CARTESIAN_POINT ( 'NONE',  ( 0.6635805837678008200, 0.6207638083283396600, 0.9300000000000000500 ) ) ;
#4023 = B_SPLINE_SURFACE_WITH_KNOTS ( 'NONE', 3, 1, ( 
 ( #3090, #2969 ),
 ( #3172, #3139 ),
 ( #3124, #5896 ),
 ( #5761, #5881 ),
 ( #5863, #5848 ),
 ( #5706, #7535 ),
 ( #7513, #7344 ) ),
 .UNSPECIFIED., .F., .F., .F.,
 ( 4, 3, 4 ),
 ( 2, 2 ),
 ( 2.000000000000000000, 3.000000000000000000, 4.000000000000000000 ),
 ( 0.0000000000000000000, 1.000000000000000000 ),
 .UNSPECIFIED. ) ;
#4024 = CARTESIAN_POINT ( 'NONE',  ( 0.7384726271951779200, 0.8520997599932974600, 0.9300000000000000500 ) ) ;
#4025 = AXIS2_PLACEMENT_3D ( 'NONE', #5991, #1019, #6859 ) ;
#4026 = CARTESIAN_POINT ( 'NONE',  ( 0.5580880227609703600, 0.6599800056135877200, 0.9300000000000000500 ) ) ;
#4027 = VERTEX_POINT ( 'NONE', #6133 ) ;
#4028 = ORIENTED_EDGE ( 'NONE', *, *, #10726, .F. ) ;
#4029 =( NAMED_UNIT ( * ) SI_UNIT ( $, .STERADIAN. ) SOLID_ANGLE_UNIT ( ) );
#4030 = ORIENTED_EDGE ( 'NONE', *, *, #1135, .F. ) ;
#4031 = DIRECTION ( 'NONE',  ( -0.0000000000000000000, -0.0000000000000000000, -1.000000000000000000 ) ) ;
#4032 = LINE ( 'NONE', #9987, #10271 ) ;
#4033 = LINE ( 'NONE', #7275, #1858 ) ;
#4034 =( LENGTH_UNIT ( ) NAMED_UNIT ( * ) SI_UNIT ( .MILLI., .METRE. ) );
#4035 = DIRECTION ( 'NONE',  ( 0.1333547648941455500, -0.9910683662997357100, 0.0000000000000000000 ) ) ;
#4036 =( LENGTH_UNIT ( ) NAMED_UNIT ( * ) SI_UNIT ( .MILLI., .METRE. ) );
#4037 = CARTESIAN_POINT ( 'NONE',  ( 0.6749443682087967700, 0.8022377515757851400, 0.9300000000000000500 ) ) ;
#4038 = CARTESIAN_POINT ( 'NONE',  ( 0.3953556586454114500, 0.7744100964311524400, 0.9400000000000000600 ) ) ;
#4039 = AXIS2_PLACEMENT_3D ( 'NONE', #1239, #7094, #2056 ) ;
#4040 = UNCERTAINTY_MEASURE_WITH_UNIT (LENGTH_MEASURE( 1.000000000000000100E-005 ), #4193, 'distance_accuracy_value', 'NONE');
#4041 = VERTEX_POINT ( 'NONE', #6168 ) ;
#4042 = ORIENTED_EDGE ( 'NONE', *, *, #7970, .T. ) ;
#4043 = B_SPLINE_SURFACE_WITH_KNOTS ( 'NONE', 3, 1, ( 
 ( #1283, #8952 ),
 ( #8149, #1147 ),
 ( #4766, #644 ),
 ( #9842, #4633 ) ),
 .UNSPECIFIED., .F., .F., .F.,
 ( 4, 4 ),
 ( 2, 2 ),
 ( 5.000000000000000000, 6.000000000000000000 ),
 ( 0.0000000000000000000, 1.000000000000000000 ),
 .UNSPECIFIED. ) ;
#4044 = VECTOR ( 'NONE', #2633, 1000.000000000000000 ) ;
#4045 = B_SPLINE_CURVE_WITH_KNOTS ( 'NONE', 3,
 ( #5243, #2995, #10262, #10224 ),
 .UNSPECIFIED., .F., .F.,
 ( 4, 4 ),
 ( 3.000000000000000000, 4.000000000000000000 ),
 .UNSPECIFIED. ) ;
#4046 = ORIENTED_EDGE ( 'NONE', *, *, #9397, .T. ) ;
#4047 = CARTESIAN_POINT ( 'NONE',  ( -0.07991432450440462400, 0.7312939247580169100, 0.9300000000000000500 ) ) ;
#4048 = DIRECTION ( 'NONE',  ( 0.0000000000000000000, 1.000000000000000000, -0.0000000000000000000 ) ) ;
#4049 = DIRECTION ( 'NONE',  ( 1.000000000000000000, 0.0000000000000000000, 0.0000000000000000000 ) ) ;
#4050 = VERTEX_POINT ( 'NONE', #6105 ) ;
#4051 = ORIENTED_EDGE ( 'NONE', *, *, #9810, .T. ) ;
#4052 = CARTESIAN_POINT ( 'NONE',  ( 0.6783856885514575300, 0.8116456776921494600, 0.9300000000000000500 ) ) ;
#4053 = SURFACE_STYLE_FILL_AREA ( #10563 ) ;
#4054 = VECTOR ( 'NONE', #1736, 1000.000000000000000 ) ;
#4055 = EDGE_CURVE ( 'NONE', #2798, #3020, #151, .T. ) ;
#4056 = CARTESIAN_POINT ( 'NONE',  ( 0.6059198997533431500, 0.6083354427740475000, 0.9400000000000000600 ) ) ;
#4057 = CARTESIAN_POINT ( 'NONE',  ( 0.7606060112698374000, 0.6207638083283396600, 0.9400000000000000600 ) ) ;
#4058 =( GEOMETRIC_REPRESENTATION_CONTEXT ( 3 ) GLOBAL_UNCERTAINTY_ASSIGNED_CONTEXT ( ( #1087 ) ) GLOBAL_UNIT_ASSIGNED_CONTEXT ( ( #64, #5885, #910 ) ) REPRESENTATION_CONTEXT ( 'NONE', 'WORKASPACE' ) );
#4059 = CARTESIAN_POINT ( 'NONE',  ( 0.5480859118372697300, 0.6643373608678726500, 0.9400000000000000600 ) ) ;
#4060 = CARTESIAN_POINT ( 'NONE',  ( 0.6677646351194723700, 0.8510104211797279200, 0.9400000000000000600 ) ) ;
#4061 = CARTESIAN_POINT ( 'NONE',  ( 1.000000000000000200, 1.000000000000000000, 0.9300000000000000500 ) ) ;
#4062 = VECTOR ( 'NONE', #10699, 1000.000000000000000 ) ;
#4063 = ORIENTED_EDGE ( 'NONE', *, *, #7587, .T. ) ;
#4064 = EDGE_CURVE ( 'NONE', #4204, #8481, #4276, .T. ) ;
#4065 = CARTESIAN_POINT ( 'NONE',  ( 0.5025069855725459200, 0.6488390404757544700, 0.9300000000000000500 ) ) ;
#4066 = ORIENTED_EDGE ( 'NONE', *, *, #10315, .T. ) ;
#4067 = ADVANCED_FACE ( 'NONE', ( #10737 ), #5829, .F. ) ;
#4068 = EDGE_CURVE ( 'NONE', #8602, #8338, #5484, .T. ) ;
#4069 = DIRECTION ( 'NONE',  ( -0.0000000000000000000, -0.0000000000000000000, -1.000000000000000000 ) ) ;
#4070 = CARTESIAN_POINT ( 'NONE',  ( 0.5025069855725459200, 0.6554741041582921000, 0.9300000000000000500 ) ) ;
#4071 = CARTESIAN_POINT ( 'NONE',  ( 0.4649990696081569000, 0.6245764941751733600, 0.9400000000000000600 ) ) ;
#4072 = DIRECTION ( 'NONE',  ( -0.0000000000000000000, -0.0000000000000000000, -1.000000000000000000 ) ) ;
#4073 = ORIENTED_EDGE ( 'NONE', *, *, #3023, .F. ) ;
#4074 = CARTESIAN_POINT ( 'NONE',  ( 0.6749443682087967700, 0.8022377515757851400, 0.9400000000000000600 ) ) ;
#4075 = ORIENTED_EDGE ( 'NONE', *, *, #6206, .T. ) ;
#4076 = PLANE ( 'NONE',  #1107 ) ;
#4077 = EDGE_LOOP ( 'NONE', ( #3253, #7676, #2646, #7432 ) ) ;
#4078 = DIRECTION ( 'NONE',  ( 1.000000000000000000, -0.0000000000000000000, -0.0000000000000000000 ) ) ;
#4079 = VECTOR ( 'NONE', #7579, 1000.000000000000000 ) ;
#4080 = EDGE_CURVE ( 'NONE', #612, #5172, #1329, .T. ) ;
#4081 = CARTESIAN_POINT ( 'NONE',  ( 0.4990006762666533400, 0.6774341843300889500, 0.9400000000000000600 ) ) ;
#4082 = EDGE_LOOP ( 'NONE', ( #9517, #8124, #4597, #934 ) ) ;
#4083 = ORIENTED_EDGE ( 'NONE', *, *, #9876, .F. ) ;
#4084 = DIRECTION ( 'NONE',  ( 1.000000000000000000, -0.0000000000000000000, -0.0000000000000000000 ) ) ;
#4085 = VERTEX_POINT ( 'NONE', #5141 ) ;
#4086 = ORIENTED_EDGE ( 'NONE', *, *, #3221, .F. ) ;
#4087 = SURFACE_SIDE_STYLE ('',( #3569 ) ) ;
#4088 = CARTESIAN_POINT ( 'NONE',  ( 0.6549896617612845900, 0.8712622200305797400, 0.9300000000000000500 ) ) ;
#4089 = VECTOR ( 'NONE', #10245, 1000.000000000000000 ) ;
#4090 = LINE ( 'NONE', #6984, #8632 ) ;
#4091 = FILL_AREA_STYLE ('',( #7548 ) ) ;
#4092 = ORIENTED_EDGE ( 'NONE', *, *, #8172, .T. ) ;
#4093 = EDGE_LOOP ( 'NONE', ( #4108, #5817, #4083, #10545 ) ) ;
#4094 = ORIENTED_EDGE ( 'NONE', *, *, #2131, .F. ) ;
#4095 = CARTESIAN_POINT ( 'NONE',  ( 0.4793585357858143900, 0.7873336159910135900, 0.9300000000000000500 ) ) ;
#4096 = ORIENTED_EDGE ( 'NONE', *, *, #10565, .F. ) ;
#4097 = CARTESIAN_POINT ( 'NONE',  ( 0.6760832224229544900, 0.7064749667899301600, 0.9400000000000000600 ) ) ;
#4098 = CARTESIAN_POINT ( 'NONE',  ( 0.7884831818150220800, 0.6252697097836351600, 0.9300000000000000500 ) ) ;
#4099 = COLOUR_RGB ( '',0.6666666666666666300, 0.6666666666666666300, 0.6666666666666666300 ) ;
#4100 = DIRECTION ( 'NONE',  ( 0.0000000000000000000, 1.000000000000000000, 0.0000000000000000000 ) ) ;
#4101 = CARTESIAN_POINT ( 'NONE',  ( 0.5568996531462886400, 0.6816677510825681600, 0.9400000000000000600 ) ) ;
#4102 = VECTOR ( 'NONE', #4774, 1000.000000000000000 ) ;
#4103 = UNCERTAINTY_MEASURE_WITH_UNIT (LENGTH_MEASURE( 1.000000000000000100E-005 ), #5122, 'distance_accuracy_value', 'NONE');
#4104 = SURFACE_STYLE_USAGE ( .BOTH. , #10024 ) ;
#4105 = VERTEX_POINT ( 'NONE', #5938 ) ;
#4107 = CARTESIAN_POINT ( 'NONE',  ( -0.1250000000000001100, 0.8749999999999998900, 0.0000000000000000000 ) ) ;
#4106 = CARTESIAN_POINT ( 'NONE',  ( 0.2733419037463276100, 0.7457546705462094700, 0.9400000000000000600 ) ) ;
#4108 = ORIENTED_EDGE ( 'NONE', *, *, #2131, .T. ) ;
#4109 = CARTESIAN_POINT ( 'NONE',  ( 0.3750000000000001100, -0.8750000000000000000, -0.02000000000000000000 ) ) ;
#4110 = CARTESIAN_POINT ( 'NONE',  ( 0.5025069855725459200, 0.6647334840729866000, 0.9400000000000000600 ) ) ;
#4111 = CARTESIAN_POINT ( 'NONE',  ( 0.5912633411720135100, 0.5985809088531275400, 0.9300000000000000500 ) ) ;
#4112 = VECTOR ( 'NONE', #6771, 1000.000000000000000 ) ;
#4113 = LINE ( 'NONE', #2063, #8393 ) ;
#4114 = LINE ( 'NONE', #239, #6116 ) ;
#4115 = DIRECTION ( 'NONE',  ( -1.000000000000000000, -0.0000000000000000000, -0.0000000000000000000 ) ) ;
#4116 = CARTESIAN_POINT ( 'NONE',  ( 0.5074832833341178500, 0.7839170533486318200, 0.9400000000000000600 ) ) ;
#4117 = ORIENTED_EDGE ( 'NONE', *, *, #9181, .T. ) ;
#4118 = B_SPLINE_SURFACE_WITH_KNOTS ( 'NONE', 3, 1, ( 
 ( #2730, #1721 ),
 ( #9363, #9476 ),
 ( #9143, #9138 ),
 ( #9445, #2188 ) ),
 .UNSPECIFIED., .F., .F., .F.,
 ( 4, 4 ),
 ( 2, 2 ),
 ( 17.00000000000000000, 18.00000000000000000 ),
 ( 0.0000000000000000000, 1.000000000000000000 ),
 .UNSPECIFIED. ) ;
#4119 = ORIENTED_EDGE ( 'NONE', *, *, #1123, .F. ) ;
#4120 = B_SPLINE_CURVE_WITH_KNOTS ( 'NONE', 3,
 ( #5236, #4408, #5271, #10327, #6113, #6988, #1138 ),
 .UNSPECIFIED., .F., .F.,
 ( 4, 3, 4 ),
 ( 2.000000000000000000, 3.000000000000000000, 4.000000000000000000 ),
 .UNSPECIFIED. ) ;
#4121 = FACE_OUTER_BOUND ( 'NONE', #5919, .T. ) ;
#4122 = CARTESIAN_POINT ( 'NONE',  ( 0.6398131914727888100, 0.8601212548927491500, 0.9300000000000000500 ) ) ;
#4123 = STYLED_ITEM ( 'NONE', ( #1713 ), #3675 ) ;
#4124 = CARTESIAN_POINT ( 'NONE',  ( 0.4628203919810128200, 0.7859967001746557300, 0.9400000000000000600 ) ) ;
#4125 = LINE ( 'NONE', #3717, #10599 ) ;
#4126 = ADVANCED_FACE ( 'NONE', ( #3214 ), #5174, .F. ) ;
#4127 = DIRECTION ( 'NONE',  ( -0.3493954794973055400, 0.9369753459439835700, 0.0000000000000000000 ) ) ;
#4128 = CARTESIAN_POINT ( 'NONE',  ( 0.5310773717265184800, 0.6231900629582662900, 0.9400000000000000600 ) ) ;
#4129 = CARTESIAN_POINT ( 'NONE',  ( 0.5146382587228371900, 0.6652781534791097900, 0.9400000000000000600 ) ) ;
#4130 = CARTESIAN_POINT ( 'NONE',  ( 0.4635136075897990400, 0.8339276079684738700, 0.9300000000000000500 ) ) ;
#4131 = ORIENTED_EDGE ( 'NONE', *, *, #9746, .F. ) ;
#4132 = FACE_OUTER_BOUND ( 'NONE', #1694, .T. ) ;
#4133 = FACE_OUTER_BOUND ( 'NONE', #8525, .T. ) ;
#4134 = EDGE_CURVE ( 'NONE', #2900, #7735, #9042, .T. ) ;
#4135 = EDGE_CURVE ( 'NONE', #9789, #8571, #7497, .T. ) ;
#4136 = CARTESIAN_POINT ( 'NONE',  ( 0.4730205645072783600, 0.7941172258752252600, 0.9400000000000000600 ) ) ;
#4137 = DIRECTION ( 'NONE',  ( 1.000000000000000000, -0.0000000000000000000, -0.0000000000000000000 ) ) ;
#4138 = CARTESIAN_POINT ( 'NONE',  ( -0.09437512939602889200, 0.6548583440168537200, 0.9400000000000000600 ) ) ;
#4139 = CARTESIAN_POINT ( 'NONE',  ( 0.8750000000000012200, 0.1249999999999909000, -0.02000000000000000000 ) ) ;
#4140 = EDGE_CURVE ( 'NONE', #3387, #1586, #1332, .T. ) ;
#4141 = FILL_AREA_STYLE ('',( #9184 ) ) ;
#4142 = CARTESIAN_POINT ( 'NONE',  ( 0.5146382587228371900, 0.6207638083283396600, 0.9400000000000000600 ) ) ;
#4143 = FILL_AREA_STYLE ('',( #4303 ) ) ;
#4144 = CARTESIAN_POINT ( 'NONE',  ( 0.004095928223868394700, 0.8400940602442806800, 0.9400000000000000600 ) ) ;
#4145 = EDGE_CURVE ( 'NONE', #10682, #2650, #2966, .T. ) ;
#4146 = ORIENTED_EDGE ( 'NONE', *, *, #2014, .F. ) ;
#4147 = VECTOR ( 'NONE', #9529, 1000.000000000000000 ) ;
#4148 = LINE ( 'NONE', #7997, #3872 ) ;
#4150 = CARTESIAN_POINT ( 'NONE',  ( 0.04059217059205165500, 0.6162962151507489500, 0.9400000000000000600 ) ) ;
#4149 = CARTESIAN_POINT ( 'NONE',  ( 0.4999569424408943900, 0.8728962282509370500, 0.9400000000000000600 ) ) ;
#4151 = DIRECTION ( 'NONE',  ( -0.0000000000000000000, -0.0000000000000000000, -1.000000000000000000 ) ) ;
#4152 = CARTESIAN_POINT ( 'NONE',  ( 0.5547952486203097100, 0.8291246141085187900, 0.9400000000000000600 ) ) ;
#4153 = DIRECTION ( 'NONE',  ( 0.0000000000000000000, -0.0000000000000000000, -1.000000000000000000 ) ) ;
#4154 = EDGE_CURVE ( 'NONE', #1878, #6619, #7776, .T. ) ;
#4155 = MECHANICAL_DESIGN_GEOMETRIC_PRESENTATION_REPRESENTATION (  '', ( #1954 ), #4721 ) ;
#4156 = ORIENTED_EDGE ( 'NONE', *, *, #1214, .T. ) ;
#4157 = ORIENTED_EDGE ( 'NONE', *, *, #5167, .F. ) ;
#4158 = DIRECTION ( 'NONE',  ( 1.000000000000000000, -3.491481338843134100E-015, 0.0000000000000000000 ) ) ;
#4159 = ORIENTED_EDGE ( 'NONE', *, *, #3154, .F. ) ;
#4160 = EDGE_CURVE ( 'NONE', #5482, #9225, #9708, .T. ) ;
#4161 = FACE_BOUND ( 'NONE', #8882, .T. ) ;
#4162 = VECTOR ( 'NONE', #2273, 1000.000000000000000 ) ;
#4163 = DIRECTION ( 'NONE',  ( 3.925162207837335100E-015, 1.000000000000000000, 0.0000000000000000000 ) ) ;
#4164 = EDGE_CURVE ( 'NONE', #6535, #6281, #4935, .T. ) ;
#4165 = CARTESIAN_POINT ( 'NONE',  ( 0.0000000000000000000, 0.0000000000000000000, 0.0000000000000000000 ) ) ;
#4166 = CARTESIAN_POINT ( 'NONE',  ( 0.4736890224157845300, 0.8508618749780546600, 0.9300000000000000500 ) ) ;
#4167 = CARTESIAN_POINT ( 'NONE',  ( 0.5068395831262153500, 0.7727760882107978000, 0.9300000000000000500 ) ) ;
#4168 = EDGE_LOOP ( 'NONE', ( #7834, #7835, #1101, #1648, #4628, #8875, #7420, #4092, #1374, #1629, #1405, #7574, #51, #6738, #2725, #3294, #7193, #5328, #8140, #10045, #10759 ) ) ;
#4169 = CARTESIAN_POINT ( 'NONE',  ( 0.8550813956392314700, 0.7176159319277641800, 0.9400000000000000600 ) ) ;
#4170 = ORIENTED_EDGE ( 'NONE', *, *, #1531, .T. ) ;
#4171 = VECTOR ( 'NONE', #3041, 1000.000000000000000 ) ;
#4172 = FACE_OUTER_BOUND ( 'NONE', #7588, .T. ) ;
#4173 = AXIS2_PLACEMENT_3D ( 'NONE', #7662, #7858, #7818 ) ;
#4174 = CARTESIAN_POINT ( 'NONE',  ( 0.1249999999999998900, 0.8750000000000000000, 0.0000000000000000000 ) ) ;
#4175 = CARTESIAN_POINT ( 'NONE',  ( 0.6250000000000001100, -0.8749999999999998900, -0.0000000000000000000 ) ) ;
#4176 = UNCERTAINTY_MEASURE_WITH_UNIT (LENGTH_MEASURE( 1.000000000000000100E-005 ), #5248, 'distance_accuracy_value', 'NONE');
#4177 = DIRECTION ( 'NONE',  ( -0.0000000000000000000, 1.000000000000000000, -0.0000000000000000000 ) ) ;
#4178 = CARTESIAN_POINT ( 'NONE',  ( 0.6403083454796753000, 0.8712622200305797400, 0.9300000000000000500 ) ) ;
#4179 = ORIENTED_EDGE ( 'NONE', *, *, #3148, .F. ) ;
#4180 = MECHANICAL_DESIGN_GEOMETRIC_PRESENTATION_REPRESENTATION (  '', ( #2501 ), #4741 ) ;
#4181 = CARTESIAN_POINT ( 'NONE',  ( 0.6126787519372730600, 0.7744100964311586600, 0.9400000000000000600 ) ) ;
#4182 = CARTESIAN_POINT ( 'NONE',  ( 0.5021851354685962200, 0.6314591348604966500, 0.9400000000000000600 ) ) ;
#4183 = CARTESIAN_POINT ( 'NONE',  ( 0.4635136075897990400, 0.8217468194176258400, 0.9400000000000000600 ) ) ;
#4184 = CARTESIAN_POINT ( 'NONE',  ( 0.5495218584550677400, 0.6511662643045632600, 0.9300000000000000500 ) ) ;
#4185 = ADVANCED_FACE ( 'NONE', ( #6958 ), #3437, .F. ) ;
#4186 = CARTESIAN_POINT ( 'NONE',  ( 0.5025069855725459200, 0.6207638083283396600, 0.9400000000000000600 ) ) ;
#4187 = VERTEX_POINT ( 'NONE', #3511 ) ;
#4188 = CARTESIAN_POINT ( 'NONE',  ( 0.5441246797880990900, 0.6896892459820190800, 0.9400000000000000600 ) ) ;
#4189 = ORIENTED_EDGE ( 'NONE', *, *, #4418, .F. ) ;
#4190 = CARTESIAN_POINT ( 'NONE',  ( 0.1769366866544296600, 0.6631216273244853200, 0.9300000000000000500 ) ) ;
#4191 = LINE ( 'NONE', #3815, #10656 ) ;
#4192 = ORIENTED_EDGE ( 'NONE', *, *, #7087, .T. ) ;
#4193 =( LENGTH_UNIT ( ) NAMED_UNIT ( * ) SI_UNIT ( .MILLI., .METRE. ) );
#4194 = STYLED_ITEM ( 'NONE', ( #6704 ), #2838 ) ;
#4195 =( NAMED_UNIT ( * ) SI_UNIT ( $, .STERADIAN. ) SOLID_ANGLE_UNIT ( ) );
#4196 = EDGE_LOOP ( 'NONE', ( #4764, #238, #3958, #7024 ) ) ;
#4197 = ORIENTED_EDGE ( 'NONE', *, *, #5988, .F. ) ;
#4198 = FACE_OUTER_BOUND ( 'NONE', #4370, .T. ) ;
#4199 = B_SPLINE_CURVE_WITH_KNOTS ( 'NONE', 3,
 ( #8397, #4190, #4285, #4258 ),
 .UNSPECIFIED., .F., .F.,
 ( 4, 4 ),
 ( 27.00000000000000000, 28.00000000000000000 ),
 .UNSPECIFIED. ) ;
#4200 = VECTOR ( 'NONE', #1339, 1000.000000000000000 ) ;
#4201 = DIRECTION ( 'NONE',  ( -0.0000000000000000000, -0.0000000000000000000, -1.000000000000000000 ) ) ;
#4202 = DIRECTION ( 'NONE',  ( -0.0000000000000000000, -0.0000000000000000000, -1.000000000000000000 ) ) ;
#4203 = AXIS2_PLACEMENT_3D ( 'NONE', #10355, #10278, #7912 ) ;
#4204 = VERTEX_POINT ( 'NONE', #3307 ) ;
#4205 = LINE ( 'NONE', #5841, #6739 ) ;
#4206 = CARTESIAN_POINT ( 'NONE',  ( 0.4730205645072783600, 0.7941172258752252600, 0.9300000000000000500 ) ) ;
#4207 = SURFACE_STYLE_FILL_AREA ( #4699 ) ;
#4208 = DIRECTION ( 'NONE',  ( 0.0000000000000000000, -1.000000000000000000, -0.0000000000000000000 ) ) ;
#4209 = DIRECTION ( 'NONE',  ( -1.000000000000000000, -0.0000000000000000000, -0.0000000000000000000 ) ) ;
#4210 = PRESENTATION_LAYER_ASSIGNMENT (  '', '', ( #2536 ) ) ;
#4211 = CARTESIAN_POINT ( 'NONE',  ( -0.07991432450440462400, 0.7312939247580169100, 0.9400000000000000600 ) ) ;
#4212 = CARTESIAN_POINT ( 'NONE',  ( 0.6175560188974045200, 0.6322513812700694100, 0.9300000000000000500 ) ) ;
#4213 = EDGE_CURVE ( 'NONE', #3167, #98, #2520, .T. ) ;
#4214 = STYLED_ITEM ( 'NONE', ( #4253 ), #669 ) ;
#4215 = ORIENTED_EDGE ( 'NONE', *, *, #818, .T. ) ;
#4216 = PLANE ( 'NONE',  #10394 ) ;
#4217 = VERTEX_POINT ( 'NONE', #2727 ) ;
#4218 = CARTESIAN_POINT ( 'NONE',  ( 0.6126787519372730600, 0.7744100964311586600, 0.9400000000000000600 ) ) ;
#4219 = EDGE_CURVE ( 'NONE', #4105, #145, #4679, .T. ) ;
#4220 = CARTESIAN_POINT ( 'NONE',  ( 0.5422926099655147600, 0.7744100964311524400, 0.9400000000000000600 ) ) ;
#4221 = CARTESIAN_POINT ( 'NONE',  ( 0.1762480884680702700, 0.6211165075269448100, 0.9300000000000000500 ) ) ;
#4222 = VECTOR ( 'NONE', #3067, 1000.000000000000000 ) ;
#4223 = DIRECTION ( 'NONE',  ( -1.000000000000000000, 0.0000000000000000000, 0.0000000000000000000 ) ) ;
#4224 = EDGE_CURVE ( 'NONE', #1015, #1919, #530, .T. ) ;
#4225 =( NAMED_UNIT ( * ) PLANE_ANGLE_UNIT ( ) SI_UNIT ( $, .RADIAN. ) );
#4226 = ORIENTED_EDGE ( 'NONE', *, *, #2631, .T. ) ;
#4227 = VERTEX_POINT ( 'NONE', #2599 ) ;
#4228 = ORIENTED_EDGE ( 'NONE', *, *, #10498, .T. ) ;
#4230 = ORIENTED_EDGE ( 'NONE', *, *, #9165, .T. ) ;
#4229 = CARTESIAN_POINT ( 'NONE',  ( -0.8749999999999978900, 0.6250000000000028900, 0.0000000000000000000 ) ) ;
#4231 = LINE ( 'NONE', #971, #8497 ) ;
#4232 = VECTOR ( 'NONE', #800, 1000.000000000000000 ) ;
#4233 = LINE ( 'NONE', #10135, #3961 ) ;
#4234 = DIRECTION ( 'NONE',  ( -0.0000000000000000000, -0.0000000000000000000, 1.000000000000000000 ) ) ;
#4235 = CARTESIAN_POINT ( 'NONE',  ( 0.7603584342663902700, 0.8009008357594334900, 0.9400000000000000600 ) ) ;
#4236 = SURFACE_STYLE_USAGE ( .BOTH. , #9317 ) ;
#4237 = ADVANCED_FACE ( 'NONE', ( #6663 ), #10755, .F. ) ;
#4238 = ORIENTED_EDGE ( 'NONE', *, *, #5233, .T. ) ;
#4239 = CARTESIAN_POINT ( 'NONE',  ( -0.01105345515318837700, 0.8001547941092382900, 0.9300000000000000500 ) ) ;
#4240 = CARTESIAN_POINT ( 'NONE',  ( 0.6249999999999998900, 0.8750000000000000000, -0.02000000000000000000 ) ) ;
#4241 = ORIENTED_EDGE ( 'NONE', *, *, #2766, .T. ) ;
#4242 = STYLED_ITEM ( 'NONE', ( #5594 ), #9550 ) ;
#4243 = LINE ( 'NONE', #8860, #2057 ) ;
#4244 = LINE ( 'NONE', #8494, #115 ) ;
#4245 = CARTESIAN_POINT ( 'NONE',  ( 0.4078582973002071200, 0.7064749667899272700, 0.9300000000000000500 ) ) ;
#4246 = ORIENTED_EDGE ( 'NONE', *, *, #6864, .T. ) ;
#4247 = CARTESIAN_POINT ( 'NONE',  ( 0.5601429118863929800, 0.6467098782491673700, 0.9300000000000000500 ) ) ;
#4248 = DIRECTION ( 'NONE',  ( -1.000000000000000000, -0.0000000000000000000, -0.0000000000000000000 ) ) ;
#4249 = ADVANCED_FACE ( 'NONE', ( #7 ), #7168, .T. ) ;
#4250 = ORIENTED_EDGE ( 'NONE', *, *, #3036, .F. ) ;
#4251 = FILL_AREA_STYLE ('',( #9332 ) ) ;
#4252 = FACE_OUTER_BOUND ( 'NONE', #10717, .T. ) ;
#4253 = PRESENTATION_STYLE_ASSIGNMENT (( #4856 ) ) ;
#4254 = DIRECTION ( 'NONE',  ( -1.000000000000000000, 0.0000000000000000000, 0.0000000000000000000 ) ) ;
#4256 = PLANE ( 'NONE',  #4338 ) ;
#4255 = DIRECTION ( 'NONE',  ( 1.000000000000000000, 0.0000000000000000000, 0.0000000000000000000 ) ) ;
#4257 = CARTESIAN_POINT ( 'NONE',  ( 0.5744776203641002200, 0.6766666956203898400, 0.9300000000000000500 ) ) ;
#4258 = CARTESIAN_POINT ( 'NONE',  ( 0.1672961807064048700, 0.6417747683330283800, 0.9300000000000000500 ) ) ;
#4259 = ORIENTED_EDGE ( 'NONE', *, *, #7589, .F. ) ;
#4260 = CARTESIAN_POINT ( 'NONE',  ( 0.7134673498856181100, 0.7176159319277641800, 0.9300000000000000500 ) ) ;
#4261 =( NAMED_UNIT ( * ) SI_UNIT ( $, .STERADIAN. ) SOLID_ANGLE_UNIT ( ) );
#4262 = ORIENTED_EDGE ( 'NONE', *, *, #226, .F. ) ;
#4263 = FACE_OUTER_BOUND ( 'NONE', #8414, .T. ) ;
#4264 = LINE ( 'NONE', #5474, #6517 ) ;
#4265 = CARTESIAN_POINT ( 'NONE',  ( 0.3953556586454101700, 0.8712622200305797400, 0.9300000000000000500 ) ) ;
#4266 = FACE_OUTER_BOUND ( 'NONE', #5293, .T. ) ;
#4267 = CARTESIAN_POINT ( 'NONE',  ( 0.4649990696081569000, 0.6245764941751733600, 0.9300000000000000500 ) ) ;
#4268 = B_SPLINE_CURVE_WITH_KNOTS ( 'NONE', 3,
 ( #10405, #7763, #2270, #4420 ),
 .UNSPECIFIED., .F., .F.,
 ( 4, 4 ),
 ( 1.000000000000000000, 2.000000000000000000 ),
 .UNSPECIFIED. ) ;
#4269 = CARTESIAN_POINT ( 'NONE',  ( -0.8749999999999978900, 0.6250000000000028900, -0.02000000000000000000 ) ) ;
#4270 = DIRECTION ( 'NONE',  ( -0.0000000000000000000, -0.0000000000000000000, -1.000000000000000000 ) ) ;
#4271 = ORIENTED_EDGE ( 'NONE', *, *, #3787, .F. ) ;
#4272 = DIRECTION ( 'NONE',  ( 0.0000000000000000000, -1.000000000000000000, 0.0000000000000000000 ) ) ;
#4273 = AXIS2_PLACEMENT_3D ( 'NONE', #5556, #5518, #5480 ) ;
#4274 = PLANE ( 'NONE',  #316 ) ;
#4275 = ORIENTED_EDGE ( 'NONE', *, *, #3606, .F. ) ;
#4276 = LINE ( 'NONE', #6092, #6528 ) ;
#4277 = LINE ( 'NONE', #5268, #4004 ) ;
#4278 = CARTESIAN_POINT ( 'NONE',  ( -0.01105345515318837700, 0.8001547941092382900, 0.9400000000000000600 ) ) ;
#4279 = PLANE ( 'NONE',  #3295 ) ;
#4280 = CARTESIAN_POINT ( 'NONE',  ( 0.4713617985869710800, 0.6440360466164558600, 0.9300000000000000500 ) ) ;
#4281 = ORIENTED_EDGE ( 'NONE', *, *, #3279, .T. ) ;
#4282 = EDGE_CURVE ( 'NONE', #1779, #2573, #6846, .T. ) ;
#4283 = EDGE_CURVE ( 'NONE', #4912, #10145, #3585, .T. ) ;
#4284 = VERTEX_POINT ( 'NONE', #2607 ) ;
#4285 = CARTESIAN_POINT ( 'NONE',  ( 0.1672961807064048700, 0.6534810951081286800, 0.9300000000000000500 ) ) ;
#4286 = LINE ( 'NONE', #7504, #5757 ) ;
#4287 =( LENGTH_UNIT ( ) NAMED_UNIT ( * ) SI_UNIT ( .MILLI., .METRE. ) );
#4288 = EDGE_CURVE ( 'NONE', #5621, #3590, #8916, .T. ) ;
#4289 = CARTESIAN_POINT ( 'NONE',  ( 0.7384726271951779200, 0.8520997599932974600, 0.9400000000000000600 ) ) ;
#4290 = CARTESIAN_POINT ( 'NONE',  ( 0.7603584342663902700, 0.8009008357594334900, 0.9400000000000000600 ) ) ;
#4291 = EDGE_CURVE ( 'NONE', #1625, #8965, #2445, .T. ) ;
#4292 = SURFACE_SIDE_STYLE ('',( #9410 ) ) ;
#4293 = EDGE_CURVE ( 'NONE', #853, #3578, #2202, .T. ) ;
#4294 = CARTESIAN_POINT ( 'NONE',  ( 0.5777951522050398500, 0.6395796605610599700, 0.9300000000000000500 ) ) ;
#4295 = ORIENTED_EDGE ( 'NONE', *, *, #3724, .T. ) ;
#4297 = CARTESIAN_POINT ( 'NONE',  ( 1.000000000000000200, -1.000000000000000200, 0.9300000000000000500 ) ) ;
#4296 = CARTESIAN_POINT ( 'NONE',  ( 0.5976755855513886700, 0.6899368229848047400, 0.9300000000000000500 ) ) ;
#4298 = LINE ( 'NONE', #3772, #10751 ) ;
#4299 = CARTESIAN_POINT ( 'NONE',  ( 0.5934915341993809400, 0.5985809088531275400, 0.9400000000000000600 ) ) ;
#4300 = CARTESIAN_POINT ( 'NONE',  ( 0.4793585357858143900, 0.7873336159910135900, 0.9400000000000000600 ) ) ;
#4301 = EDGE_CURVE ( 'NONE', #6589, #8966, #8222, .T. ) ;
#4302 =( GEOMETRIC_REPRESENTATION_CONTEXT ( 3 ) GLOBAL_UNCERTAINTY_ASSIGNED_CONTEXT ( ( #2328 ) ) GLOBAL_UNIT_ASSIGNED_CONTEXT ( ( #859, #7585, #8314 ) ) REPRESENTATION_CONTEXT ( 'NONE', 'WORKASPACE' ) );
#4303 = FILL_AREA_STYLE_COLOUR ( '', #8027 ) ;
#4304 =( NAMED_UNIT ( * ) SI_UNIT ( $, .STERADIAN. ) SOLID_ANGLE_UNIT ( ) );
#4305 = EDGE_CURVE ( 'NONE', #5522, #5391, #10610, .T. ) ;
#4306 = CARTESIAN_POINT ( 'NONE',  ( -0.07991432450440462400, 0.7312939247580169100, 0.9400000000000000600 ) ) ;
#4307 = ORIENTED_EDGE ( 'NONE', *, *, #7951, .T. ) ;
#4308 = LINE ( 'NONE', #5717, #10763 ) ;
#4309 = LINE ( 'NONE', #6581, #2115 ) ;
#4310 = ADVANCED_FACE ( 'NONE', ( #4132 ), #6343, .T. ) ;
#4311 = CARTESIAN_POINT ( 'NONE',  ( -0.6249999999999970000, 0.8750000000000021100, -0.02000000000000000000 ) ) ;
#4312 = SURFACE_SIDE_STYLE ('',( #1072 ) ) ;
#4313 = CARTESIAN_POINT ( 'NONE',  ( 0.5866088935143900500, 0.5891729827367686600, 0.9400000000000000600 ) ) ;
#4314 = CARTESIAN_POINT ( 'NONE',  ( -0.1249999999999998900, -0.6250000000000000000, -0.02000000000000000000 ) ) ;
#4315 = CARTESIAN_POINT ( 'NONE',  ( 0.4610378375589885800, 0.6281911184197853700, 0.9300000000000000500 ) ) ;
#4316 = CARTESIAN_POINT ( 'NONE',  ( 0.4724511374002142700, 0.6469574552526142800, 0.9300000000000000500 ) ) ;
#4317 = STYLED_ITEM ( 'NONE', ( #6824 ), #7686 ) ;
#4318 = DIRECTION ( 'NONE',  ( -1.000000000000000000, -0.0000000000000000000, -0.0000000000000000000 ) ) ;
#4319 = VECTOR ( 'NONE', #10192, 1000.000000000000000 ) ;
#4320 = CARTESIAN_POINT ( 'NONE',  ( 0.5389255627236907400, 0.6860251063361897400, 0.9300000000000000500 ) ) ;
#4321 = ORIENTED_EDGE ( 'NONE', *, *, #1533, .T. ) ;
#4322 = ORIENTED_EDGE ( 'NONE', *, *, #7230, .T. ) ;
#4323 = EDGE_LOOP ( 'NONE', ( #4197, #9939, #1423, #9915, #738, #4973, #911, #7547, #42, #4009, #8286, #2313 ) ) ;
#4324 = CARTESIAN_POINT ( 'NONE',  ( -0.03928643391532113400, 0.6218051319819646300, 0.9400000000000000600 ) ) ;
#4325 = ORIENTED_EDGE ( 'NONE', *, *, #4373, .T. ) ;
#4326 = CARTESIAN_POINT ( 'NONE',  ( 0.7107192451514131600, 0.6643868762684275200, 0.9300000000000000500 ) ) ;
#4327 = CARTESIAN_POINT ( 'NONE',  ( 0.4745802996267991000, 0.6490371020779830400, 0.9400000000000000600 ) ) ;
#4328 = FACE_OUTER_BOUND ( 'NONE', #5691, .T. ) ;
#4329 = CARTESIAN_POINT ( 'NONE',  ( 0.5310773717265184800, 0.6357174593130073800, 0.9400000000000000600 ) ) ;
#4330 = CARTESIAN_POINT ( 'NONE',  ( 0.3953556586454127200, 0.7176159319277641800, 0.9400000000000000600 ) ) ;
#4331 = SURFACE_STYLE_USAGE ( .BOTH. , #9304 ) ;
#4332 = CARTESIAN_POINT ( 'NONE',  ( 0.5498437085590167600, 0.6191298001079786900, 0.9400000000000000600 ) ) ;
#4333 = CARTESIAN_POINT ( 'NONE',  ( 0.6915320274138230200, 0.8384335094237693700, 0.9400000000000000600 ) ) ;
#4334 = LINE ( 'NONE', #5639, #8596 ) ;
#4335 = ORIENTED_EDGE ( 'NONE', *, *, #9125, .F. ) ;
#4336 = ORIENTED_EDGE ( 'NONE', *, *, #3843, .T. ) ;
#4337 = CARTESIAN_POINT ( 'NONE',  ( 0.8320072189533398400, 0.6207638083283396600, 0.9400000000000000600 ) ) ;
#4338 = AXIS2_PLACEMENT_3D ( 'NONE', #5626, #3746, #2678 ) ;
#4339 = ADVANCED_FACE ( 'NONE', ( #3078 ), #886, .F. ) ;
#4340 = CARTESIAN_POINT ( 'NONE',  ( 0.5229073306253952900, 0.7904035708294961900, 0.9300000000000000500 ) ) ;
#4341 = EDGE_CURVE ( 'NONE', #1090, #4822, #2315, .T. ) ;
#4342 = B_SPLINE_CURVE_WITH_KNOTS ( 'NONE', 3,
 ( #76, #5002, #6755, #1743 ),
 .UNSPECIFIED., .F., .F.,
 ( 4, 4 ),
 ( 13.00000000000000000, 14.00000000000000000 ),
 .UNSPECIFIED. ) ;
#4343 = CARTESIAN_POINT ( 'NONE',  ( 0.8915247304913177500, 0.6207638083283396600, 0.9400000000000000600 ) ) ;
#4344 = ORIENTED_EDGE ( 'NONE', *, *, #10776, .F. ) ;
#4345 = EDGE_LOOP ( 'NONE', ( #9492, #3565, #6877, #6261 ) ) ;
#4346 = DIRECTION ( 'NONE',  ( 0.0000000000000000000, -0.0000000000000000000, -1.000000000000000000 ) ) ;
#4347 = DIRECTION ( 'NONE',  ( -0.3658589216693958800, 0.9306703226357371200, 0.0000000000000000000 ) ) ;
#4348 = CARTESIAN_POINT ( 'NONE',  ( 0.5441246797880990900, 0.6896892459820190800, 0.9400000000000000600 ) ) ;
#4349 = ORIENTED_EDGE ( 'NONE', *, *, #6286, .T. ) ;
#4350 = EDGE_CURVE ( 'NONE', #5996, #1625, #9035, .T. ) ;
#4351 = EDGE_CURVE ( 'NONE', #8816, #8858, #7376, .T. ) ;
#4352 = CARTESIAN_POINT ( 'NONE',  ( 0.7606060112698374000, 0.6207638083283396600, 0.9300000000000000500 ) ) ;
#4353 = ORIENTED_EDGE ( 'NONE', *, *, #5233, .F. ) ;
#4354 = VECTOR ( 'NONE', #1789, 1000.000000000000100 ) ;
#4355 = EDGE_CURVE ( 'NONE', #208, #8746, #4540, .T. ) ;
#4356 = ORIENTED_EDGE ( 'NONE', *, *, #8835, .F. ) ;
#4357 = ORIENTED_EDGE ( 'NONE', *, *, #9960, .T. ) ;
#4358 = ORIENTED_EDGE ( 'NONE', *, *, #1073, .F. ) ;
#4359 = CARTESIAN_POINT ( 'NONE',  ( -0.09093206622731372900, 0.8084180577156119300, 0.9300000000000000500 ) ) ;
#4360 = EDGE_CURVE ( 'NONE', #219, #8812, #137, .T. ) ;
#4361 = ORIENTED_EDGE ( 'NONE', *, *, #4449, .T. ) ;
#4362 = CARTESIAN_POINT ( 'NONE',  ( 0.5737348893547593600, 0.6510177181028996600, 0.9400000000000000600 ) ) ;
#4363 = MECHANICAL_DESIGN_GEOMETRIC_PRESENTATION_REPRESENTATION (  '', ( #10777 ), #4925 ) ;
#4364 = SURFACE_STYLE_FILL_AREA ( #4940 ) ;
#4365 = ADVANCED_FACE ( 'NONE', ( #4263 ), #3501, .F. ) ;
#4366 = CARTESIAN_POINT ( 'NONE',  ( -0.03859780289354117200, 0.6679419197013349900, 0.9400000000000000600 ) ) ;
#4367 = EDGE_CURVE ( 'NONE', #9081, #1127, #1819, .T. ) ;
#4368 = MECHANICAL_DESIGN_GEOMETRIC_PRESENTATION_REPRESENTATION (  '', ( #2699 ), #4932 ) ;
#4369 = CARTESIAN_POINT ( 'NONE',  ( 0.8181924221821361700, 0.6207638083283396600, 0.9300000000000000500 ) ) ;
#4370 = EDGE_LOOP ( 'NONE', ( #2010, #5618, #4961 ) ) ;
#4371 = SURFACE_SIDE_STYLE ('',( #126 ) ) ;
#4372 = VERTEX_POINT ( 'NONE', #8978 ) ;
#4373 = EDGE_CURVE ( 'NONE', #4421, #6762, #3989, .T. ) ;
#4374 = CARTESIAN_POINT ( 'NONE',  ( 0.5841083657832982800, 0.6899368229848047400, 0.9400000000000000600 ) ) ;
#4375 = VERTEX_POINT ( 'NONE', #6817 ) ;
#4376 = CARTESIAN_POINT ( 'NONE',  ( 0.8128200012164387100, 0.6704277551429660400, 0.9300000000000000500 ) ) ;
#4377 = DIRECTION ( 'NONE',  ( -0.0000000000000000000, 1.000000000000000000, -0.0000000000000000000 ) ) ;
#4378 = CARTESIAN_POINT ( 'NONE',  ( -0.06958519410169028400, 0.8297649298419030900, 0.9300000000000000500 ) ) ;
#4379 = COLOUR_RGB ( '',0.6666666666666666300, 0.6666666666666666300, 0.6666666666666666300 ) ;
#4380 = LINE ( 'NONE', #2327, #6354 ) ;
#4381 = CARTESIAN_POINT ( 'NONE',  ( 0.4474458600906227000, 0.6318057426650551800, 0.9400000000000000600 ) ) ;
#4382 = CARTESIAN_POINT ( 'NONE',  ( 0.4713617985869710800, 0.6402728761695148900, 0.9300000000000000500 ) ) ;
#4383 = FACE_OUTER_BOUND ( 'NONE', #762, .T. ) ;
#4384 = SURFACE_STYLE_FILL_AREA ( #646 ) ;
#4385 = CARTESIAN_POINT ( 'NONE',  ( 0.5436542834821478400, 0.6723588557673174600, 0.9400000000000000600 ) ) ;
#4386 = CARTESIAN_POINT ( 'NONE',  ( -0.04892693329625855100, 0.8001547941092382900, 0.9300000000000000500 ) ) ;
#4387 = ORIENTED_EDGE ( 'NONE', *, *, #10847, .T. ) ;
#4388 = B_SPLINE_SURFACE_WITH_KNOTS ( 'NONE', 3, 1, ( 
 ( #3924, #1500 ),
 ( #6445, #7378 ),
 ( #2304, #8225 ),
 ( #3122, #9044 ) ),
 .UNSPECIFIED., .F., .F., .F.,
 ( 4, 4 ),
 ( 2, 2 ),
 ( 4.000000000000000000, 5.000000000000000000 ),
 ( 0.0000000000000000000, 1.000000000000000000 ),
 .UNSPECIFIED. ) ;
#4389 = ORIENTED_EDGE ( 'NONE', *, *, #8292, .T. ) ;
#4390 = AXIS2_PLACEMENT_3D ( 'NONE', #9096, #1566, #3180 ) ;
#4391 = SURFACE_STYLE_FILL_AREA ( #8551 ) ;
#4393 = CARTESIAN_POINT ( 'NONE',  ( 0.4896329814132432400, 0.6915213158045996300, 0.9400000000000000600 ) ) ;
#4392 = VECTOR ( 'NONE', #8725, 1000.000000000000000 ) ;
#4394 = CARTESIAN_POINT ( 'NONE',  ( 0.5653420289508036500, 0.6383912909463753700, 0.9400000000000000600 ) ) ;
#4395 = CARTESIAN_POINT ( 'NONE',  ( 0.3153470498115536500, 0.7581496217756709100, 0.9300000000000000500 ) ) ;
#4396 = CYLINDRICAL_SURFACE ( 'NONE', #3450, 0.09299432094351936500 ) ;
#4397 = DIRECTION ( 'NONE',  ( -0.0000000000000000000, -0.0000000000000000000, -1.000000000000000000 ) ) ;
#4398 = ORIENTED_EDGE ( 'NONE', *, *, #9521, .T. ) ;
#4399 = CARTESIAN_POINT ( 'NONE',  ( 3.491481338843133400E-015, 1.000000000000000000, -0.02000000000000000000 ) ) ;
#4400 = VERTEX_POINT ( 'NONE', #5098 ) ;
#4401 = CARTESIAN_POINT ( 'NONE',  ( 0.5025069855725459200, 0.6488390404757544700, 0.9400000000000000600 ) ) ;
#4402 = LINE ( 'NONE', #3991, #9171 ) ;
#4403 = ADVANCED_FACE ( 'NONE', ( #8526 ), #7203, .F. ) ;
#4404 = CARTESIAN_POINT ( 'NONE',  ( 0.5337512033595579500, 0.6823114512904668900, 0.9300000000000000500 ) ) ;
#4405 = B_SPLINE_SURFACE_WITH_KNOTS ( 'NONE', 3, 1, ( 
 ( #9223, #10075 ),
 ( #38, #5862 ),
 ( #879, #6714 ),
 ( #1710, #7605 ) ),
 .UNSPECIFIED., .F., .F., .F.,
 ( 4, 4 ),
 ( 2, 2 ),
 ( 6.000000000000000000, 7.000000000000000000 ),
 ( 0.0000000000000000000, 1.000000000000000000 ),
 .UNSPECIFIED. ) ;
#4406 = CARTESIAN_POINT ( 'NONE',  ( 0.5422926099655147600, 0.7744100964311524400, 0.9400000000000000600 ) ) ;
#4407 = CARTESIAN_POINT ( 'NONE',  ( 0.4503920264270551700, 0.8210040884079528000, 0.9400000000000000600 ) ) ;
#4408 = CARTESIAN_POINT ( 'NONE',  ( 0.01098200202495516600, 0.6700077142594130800, 0.9400000000000000600 ) ) ;
#4409 = VERTEX_POINT ( 'NONE', #5047 ) ;
#4410 = ORIENTED_EDGE ( 'NONE', *, *, #3735, .T. ) ;
#4411 = SURFACE_STYLE_FILL_AREA ( #771 ) ;
#4412 = LINE ( 'NONE', #1937, #8 ) ;
#4413 =( LENGTH_UNIT ( ) NAMED_UNIT ( * ) SI_UNIT ( .MILLI., .METRE. ) );
#4414 = STYLED_ITEM ( 'NONE', ( #3129 ), #2596 ) ;
#4415 = DIRECTION ( 'NONE',  ( 0.0000000000000000000, 0.0000000000000000000, 1.000000000000000000 ) ) ;
#4416 = CARTESIAN_POINT ( 'NONE',  ( -0.006233202178846384100, 0.8414712763175875600, 0.9400000000000000600 ) ) ;
#4417 = CARTESIAN_POINT ( 'NONE',  ( 0.4424943200293258200, 0.6643868762684275200, 0.9400000000000000600 ) ) ;
#4418 = EDGE_CURVE ( 'NONE', #924, #10797, #2078, .T. ) ;
#4419 = PLANE ( 'NONE',  #6570 ) ;
#4420 = CARTESIAN_POINT ( 'NONE',  ( 0.6191157540169252000, 0.6103160587989605600, 0.9400000000000000600 ) ) ;
#4421 = VERTEX_POINT ( 'NONE', #3749 ) ;
#4422 = CARTESIAN_POINT ( 'NONE',  ( 0.2106785231440085300, 0.8614409290860360900, 0.9400000000000000600 ) ) ;
#4423 = PLANE ( 'NONE',  #101 ) ;
#4425 = EDGE_CURVE ( 'NONE', #10145, #2788, #5506, .T. ) ;
#4424 = ORIENTED_EDGE ( 'NONE', *, *, #4282, .T. ) ;
#4426 = LINE ( 'NONE', #9278, #2214 ) ;
#4427 = LINE ( 'NONE', #10216, #6400 ) ;
#4428 = CARTESIAN_POINT ( 'NONE',  ( -0.01105345515318837700, 0.8001547941092382900, 0.9400000000000000600 ) ) ;
#4429 = B_SPLINE_SURFACE_WITH_KNOTS ( 'NONE', 3, 1, ( 
 ( #5040, #7641 ),
 ( #8471, #3379 ),
 ( #9303, #4221 ),
 ( #10146, #5079 ) ),
 .UNSPECIFIED., .F., .F., .F.,
 ( 4, 4 ),
 ( 2, 2 ),
 ( 28.00000000000000000, 29.00000000000000000 ),
 ( 0.0000000000000000000, 1.000000000000000000 ),
 .UNSPECIFIED. ) ;
#4430 = CARTESIAN_POINT ( 'NONE',  ( 0.7615963192816301900, 0.7176159319277641800, 0.9300000000000000500 ) ) ;
#4431 = ADVANCED_FACE ( 'NONE', ( #10229 ), #3539, .F. ) ;
#4432 = B_SPLINE_CURVE_WITH_KNOTS ( 'NONE', 3,
 ( #7950, #8774, #2856, #9601 ),
 .UNSPECIFIED., .F., .F.,
 ( 4, 4 ),
 ( 0.0000000000000000000, 1.000000000000000000 ),
 .UNSPECIFIED. ) ;
#4433 = CARTESIAN_POINT ( 'NONE',  ( 0.5229073306253952900, 0.7904035708294961900, 0.9300000000000000500 ) ) ;
#4434 = AXIS2_PLACEMENT_3D ( 'NONE', #4455, #5273, #5384 ) ;
#4435 = CARTESIAN_POINT ( 'NONE',  ( 0.6760832224229544900, 0.7064749667899301600, 0.9400000000000000600 ) ) ;
#4436 = ORIENTED_EDGE ( 'NONE', *, *, #2460, .F. ) ;
#4437 = DIRECTION ( 'NONE',  ( -0.0000000000000000000, -0.0000000000000000000, -1.000000000000000000 ) ) ;
#4438 = DIRECTION ( 'NONE',  ( 0.0000000000000000000, -0.0000000000000000000, 1.000000000000000000 ) ) ;
#4439 = FACE_BOUND ( 'NONE', #10811, .T. ) ;
#4440 = VECTOR ( 'NONE', #7457, 1000.000000000000100 ) ;
#4441 = AXIS2_PLACEMENT_3D ( 'NONE', #3631, #6183, #1210 ) ;
#4442 = PLANE ( 'NONE',  #2820 ) ;
#4443 = VERTEX_POINT ( 'NONE', #1831 ) ;
#4444 = EDGE_CURVE ( 'NONE', #4105, #1017, #3733, .T. ) ;
#4445 = AXIS2_PLACEMENT_3D ( 'NONE', #7290, #7347, #7459 ) ;
#4446 = CARTESIAN_POINT ( 'NONE',  ( 0.5337512033595579500, 0.6823114512904668900, 0.9400000000000000600 ) ) ;
#4447 = ORIENTED_EDGE ( 'NONE', *, *, #7595, .F. ) ;
#4448 = DIRECTION ( 'NONE',  ( 1.000000000000000000, -0.0000000000000000000, -0.0000000000000000000 ) ) ;
#4449 = EDGE_CURVE ( 'NONE', #10283, #8245, #8026, .T. ) ;
#4450 = CARTESIAN_POINT ( 'NONE',  ( 0.5229073306253952900, 0.7904035708294961900, 0.9400000000000000600 ) ) ;
#4451 = LINE ( 'NONE', #5890, #6694 ) ;
#4452 = LINE ( 'NONE', #3364, #307 ) ;
#4453 = SURFACE_STYLE_USAGE ( .BOTH. , #3503 ) ;
#4454 = PLANE ( 'NONE',  #2146 ) ;
#4455 = CARTESIAN_POINT ( 'NONE',  ( 0.0000000000000000000, 0.0000000000000000000, 0.9300000000000000500 ) ) ;
#4456 = ORIENTED_EDGE ( 'NONE', *, *, #414, .T. ) ;
#4457 = SURFACE_STYLE_USAGE ( .BOTH. , #9518 ) ;
#4458 = FACE_OUTER_BOUND ( 'NONE', #1548, .T. ) ;
#4459 = DIRECTION ( 'NONE',  ( 1.000000000000000000, 0.0000000000000000000, 0.0000000000000000000 ) ) ;
#4460 = DIRECTION ( 'NONE',  ( -1.000000000000000000, 0.0000000000000000000, 0.0000000000000000000 ) ) ;
#4461 = CARTESIAN_POINT ( 'NONE',  ( -0.07991432450440462400, 0.7691674029014183800, 0.9300000000000000500 ) ) ;
#4462 = B_SPLINE_SURFACE_WITH_KNOTS ( 'NONE', 3, 1, ( 
 ( #9456, #4376 ),
 ( #10261, #6080 ),
 ( #1108, #6960 ),
 ( #1924, #7831 ) ),
 .UNSPECIFIED., .F., .F., .F.,
 ( 4, 4 ),
 ( 2, 2 ),
 ( 3.000000000000000000, 4.000000000000000000 ),
 ( 0.0000000000000000000, 1.000000000000000000 ),
 .UNSPECIFIED. ) ;
#4463 = CARTESIAN_POINT ( 'NONE',  ( 0.7982129580350048000, 0.7047914431690173200, 0.9300000000000000500 ) ) ;
#4464 = ORIENTED_EDGE ( 'NONE', *, *, #5989, .T. ) ;
#4465 = CARTESIAN_POINT ( 'NONE',  ( 0.5777951522050398500, 0.6441350774175737000, 0.9400000000000000600 ) ) ;
#4466 =( GEOMETRIC_REPRESENTATION_CONTEXT ( 3 ) GLOBAL_UNCERTAINTY_ASSIGNED_CONTEXT ( ( #5549 ) ) GLOBAL_UNIT_ASSIGNED_CONTEXT ( ( #1321, #7181, #2128 ) ) REPRESENTATION_CONTEXT ( 'NONE', 'WORKASPACE' ) );
#4467 = CARTESIAN_POINT ( 'NONE',  ( 0.4452424247632018100, 0.7176159319277641800, 0.9400000000000000600 ) ) ;
#4468 = SURFACE_STYLE_FILL_AREA ( #5898 ) ;
#4469 = ORIENTED_EDGE ( 'NONE', *, *, #1342, .T. ) ;
#4470 = CARTESIAN_POINT ( 'NONE',  ( 0.4960947411931701000, 0.7727760882107978000, 0.9400000000000000600 ) ) ;
#4471 = ORIENTED_EDGE ( 'NONE', *, *, #10302, .F. ) ;
#4472 =( LENGTH_UNIT ( ) NAMED_UNIT ( * ) SI_UNIT ( .MILLI., .METRE. ) );
#4473 = LINE ( 'NONE', #8107, #6446 ) ;
#4474 = LINE ( 'NONE', #5692, #6728 ) ;
#4475 = SURFACE_STYLE_FILL_AREA ( #608 ) ;
#4476 = CARTESIAN_POINT ( 'NONE',  ( 0.4078582973002071200, 0.7854520307678748400, 0.9400000000000000600 ) ) ;
#4477 = ADVANCED_FACE ( 'NONE', ( #1314 ), #10830, .F. ) ;
#4478 = DIRECTION ( 'NONE',  ( -0.0000000000000000000, -0.0000000000000000000, -1.000000000000000000 ) ) ;
#4479 = ORIENTED_EDGE ( 'NONE', *, *, #6132, .F. ) ;
#4480 = DIRECTION ( 'NONE',  ( -0.0000000000000000000, -0.0000000000000000000, -1.000000000000000000 ) ) ;
#4481 = ORIENTED_EDGE ( 'NONE', *, *, #3242, .F. ) ;
#4482 = VECTOR ( 'NONE', #3731, 1000.000000000000000 ) ;
#4483 = CARTESIAN_POINT ( 'NONE',  ( 0.6769249842330500300, 0.7879773161989130900, 0.9400000000000000600 ) ) ;
#4484 = VECTOR ( 'NONE', #4177, 1000.000000000000000 ) ;
#4485 = DIRECTION ( 'NONE',  ( -0.0000000000000000000, -0.0000000000000000000, -1.000000000000000000 ) ) ;
#4486 = DIRECTION ( 'NONE',  ( 0.0000000000000000000, -0.0000000000000000000, -1.000000000000000000 ) ) ;
#4487 = VERTEX_POINT ( 'NONE', #10313 ) ;
#4488 = ORIENTED_EDGE ( 'NONE', *, *, #8972, .F. ) ;
#4489 =( LENGTH_UNIT ( ) NAMED_UNIT ( * ) SI_UNIT ( .MILLI., .METRE. ) );
#4490 =( LENGTH_UNIT ( ) NAMED_UNIT ( * ) SI_UNIT ( .MILLI., .METRE. ) );
#4491 = ORIENTED_EDGE ( 'NONE', *, *, #2460, .T. ) ;
#4492 = ORIENTED_EDGE ( 'NONE', *, *, #72, .T. ) ;
#4493 = PLANE ( 'NONE',  #1885 ) ;
#4494 = ADVANCED_FACE ( 'NONE', ( #5477 ), #10345, .F. ) ;
#4495 = ADVANCED_FACE ( 'NONE', ( #9952 ), #7245, .T. ) ;
#4496 = B_SPLINE_CURVE_WITH_KNOTS ( 'NONE', 3,
 ( #744, #2498, #10095, #8394 ),
 .UNSPECIFIED., .F., .F.,
 ( 4, 4 ),
 ( 1.000000000000000000, 2.000000000000000000 ),
 .UNSPECIFIED. ) ;
#4497 = VECTOR ( 'NONE', #7273, 1000.000000000000000 ) ;
#4498 = CARTESIAN_POINT ( 'NONE',  ( 0.5547952486202794000, 0.7854520307678748400, 0.9300000000000000500 ) ) ;
#4499 = CARTESIAN_POINT ( 'NONE',  ( 0.8816464080683457100, 0.6472545476559552500, 0.9400000000000000600 ) ) ;
#4500 = EDGE_CURVE ( 'NONE', #1704, #1899, #1058, .T. ) ;
#4501 = ORIENTED_EDGE ( 'NONE', *, *, #9203, .F. ) ;
#4502 = EDGE_CURVE ( 'NONE', #7090, #2981, #3484, .T. ) ;
#4503 = EDGE_LOOP ( 'NONE', ( #5502, #6167, #3568, #7868 ) ) ;
#4504 = ORIENTED_EDGE ( 'NONE', *, *, #3031, .T. ) ;
#4505 = EDGE_CURVE ( 'NONE', #7201, #6103, #3205, .T. ) ;
#4506 = LINE ( 'NONE', #2892, #2287 ) ;
#4507 = PRESENTATION_STYLE_ASSIGNMENT (( #4104 ) ) ;
#4508 = FACE_OUTER_BOUND ( 'NONE', #9130, .T. ) ;
#4509 = EDGE_LOOP ( 'NONE', ( #7108, #2274, #3898, #2627 ) ) ;
#4510 = CARTESIAN_POINT ( 'NONE',  ( 0.02544280034949358100, 0.7898256637061896700, 0.9300000000000000500 ) ) ;
#4511 = CARTESIAN_POINT ( 'NONE',  ( 0.3749999999999998900, 0.6250000000000000000, -0.02000000000000000000 ) ) ;
#4512 = CARTESIAN_POINT ( 'NONE',  ( 0.8915247304913177500, 0.6207638083283396600, 0.9400000000000000600 ) ) ;
#4513 = VERTEX_POINT ( 'NONE', #7208 ) ;
#4514 = CARTESIAN_POINT ( 'NONE',  ( 0.5229073306253952900, 0.8558629304402384200, 0.9300000000000000500 ) ) ;
#4515 = VECTOR ( 'NONE', #4021, 1000.000000000000000 ) ;
#4516 = EDGE_CURVE ( 'NONE', #5103, #8328, #7485, .T. ) ;
#4517 = VECTOR ( 'NONE', #9487, 1000.000000000000000 ) ;
#4518 = SURFACE_STYLE_FILL_AREA ( #5462 ) ;
#4519 = SURFACE_SIDE_STYLE ('',( #1038 ) ) ;
#4520 = EDGE_CURVE ( 'NONE', #6192, #3925, #5740, .T. ) ;
#4521 = ORIENTED_EDGE ( 'NONE', *, *, #9754, .F. ) ;
#4522 = CARTESIAN_POINT ( 'NONE',  ( 0.1872658433254813200, 0.6204279093409176300, 0.9400000000000000600 ) ) ;
#4523 = CARTESIAN_POINT ( 'NONE',  ( 0.5921793760833068400, 0.8712622200305797400, 0.9400000000000000600 ) ) ;
#4524 = ORIENTED_EDGE ( 'NONE', *, *, #3147, .F. ) ;
#4525 = DIRECTION ( 'NONE',  ( -0.3385350342956943100, -0.9409537876826965500, 0.0000000000000000000 ) ) ;
#4526 = LINE ( 'NONE', #2703, #2566 ) ;
#4527 = VECTOR ( 'NONE', #3266, 1000.000000000000000 ) ;
#4528 = PLANE ( 'NONE',  #463 ) ;
#4529 = DIRECTION ( 'NONE',  ( -0.3409177962187333600, -0.9400931103999019500, -0.0000000000000000000 ) ) ;
#4530 = LINE ( 'NONE', #4886, #2310 ) ;
#4531 = ADVANCED_FACE ( 'NONE', ( #9443 ), #10290, .F. ) ;
#4532 = MECHANICAL_DESIGN_GEOMETRIC_PRESENTATION_REPRESENTATION (  '', ( #2854 ), #5100 ) ;
#4533 = DIRECTION ( 'NONE',  ( -0.0000000000000000000, -0.0000000000000000000, -1.000000000000000000 ) ) ;
#4534 = CARTESIAN_POINT ( 'NONE',  ( 0.6505085180056106000, 0.6899368229848047400, 0.9300000000000000500 ) ) ;
#4535 = EDGE_LOOP ( 'NONE', ( #6605, #7706, #2225, #2051 ) ) ;
#4536 = CARTESIAN_POINT ( 'NONE',  ( 0.5921793760833068400, 0.8601212548927491500, 0.9300000000000000500 ) ) ;
#4537 = CARTESIAN_POINT ( 'NONE',  ( 0.5463033574149133200, 0.6659218536876677600, 0.9400000000000000600 ) ) ;
#4538 = EDGE_LOOP ( 'NONE', ( #7707, #7316, #9587, #3401, #5086, #10750, #2983, #4838, #7980, #5299, #2794, #2821, #9613, #5652 ) ) ;
#4539 = ORIENTED_EDGE ( 'NONE', *, *, #9195, .T. ) ;
#4540 = LINE ( 'NONE', #938, #6516 ) ;
#4541 = CARTESIAN_POINT ( 'NONE',  ( 0.5337512033595579500, 0.6823114512904668900, 0.9300000000000000500 ) ) ;
#4542 = VECTOR ( 'NONE', #4397, 1000.000000000000000 ) ;
#4543 = STYLED_ITEM ( 'NONE', ( #1133 ), #10613 ) ;
#4544 = DIRECTION ( 'NONE',  ( -0.0000000000000000000, -0.0000000000000000000, 1.000000000000000000 ) ) ;
#4545 = ORIENTED_EDGE ( 'NONE', *, *, #3828, .F. ) ;
#4546 = VERTEX_POINT ( 'NONE', #8888 ) ;
#4547 = PLANE ( 'NONE',  #10802 ) ;
#4548 = ADVANCED_FACE ( 'NONE', ( #6380 ), #8824, .F. ) ;
#4549 =( LENGTH_UNIT ( ) NAMED_UNIT ( * ) SI_UNIT ( .MILLI., .METRE. ) );
#4550 = DIRECTION ( 'NONE',  ( -0.0000000000000000000, -0.0000000000000000000, -1.000000000000000000 ) ) ;
#4551 = CARTESIAN_POINT ( 'NONE',  ( 0.2519950447545432600, 0.6224937301679918100, 0.9300000000000000500 ) ) ;
#4552 = ORIENTED_EDGE ( 'NONE', *, *, #4584, .T. ) ;
#4553 =( NAMED_UNIT ( * ) SI_UNIT ( $, .STERADIAN. ) SOLID_ANGLE_UNIT ( ) );
#4554 = AXIS2_PLACEMENT_3D ( 'NONE', #8731, #9484, #7750 ) ;
#4555 = ORIENTED_EDGE ( 'NONE', *, *, #6781, .T. ) ;
#4556 = DIRECTION ( 'NONE',  ( 1.047444401652940200E-014, 1.000000000000000000, 0.0000000000000000000 ) ) ;
#4557 = LINE ( 'NONE', #4710, #9057 ) ;
#4558 = DIRECTION ( 'NONE',  ( -1.000000000000000000, 0.0000000000000000000, 0.0000000000000000000 ) ) ;
#4559 = DIRECTION ( 'NONE',  ( -1.000000000000000000, 1.090812488552360300E-014, 0.0000000000000000000 ) ) ;
#4560 = DIRECTION ( 'NONE',  ( 0.9400931103999019500, -0.3409177962187333000, 0.0000000000000000000 ) ) ;
#4561 = CARTESIAN_POINT ( 'NONE',  ( 0.5473431808279249900, 0.6790929502503110200, 0.9300000000000000500 ) ) ;
#4562 = CARTESIAN_POINT ( 'NONE',  ( 0.5519976284855505600, 0.6623567448429533700, 0.9400000000000000600 ) ) ;
#4563 = ADVANCED_FACE ( 'NONE', ( #4121 ), #7264, .F. ) ;
#4564 = ORIENTED_EDGE ( 'NONE', *, *, #3735, .F. ) ;
#4565 = VECTOR ( 'NONE', #10048, 1000.000000000000000 ) ;
#4566 = B_SPLINE_CURVE_WITH_KNOTS ( 'NONE', 3,
 ( #4753, #4683, #9467, #3051 ),
 .UNSPECIFIED., .F., .F.,
 ( 4, 4 ),
 ( 4.000000000000000000, 5.000000000000000000 ),
 .UNSPECIFIED. ) ;
#4567 = CARTESIAN_POINT ( 'NONE',  ( 0.02544278721532577900, 0.6700077142594130800, 0.9300000000000000500 ) ) ;
#4568 = CARTESIAN_POINT ( 'NONE',  ( 0.6392437643663834200, 0.7854520307678748400, 0.9400000000000000600 ) ) ;
#4569 = SURFACE_STYLE_USAGE ( .BOTH. , #9632 ) ;
#4570 = CARTESIAN_POINT ( 'NONE',  ( -0.7990646368227771700, 0.7972593383840376200, 0.9300000000000000500 ) ) ;
#4571 =( NAMED_UNIT ( * ) SI_UNIT ( $, .STERADIAN. ) SOLID_ANGLE_UNIT ( ) );
#4572 = ORIENTED_EDGE ( 'NONE', *, *, #6155, .F. ) ;
#4573 = EDGE_LOOP ( 'NONE', ( #9279, #2514, #5115, #2672 ) ) ;
#4574 = CARTESIAN_POINT ( 'NONE',  ( 0.4725254105013810300, 0.6342815126955351200, 0.9300000000000000500 ) ) ;
#4575 = ORIENTED_EDGE ( 'NONE', *, *, #1349, .F. ) ;
#4576 = PRESENTATION_LAYER_ASSIGNMENT (  '', '', ( #2888 ) ) ;
#4577 = VECTOR ( 'NONE', #9647, 1000.000000000000000 ) ;
#4578 = LINE ( 'NONE', #3233, #10510 ) ;
#4579 = CARTESIAN_POINT ( 'NONE',  ( 0.1249999999999998900, 0.6250000000000000000, -0.02000000000000000000 ) ) ;
#4580 = EDGE_CURVE ( 'NONE', #5917, #10441, #1946, .T. ) ;
#4581 = ORIENTED_EDGE ( 'NONE', *, *, #9495, .T. ) ;
#4582 = B_SPLINE_SURFACE_WITH_KNOTS ( 'NONE', 3, 1, ( 
 ( #9993, #2439 ),
 ( #3265, #9196 ),
 ( #4106, #10028 ),
 ( #4964, #1 ) ),
 .UNSPECIFIED., .F., .F., .F.,
 ( 4, 4 ),
 ( 2, 2 ),
 ( 23.00000000000000000, 24.00000000000000000 ),
 ( 0.0000000000000000000, 1.000000000000000000 ),
 .UNSPECIFIED. ) ;
#4583 = DIRECTION ( 'NONE',  ( 0.0000000000000000000, 1.000000000000000000, -0.0000000000000000000 ) ) ;
#4584 = EDGE_CURVE ( 'NONE', #5966, #702, #6127, .T. ) ;
#4585 = CARTESIAN_POINT ( 'NONE',  ( 0.6250000000000001100, -0.6250000000000000000, -0.02000000000000000000 ) ) ;
#4586 = ADVANCED_FACE ( 'NONE', ( #10359 ), #7099, .F. ) ;
#4587 = ORIENTED_EDGE ( 'NONE', *, *, #1049, .T. ) ;
#4588 =( LENGTH_UNIT ( ) NAMED_UNIT ( * ) SI_UNIT ( .MILLI., .METRE. ) );
#4589 = VERTEX_POINT ( 'NONE', #8609 ) ;
#4590 = LINE ( 'NONE', #5046, #8839 ) ;
#4591 = CARTESIAN_POINT ( 'NONE',  ( 0.8128200012164387100, 0.6704277551429660400, 0.9300000000000000500 ) ) ;
#4592 = CARTESIAN_POINT ( 'NONE',  ( 0.4628203919810128200, 0.7859967001746557300, 0.9400000000000000600 ) ) ;
#4593 = ORIENTED_EDGE ( 'NONE', *, *, #3658, .T. ) ;
#4594 = PLANE ( 'NONE',  #1583 ) ;
#4595 = CARTESIAN_POINT ( 'NONE',  ( 0.6175560188974045200, 0.6322513812700694100, 0.9400000000000000600 ) ) ;
#4596 = CARTESIAN_POINT ( 'NONE',  ( 0.02613141167001858900, 0.7133900960998563700, 0.9300000000000000500 ) ) ;
#4597 = ORIENTED_EDGE ( 'NONE', *, *, #420, .T. ) ;
#4598 = PRESENTATION_LAYER_ASSIGNMENT (  '', '', ( #3469 ) ) ;
#4599 = CARTESIAN_POINT ( 'NONE',  ( -0.3749999999999998900, -0.6250000000000000000, -0.02000000000000000000 ) ) ;
#4600 = SURFACE_STYLE_USAGE ( .BOTH. , #5465 ) ;
#4601 = CARTESIAN_POINT ( 'NONE',  ( -0.7990646368227771700, 0.7972593383840376200, 0.9300000000000000500 ) ) ;
#4602 =( NAMED_UNIT ( * ) PLANE_ANGLE_UNIT ( ) SI_UNIT ( $, .RADIAN. ) );
#4603 = LINE ( 'NONE', #10021, #4859 ) ;
#4604 = PRESENTATION_LAYER_ASSIGNMENT (  '', '', ( #3481 ) ) ;
#4605 = EDGE_LOOP ( 'NONE', ( #8922, #8189, #4524, #7045 ) ) ;
#4606 = ORIENTED_EDGE ( 'NONE', *, *, #8035, .T. ) ;
#4607 = CARTESIAN_POINT ( 'NONE',  ( 0.4635136075897990400, 0.8101602156741244400, 0.9400000000000000600 ) ) ;
#4608 = VECTOR ( 'NONE', #4803, 1000.000000000000000 ) ;
#4609 = CARTESIAN_POINT ( 'NONE',  ( 0.4464307943782164800, 0.7854520307678748400, 0.9400000000000000600 ) ) ;
#4610 = ORIENTED_EDGE ( 'NONE', *, *, #1404, .F. ) ;
#4611 = SURFACE_STYLE_FILL_AREA ( #1681 ) ;
#4612 = EDGE_LOOP ( 'NONE', ( #716, #1267, #7237, #8456 ) ) ;
#4613 = DIRECTION ( 'NONE',  ( 1.000000000000000000, 0.0000000000000000000, -0.0000000000000000000 ) ) ;
#4614 = CARTESIAN_POINT ( 'NONE',  ( 0.4590572215344044200, 0.6392825681577188900, 0.9300000000000000500 ) ) ;
#4615 = ORIENTED_EDGE ( 'NONE', *, *, #413, .T. ) ;
#4616 = ORIENTED_EDGE ( 'NONE', *, *, #9413, .F. ) ;
#4617 = ORIENTED_EDGE ( 'NONE', *, *, #8371, .F. ) ;
#4618 = DIRECTION ( 'NONE',  ( -0.0000000000000000000, -0.0000000000000000000, 1.000000000000000000 ) ) ;
#4619 = PRESENTATION_LAYER_ASSIGNMENT (  '', '', ( #3495 ) ) ;
#4620 = CARTESIAN_POINT ( 'NONE',  ( 0.7464693643943523000, 0.6318057426650612900, 0.9400000000000000600 ) ) ;
#4621 = B_SPLINE_SURFACE_WITH_KNOTS ( 'NONE', 3, 1, ( 
 ( #8475, #9424 ),
 ( #960, #8742 ),
 ( #2912, #2456 ),
 ( #2443, #5124 ) ),
 .UNSPECIFIED., .F., .F., .F.,
 ( 4, 4 ),
 ( 2, 2 ),
 ( 5.000000000000000000, 6.000000000000000000 ),
 ( 0.0000000000000000000, 1.000000000000000000 ),
 .UNSPECIFIED. ) ;
#4622 = CARTESIAN_POINT ( 'NONE',  ( 0.5310773717265184800, 0.6231900629582662900, 0.9400000000000000600 ) ) ;
#4623 = LINE ( 'NONE', #4941, #6601 ) ;
#4624 = CARTESIAN_POINT ( 'NONE',  ( 0.02544280034949358100, 0.7898256637061896700, 0.9400000000000000600 ) ) ;
#4625 = ORIENTED_EDGE ( 'NONE', *, *, #8500, .T. ) ;
#4626 = SURFACE_STYLE_USAGE ( .BOTH. , #6188 ) ;
#4627 = ORIENTED_EDGE ( 'NONE', *, *, #1544, .T. ) ;
#4628 = ORIENTED_EDGE ( 'NONE', *, *, #10567, .T. ) ;
#4629 = CARTESIAN_POINT ( 'NONE',  ( 0.1886430396978598700, 0.6631216273244853200, 0.9400000000000000600 ) ) ;
#4630 = EDGE_LOOP ( 'NONE', ( #5229, #4638, #788, #3327, #6243, #9992, #777 ) ) ;
#4631 = CARTESIAN_POINT ( 'NONE',  ( 0.3953556586454101700, 0.8712622200305797400, 0.9400000000000000600 ) ) ;
#4632 = PLANE ( 'NONE',  #8023 ) ;
#4633 = CARTESIAN_POINT ( 'NONE',  ( 0.6398131914727888100, 0.8601212548927491500, 0.9300000000000000500 ) ) ;
#4634 = DIRECTION ( 'NONE',  ( -1.000000000000000000, -0.0000000000000000000, -0.0000000000000000000 ) ) ;
#4635 = DIRECTION ( 'NONE',  ( 1.000000000000000000, 0.0000000000000000000, 0.0000000000000000000 ) ) ;
#4636 = DIRECTION ( 'NONE',  ( -0.0000000000000000000, -0.0000000000000000000, -1.000000000000000000 ) ) ;
#4637 = EDGE_LOOP ( 'NONE', ( #675, #10011, #6387, #5748 ) ) ;
#4638 = ORIENTED_EDGE ( 'NONE', *, *, #8380, .T. ) ;
#4639 = PLANE ( 'NONE',  #6336 ) ;
#4640 = B_SPLINE_SURFACE_WITH_KNOTS ( 'NONE', 3, 1, ( 
 ( #7284, #576 ),
 ( #3006, #2232 ),
 ( #8150, #3046 ),
 ( #8955, #3876 ) ),
 .UNSPECIFIED., .F., .F., .F.,
 ( 4, 4 ),
 ( 2, 2 ),
 ( 3.000000000000000000, 4.000000000000000000 ),
 ( 0.0000000000000000000, 1.000000000000000000 ),
 .UNSPECIFIED. ) ;
#4641 = ADVANCED_FACE ( 'NONE', ( #9564 ), #3567, .F. ) ;
#4642 = ORIENTED_EDGE ( 'NONE', *, *, #6621, .F. ) ;
#4643 = B_SPLINE_CURVE_WITH_KNOTS ( 'NONE', 3,
 ( #10524, #2816, #3522, #3629 ),
 .UNSPECIFIED., .F., .F.,
 ( 4, 4 ),
 ( 6.000000000000000000, 7.000000000000000000 ),
 .UNSPECIFIED. ) ;
#4644 = VECTOR ( 'NONE', #2110, 1000.000000000000000 ) ;
#4646 = CARTESIAN_POINT ( 'NONE',  ( 0.6190414809160874600, 0.6378466215395937100, 0.9300000000000000500 ) ) ;
#4645 = LINE ( 'NONE', #10138, #10827 ) ;
#4647 = CARTESIAN_POINT ( 'NONE',  ( 0.1672961807064048700, 0.6417747683330283800, 0.9400000000000000600 ) ) ;
#4648 = LINE ( 'NONE', #6404, #500 ) ;
#4649 = EDGE_CURVE ( 'NONE', #9192, #6935, #5344, .T. ) ;
#4650 = DIRECTION ( 'NONE',  ( 0.0000000000000000000, 1.000000000000000000, 0.0000000000000000000 ) ) ;
#4651 = SURFACE_STYLE_USAGE ( .BOTH. , #8233 ) ;
#4652 = ORIENTED_EDGE ( 'NONE', *, *, #4775, .F. ) ;
#4653 = EDGE_CURVE ( 'NONE', #8338, #8892, #3073, .T. ) ;
#4654 = ORIENTED_EDGE ( 'NONE', *, *, #4145, .T. ) ;
#4655 = LINE ( 'NONE', #10437, #6927 ) ;
#4656 = VECTOR ( 'NONE', #5357, 1000.000000000000000 ) ;
#4657 = UNCERTAINTY_MEASURE_WITH_UNIT (LENGTH_MEASURE( 1.000000000000000100E-005 ), #1243, 'distance_accuracy_value', 'NONE');
#4658 = COLOUR_RGB ( '',0.6666666666666666300, 0.6666666666666666300, 0.6666666666666666300 ) ;
#4659 = DIRECTION ( 'NONE',  ( 0.0000000000000000000, -0.0000000000000000000, 1.000000000000000000 ) ) ;
#4660 = ORIENTED_EDGE ( 'NONE', *, *, #4080, .F. ) ;
#4661 = CARTESIAN_POINT ( 'NONE',  ( 0.5311516448273537700, 0.6774094266293947400, 0.9400000000000000600 ) ) ;
#4662 = ORIENTED_EDGE ( 'NONE', *, *, #849, .F. ) ;
#4663 = EDGE_CURVE ( 'NONE', #8047, #7137, #7346, .T. ) ;
#4664 = STYLED_ITEM ( 'NONE', ( #212 ), #2037 ) ;
#4665 = STYLED_ITEM ( 'NONE', ( #255 ), #9194 ) ;
#4666 = CARTESIAN_POINT ( 'NONE',  ( 0.5062949137194319200, 0.6915213158045996300, 0.9300000000000000500 ) ) ;
#4667 = PRESENTATION_STYLE_ASSIGNMENT (( #5469 ) ) ;
#4668 =( NAMED_UNIT ( * ) PLANE_ANGLE_UNIT ( ) SI_UNIT ( $, .RADIAN. ) );
#4669 = VECTOR ( 'NONE', #7373, 1000.000000000000000 ) ;
#4670 = CARTESIAN_POINT ( 'NONE',  ( 0.4884941271991148900, 0.6816677510825681600, 0.9400000000000000600 ) ) ;
#4671 = DIRECTION ( 'NONE',  ( -0.3559357243643238600, 0.9345104387438613000, -0.0000000000000000000 ) ) ;
#4672 = UNCERTAINTY_MEASURE_WITH_UNIT (LENGTH_MEASURE( 1.000000000000000100E-005 ), #7133, 'distance_accuracy_value', 'NONE');
#4673 = SURFACE_SIDE_STYLE ('',( #3463 ) ) ;
#4674 = ORIENTED_EDGE ( 'NONE', *, *, #555, .F. ) ;
#4675 = ORIENTED_EDGE ( 'NONE', *, *, #10594, .T. ) ;
#4676 = CARTESIAN_POINT ( 'NONE',  ( 0.5168664517505301400, 0.8715593124345798500, 0.9400000000000000600 ) ) ;
#4677 = CARTESIAN_POINT ( 'NONE',  ( 0.4590572215344044200, 0.6330931430808539600, 0.9400000000000000600 ) ) ;
#4678 = VERTEX_POINT ( 'NONE', #3667 ) ;
#4679 = LINE ( 'NONE', #3164, #9454 ) ;
#4680 = CARTESIAN_POINT ( 'NONE',  ( -0.3750000000000001100, 0.6250000000000000000, -0.02000000000000000000 ) ) ;
#4681 = B_SPLINE_SURFACE_WITH_KNOTS ( 'NONE', 3, 1, ( 
 ( #4057, #7521 ),
 ( #8356, #3255 ),
 ( #9182, #4098 ),
 ( #10014, #4952 ) ),
 .UNSPECIFIED., .F., .F., .F.,
 ( 4, 4 ),
 ( 2, 2 ),
 ( 5.000000000000000000, 6.000000000000000000 ),
 ( 0.0000000000000000000, 1.000000000000000000 ),
 .UNSPECIFIED. ) ;
#4682 = DIRECTION ( 'NONE',  ( 0.0000000000000000000, 0.0000000000000000000, 1.000000000000000000 ) ) ;
#4683 = CARTESIAN_POINT ( 'NONE',  ( 0.4855727185629570300, 0.8728962282509370500, 0.9300000000000000500 ) ) ;
#4684 = PLANE ( 'NONE',  #1615 ) ;
#4685 = ORIENTED_EDGE ( 'NONE', *, *, #3828, .T. ) ;
#4686 = CARTESIAN_POINT ( 'NONE',  ( 0.8749999999999986700, -0.1250000000000091000, -0.02000000000000000000 ) ) ;
#4687 = ORIENTED_EDGE ( 'NONE', *, *, #1602, .F. ) ;
#4688 = VECTOR ( 'NONE', #8590, 1000.000000000000100 ) ;
#4689 = DIRECTION ( 'NONE',  ( -0.0000000000000000000, -0.0000000000000000000, -1.000000000000000000 ) ) ;
#4690 = CARTESIAN_POINT ( 'NONE',  ( -0.07991432450440462400, 0.7312939247580169100, 0.9400000000000000600 ) ) ;
#4691 = VERTEX_POINT ( 'NONE', #153 ) ;
#4692 = CARTESIAN_POINT ( 'NONE',  ( 0.5568996531462886400, 0.6816677510825681600, 0.9400000000000000600 ) ) ;
#4693 = FACE_BOUND ( 'NONE', #3845, .T. ) ;
#4694 = ADVANCED_FACE ( 'NONE', ( #5053 ), #7710, .F. ) ;
#4695 = CARTESIAN_POINT ( 'NONE',  ( 0.4713617985869710800, 0.6402728761695148900, 0.9300000000000000500 ) ) ;
#4696 = DIRECTION ( 'NONE',  ( -0.0000000000000000000, -0.0000000000000000000, -1.000000000000000000 ) ) ;
#4697 = AXIS2_PLACEMENT_3D ( 'NONE', #7339, #2405, #5403 ) ;
#4698 = CARTESIAN_POINT ( 'NONE',  ( 0.8091651457084634300, 0.6501511985919983200, 0.9400000000000000600 ) ) ;
#4699 = FILL_AREA_STYLE ('',( #8507 ) ) ;
#4700 = LINE ( 'NONE', #3269, #9209 ) ;
#4701 = PLANE ( 'NONE',  #10670 ) ;
#4702 = CARTESIAN_POINT ( 'NONE',  ( 0.7156707852130119700, 0.6318057426650612900, 0.9300000000000000500 ) ) ;
#4703 = DIRECTION ( 'NONE',  ( 1.000000000000000000, -3.491481338843133400E-015, 0.0000000000000000000 ) ) ;
#4704 = VERTEX_POINT ( 'NONE', #2808 ) ;
#4705 = EDGE_CURVE ( 'NONE', #2504, #10236, #4784, .T. ) ;
#4706 = EDGE_CURVE ( 'NONE', #8363, #78, #7070, .T. ) ;
#4707 = B_SPLINE_CURVE_WITH_KNOTS ( 'NONE', 3,
 ( #751, #4881, #9985, #4913 ),
 .UNSPECIFIED., .F., .F.,
 ( 4, 4 ),
 ( 6.000000000000000000, 7.000000000000000000 ),
 .UNSPECIFIED. ) ;
#4708 = CARTESIAN_POINT ( 'NONE',  ( 0.4978277802146428600, 0.6816677510825681600, 0.9300000000000000500 ) ) ;
#4709 = EDGE_CURVE ( 'NONE', #8923, #8427, #1470, .T. ) ;
#4710 = CARTESIAN_POINT ( 'NONE',  ( 0.5025069855725459200, 0.6314591348604966500, 0.9300000000000000500 ) ) ;
#4711 = VECTOR ( 'NONE', #1804, 1000.000000000000000 ) ;
#4712 = CARTESIAN_POINT ( 'NONE',  ( 0.5092163223555850000, 0.8728962282509370500, 0.9400000000000000600 ) ) ;
#4713 = CARTESIAN_POINT ( 'NONE',  ( -0.09093206622731372900, 0.8084180577156119300, 0.9300000000000000500 ) ) ;
#4714 = EDGE_CURVE ( 'NONE', #6873, #6680, #9025, .T. ) ;
#4715 =( NAMED_UNIT ( * ) SI_UNIT ( $, .STERADIAN. ) SOLID_ANGLE_UNIT ( ) );
#4716 = VERTEX_POINT ( 'NONE', #292 ) ;
#4717 = CARTESIAN_POINT ( 'NONE',  ( -0.07991432450440462400, 0.7030609656968133100, 0.9400000000000000600 ) ) ;
#4718 = ORIENTED_EDGE ( 'NONE', *, *, #992, .T. ) ;
#4719 = LINE ( 'NONE', #770, #4985 ) ;
#4720 = EDGE_CURVE ( 'NONE', #6084, #1412, #889, .T. ) ;
#4721 =( GEOMETRIC_REPRESENTATION_CONTEXT ( 3 ) GLOBAL_UNCERTAINTY_ASSIGNED_CONTEXT ( ( #8627 ) ) GLOBAL_UNIT_ASSIGNED_CONTEXT ( ( #10850, #4960, #835 ) ) REPRESENTATION_CONTEXT ( 'NONE', 'WORKASPACE' ) );
#4722 = CARTESIAN_POINT ( 'NONE',  ( 0.8597606009971351400, 0.6984534718904845700, 0.9400000000000000600 ) ) ;
#4723 = EDGE_CURVE ( 'NONE', #9774, #3590, #4526, .T. ) ;
#4724 = CARTESIAN_POINT ( 'NONE',  ( 0.8597606009971351400, 0.6984534718904845700, 0.9300000000000000500 ) ) ;
#4725 = ORIENTED_EDGE ( 'NONE', *, *, #154, .F. ) ;
#4726 = VERTEX_POINT ( 'NONE', #5925 ) ;
#4727 = LINE ( 'NONE', #9711, #335 ) ;
#4728 = DIRECTION ( 'NONE',  ( 0.0000000000000000000, 0.0000000000000000000, -1.000000000000000000 ) ) ;
#4729 = LINE ( 'NONE', #1367, #9237 ) ;
#4730 = CARTESIAN_POINT ( 'NONE',  ( -0.07991432450440462400, 0.7312939247580169100, 0.9400000000000000600 ) ) ;
#4731 = LINE ( 'NONE', #3802, #7018 ) ;
#4732 = SURFACE_SIDE_STYLE ('',( #4207 ) ) ;
#4733 = DIRECTION ( 'NONE',  ( 0.0000000000000000000, -0.0000000000000000000, 1.000000000000000000 ) ) ;
#4734 = ORIENTED_EDGE ( 'NONE', *, *, #3234, .F. ) ;
#4735 = DIRECTION ( 'NONE',  ( 0.0000000000000000000, 1.000000000000000000, 0.0000000000000000000 ) ) ;
#4736 = ORIENTED_EDGE ( 'NONE', *, *, #1131, .F. ) ;
#4737 = CARTESIAN_POINT ( 'NONE',  ( -0.6249999999999998900, -0.8750000000000000000, -0.02000000000000000000 ) ) ;
#4738 = LINE ( 'NONE', #3866, #350 ) ;
#4739 = ADVANCED_FACE ( 'NONE', ( #8782 ), #918, .F. ) ;
#4740 = FACE_OUTER_BOUND ( 'NONE', #8131, .T. ) ;
#4741 =( GEOMETRIC_REPRESENTATION_CONTEXT ( 3 ) GLOBAL_UNCERTAINTY_ASSIGNED_CONTEXT ( ( #7276 ) ) GLOBAL_UNIT_ASSIGNED_CONTEXT ( ( #8580, #3504, #9425 ) ) REPRESENTATION_CONTEXT ( 'NONE', 'WORKASPACE' ) );
#4742 = FILL_AREA_STYLE_COLOUR ( '', #9168 ) ;
#4743 = CARTESIAN_POINT ( 'NONE',  ( 0.7603584342663902700, 0.8009008357594334900, 0.9400000000000000600 ) ) ;
#4744 = ORIENTED_EDGE ( 'NONE', *, *, #2088, .F. ) ;
#4745 = VERTEX_POINT ( 'NONE', #1811 ) ;
#4746 = VERTEX_POINT ( 'NONE', #3407 ) ;
#4747 = CARTESIAN_POINT ( 'NONE',  ( 0.6671952080124106100, 0.7789159978871099700, 0.9400000000000000600 ) ) ;
#4748 = FACE_OUTER_BOUND ( 'NONE', #5725, .T. ) ;
#4749 = LINE ( 'NONE', #4722, #4497 ) ;
#4750 = VERTEX_POINT ( 'NONE', #6075 ) ;
#4751 = EDGE_LOOP ( 'NONE', ( #2262, #10346, #617, #9580, #5897, #366, #7126, #2281, #9513, #6799, #4767, #953, #5461, #7924, #4488, #9766, #6747, #2138, #10058, #237, #7505 ) ) ;
#4752 = ORIENTED_EDGE ( 'NONE', *, *, #3362, .F. ) ;
#4753 = CARTESIAN_POINT ( 'NONE',  ( 0.4999569424408943900, 0.8728962282509370500, 0.9300000000000000500 ) ) ;
#4754 = AXIS2_PLACEMENT_3D ( 'NONE', #2105, #9294, #5392 ) ;
#4755 = CARTESIAN_POINT ( 'NONE',  ( 0.8749999999999986700, -0.1250000000000091000, -0.02000000000000000000 ) ) ;
#4756 = ORIENTED_EDGE ( 'NONE', *, *, #1050, .T. ) ;
#4757 = B_SPLINE_CURVE_WITH_KNOTS ( 'NONE', 3,
 ( #9950, #10773, #2397, #8323 ),
 .UNSPECIFIED., .F., .F.,
 ( 4, 4 ),
 ( 7.000000000000000000, 8.000000000000000000 ),
 .UNSPECIFIED. ) ;
#4758 = DIRECTION ( 'NONE',  ( -0.0000000000000000000, -0.0000000000000000000, 1.000000000000000000 ) ) ;
#4759 = CARTESIAN_POINT ( 'NONE',  ( 0.8631524059392393600, 0.6984534718904845700, 0.9300000000000000500 ) ) ;
#4760 = VECTOR ( 'NONE', #2590, 1000.000000000000000 ) ;
#4761 = DIRECTION ( 'NONE',  ( -0.0000000000000000000, -0.0000000000000000000, -1.000000000000000000 ) ) ;
#4762 = CARTESIAN_POINT ( 'NONE',  ( 0.3953556586454127200, 0.7176159319277641800, 0.9300000000000000500 ) ) ;
#4763 = ORIENTED_EDGE ( 'NONE', *, *, #1331, .T. ) ;
#4764 = ORIENTED_EDGE ( 'NONE', *, *, #8293, .T. ) ;
#4765 = DIRECTION ( 'NONE',  ( -0.0000000000000000000, -0.0000000000000000000, 1.000000000000000000 ) ) ;
#4766 = CARTESIAN_POINT ( 'NONE',  ( 0.6513502798157353400, 0.8601212548927491500, 0.9400000000000000600 ) ) ;
#4767 = ORIENTED_EDGE ( 'NONE', *, *, #4862, .F. ) ;
#4768 = DIRECTION ( 'NONE',  ( -0.0000000000000000000, -0.0000000000000000000, -1.000000000000000000 ) ) ;
#4769 = VECTOR ( 'NONE', #10799, 1000.000000000000000 ) ;
#4770 = CARTESIAN_POINT ( 'NONE',  ( 0.4643801271002033200, 0.8586357928740651100, 0.9300000000000000500 ) ) ;
#4771 = CARTESIAN_POINT ( 'NONE',  ( 0.4649990696081569000, 0.6245764941751733600, 0.9400000000000000600 ) ) ;
#4772 = SURFACE_STYLE_FILL_AREA ( #6118 ) ;
#4773 = LINE ( 'NONE', #2067, #9016 ) ;
#4774 = DIRECTION ( 'NONE',  ( -1.000000000000000000, 3.491481338843133400E-015, -0.0000000000000000000 ) ) ;
#4775 = EDGE_CURVE ( 'NONE', #3134, #5606, #8015, .T. ) ;
#4776 = ORIENTED_EDGE ( 'NONE', *, *, #337, .F. ) ;
#4777 = B_SPLINE_CURVE_WITH_KNOTS ( 'NONE', 3,
 ( #4299, #5163, #7757, #2664 ),
 .UNSPECIFIED., .F., .F.,
 ( 4, 4 ),
 ( 4.000000000000000000, 5.000000000000000000 ),
 .UNSPECIFIED. ) ;
#4778 = CARTESIAN_POINT ( 'NONE',  ( 0.4078582973002071200, 0.8712622200305797400, 0.9400000000000000600 ) ) ;
#4779 = MECHANICAL_DESIGN_GEOMETRIC_PRESENTATION_REPRESENTATION (  '', ( #2536 ), #5374 ) ;
#4780 = CARTESIAN_POINT ( 'NONE',  ( 0.7611011652754009500, 0.7064749667899301600, 0.9300000000000000500 ) ) ;
#4781 = ORIENTED_EDGE ( 'NONE', *, *, #10166, .T. ) ;
#4782 = DIRECTION ( 'NONE',  ( -0.7188567800353616900, 0.6951582048693603100, 0.0000000000000000000 ) ) ;
#4783 = SURFACE_STYLE_FILL_AREA ( #5224 ) ;
#4784 = LINE ( 'NONE', #4218, #386 ) ;
#4785 = LINE ( 'NONE', #1601, #7071 ) ;
#4786 = EDGE_CURVE ( 'NONE', #2504, #4027, #1563, .T. ) ;
#4787 = AXIS2_PLACEMENT_3D ( 'NONE', #5668, #3684, #9577 ) ;
#4788 = CARTESIAN_POINT ( 'NONE',  ( -0.9999999999999997800, 1.000000000000000000, 0.9300000000000000500 ) ) ;
#4789 = VECTOR ( 'NONE', #5142, 1000.000000000000000 ) ;
#4790 = ORIENTED_EDGE ( 'NONE', *, *, #7830, .F. ) ;
#4791 = CARTESIAN_POINT ( 'NONE',  ( -0.8750000000000003300, -0.1249999999999970700, -0.02000000000000000000 ) ) ;
#4792 = EDGE_CURVE ( 'NONE', #2729, #2400, #3472, .T. ) ;
#4793 = CARTESIAN_POINT ( 'NONE',  ( -0.06269910716643506400, 0.6789596614239176200, 0.9400000000000000600 ) ) ;
#4794 = ORIENTED_EDGE ( 'NONE', *, *, #6085, .F. ) ;
#4795 = EDGE_CURVE ( 'NONE', #10044, #1537, #2949, .T. ) ;
#4796 = VERTEX_POINT ( 'NONE', #2158 ) ;
#4797 = DIRECTION ( 'NONE',  ( 0.0000000000000000000, 0.0000000000000000000, 1.000000000000000000 ) ) ;
#4798 = CARTESIAN_POINT ( 'NONE',  ( 0.6157487067751006300, 0.6379456523407053300, 0.9400000000000000600 ) ) ;
#4799 = VECTOR ( 'NONE', #4202, 1000.000000000000000 ) ;
#4800 = ADVANCED_FACE ( 'NONE', ( #9940 ), #28, .F. ) ;
#4801 = CARTESIAN_POINT ( 'NONE',  ( 0.8684505538054236900, 0.7176159319277641800, 0.9400000000000000600 ) ) ;
#4802 = UNCERTAINTY_MEASURE_WITH_UNIT (LENGTH_MEASURE( 1.000000000000000100E-005 ), #1182, 'distance_accuracy_value', 'NONE');
#4803 = DIRECTION ( 'NONE',  ( -0.0000000000000000000, -0.0000000000000000000, -1.000000000000000000 ) ) ;
#4804 = ORIENTED_EDGE ( 'NONE', *, *, #3913, .T. ) ;
#4805 = CARTESIAN_POINT ( 'NONE',  ( 0.4820076097185750900, 0.6618615908373892700, 0.9300000000000000500 ) ) ;
#4806 = VERTEX_POINT ( 'NONE', #10700 ) ;
#4807 = CARTESIAN_POINT ( 'NONE',  ( 0.2237620725598240000, 0.6624330291384651300, 0.9300000000000000500 ) ) ;
#4808 = CARTESIAN_POINT ( 'NONE',  ( 0.8613450938169312500, 0.7052370817740308800, 0.9400000000000000600 ) ) ;
#4809 = CARTESIAN_POINT ( 'NONE',  ( -0.3420636973039750700, 0.3834854731493751400, 0.0000000000000000000 ) ) ;
#4810 = AXIS2_PLACEMENT_3D ( 'NONE', #9947, #10770, #5751 ) ;
#4811 = CARTESIAN_POINT ( 'NONE',  ( 0.6403083454796753000, 0.8712622200305797400, 0.9400000000000000600 ) ) ;
#4812 = CARTESIAN_POINT ( 'NONE',  ( 0.6112428053194750600, 0.6209123545300122600, 0.9400000000000000600 ) ) ;
#4813 = EDGE_LOOP ( 'NONE', ( #1204, #2940, #7822, #9749, #2453, #1126 ) ) ;
#4814 = PLANE ( 'NONE',  #10033 ) ;
#4815 = FACE_OUTER_BOUND ( 'NONE', #996, .T. ) ;
#4816 = LINE ( 'NONE', #832, #2598 ) ;
#4817 = ADVANCED_FACE ( 'NONE', ( #5463 ), #69, .F. ) ;
#4818 = CARTESIAN_POINT ( 'NONE',  ( 0.5322904990414822900, 0.6633470528554140700, 0.9300000000000000500 ) ) ;
#4819 = CARTESIAN_POINT ( 'NONE',  ( 0.2905571210839667500, 0.6514153005493975600, 0.9300000000000000500 ) ) ;
#4820 = FILL_AREA_STYLE ('',( #2873 ) ) ;
#4821 = ORIENTED_EDGE ( 'NONE', *, *, #9277, .T. ) ;
#4822 = VERTEX_POINT ( 'NONE', #6867 ) ;
#4823 = LINE ( 'NONE', #468, #4565 ) ;
#4824 = DIRECTION ( 'NONE',  ( -0.0000000000000000000, -0.0000000000000000000, 1.000000000000000000 ) ) ;
#4825 = B_SPLINE_CURVE_WITH_KNOTS ( 'NONE', 3,
 ( #3429, #7692, #6812, #9355 ),
 .UNSPECIFIED., .F., .F.,
 ( 4, 4 ),
 ( 5.000000000000000000, 6.000000000000000000 ),
 .UNSPECIFIED. ) ;
#4826 = CARTESIAN_POINT ( 'NONE',  ( -0.8749999999999978900, 0.6250000000000028900, -0.02000000000000000000 ) ) ;
#4827 = DIRECTION ( 'NONE',  ( 3.925162207837335100E-015, 1.000000000000000000, 0.0000000000000000000 ) ) ;
#4828 = CARTESIAN_POINT ( 'NONE',  ( 0.8616421862209343600, 0.7052370817740308800, 0.9400000000000000600 ) ) ;
#4829 = CARTESIAN_POINT ( 'NONE',  ( -0.9999999999999997800, 1.000000000000000000, 0.9300000000000000500 ) ) ;
#4830 =( NAMED_UNIT ( * ) PLANE_ANGLE_UNIT ( ) SI_UNIT ( $, .RADIAN. ) );
#4831 = ORIENTED_EDGE ( 'NONE', *, *, #6498, .T. ) ;
#4832 = VECTOR ( 'NONE', #6510, 1000.000000000000000 ) ;
#4833 = CARTESIAN_POINT ( 'NONE',  ( 0.4884941271991148900, 0.6816677510825681600, 0.9300000000000000500 ) ) ;
#4834 = STYLED_ITEM ( 'NONE', ( #3863 ), #4310 ) ;
#4835 = CARTESIAN_POINT ( 'NONE',  ( 0.4748773920304684700, 0.6322018658695104400, 0.9400000000000000600 ) ) ;
#4836 = ORIENTED_EDGE ( 'NONE', *, *, #6415, .F. ) ;
#4837 = DIRECTION ( 'NONE',  ( -0.0000000000000000000, -0.0000000000000000000, -1.000000000000000000 ) ) ;
#4838 = ORIENTED_EDGE ( 'NONE', *, *, #1540, .F. ) ;
#4839 = CARTESIAN_POINT ( 'NONE',  ( -0.6249999999999998900, -0.6250000000000000000, -0.02000000000000000000 ) ) ;
#4840 =( NAMED_UNIT ( * ) PLANE_ANGLE_UNIT ( ) SI_UNIT ( $, .RADIAN. ) );
#4841 = EDGE_CURVE ( 'NONE', #4796, #7994, #9235, .T. ) ;
#4842 = EDGE_CURVE ( 'NONE', #6351, #4912, #3971, .T. ) ;
#4843 =( LENGTH_UNIT ( ) NAMED_UNIT ( * ) SI_UNIT ( .MILLI., .METRE. ) );
#4844 = CARTESIAN_POINT ( 'NONE',  ( 0.4424943200293258200, 0.6643868762684275200, 0.9400000000000000600 ) ) ;
#4845 = ADVANCED_FACE ( 'NONE', ( #3196 ), #9246, .T. ) ;
#4846 = B_SPLINE_CURVE_WITH_KNOTS ( 'NONE', 3,
 ( #272, #5257, #1122, #6973 ),
 .UNSPECIFIED., .F., .F.,
 ( 4, 4 ),
 ( 5.000000000000000000, 6.000000000000000000 ),
 .UNSPECIFIED. ) ;
#4847 = CARTESIAN_POINT ( 'NONE',  ( 0.2519950447545432600, 0.6224937301679918100, 0.9300000000000000500 ) ) ;
#4848 = EDGE_CURVE ( 'NONE', #8484, #10097, #4496, .T. ) ;
#4849 = ORIENTED_EDGE ( 'NONE', *, *, #6615, .F. ) ;
#4850 = EDGE_LOOP ( 'NONE', ( #6610, #9289, #5303, #2822 ) ) ;
#4851 = DIRECTION ( 'NONE',  ( -3.491481338843133400E-015, -1.000000000000000000, 0.0000000000000000000 ) ) ;
#4852 = B_SPLINE_SURFACE_WITH_KNOTS ( 'NONE', 3, 1, ( 
 ( #9274, #9139 ),
 ( #4074, #4037 ),
 ( #3963, #3954 ),
 ( #9396, #3856 ) ),
 .UNSPECIFIED., .F., .F., .F.,
 ( 4, 4 ),
 ( 2, 2 ),
 ( 3.000000000000000000, 4.000000000000000000 ),
 ( 0.0000000000000000000, 1.000000000000000000 ),
 .UNSPECIFIED. ) ;
#4853 = CARTESIAN_POINT ( 'NONE',  ( 0.5426639754700232100, 0.6191298001079786900, 0.9400000000000000600 ) ) ;
#4854 = VECTOR ( 'NONE', #10452, 1000.000000000000000 ) ;
#4855 = EDGE_CURVE ( 'NONE', #6777, #2673, #5728, .T. ) ;
#4856 = SURFACE_STYLE_USAGE ( .BOTH. , #8438 ) ;
#4857 = ORIENTED_EDGE ( 'NONE', *, *, #697, .F. ) ;
#4858 = EDGE_CURVE ( 'NONE', #941, #7857, #7002, .T. ) ;
#4859 = VECTOR ( 'NONE', #2472, 1000.000000000000000 ) ;
#4860 = CARTESIAN_POINT ( 'NONE',  ( 0.4590572215344044200, 0.6330931430808539600, 0.9300000000000000500 ) ) ;
#4861 = ORIENTED_EDGE ( 'NONE', *, *, #5070, .T. ) ;
#4862 = EDGE_CURVE ( 'NONE', #8074, #8981, #8771, .T. ) ;
#4863 = EDGE_LOOP ( 'NONE', ( #3179, #3861, #6513, #10841 ) ) ;
#4864 = VERTEX_POINT ( 'NONE', #9212 ) ;
#4865 = DIRECTION ( 'NONE',  ( -0.3283461648125114400, 0.9445574604294410000, -0.0000000000000000000 ) ) ;
#4866 = LINE ( 'NONE', #8513, #2651 ) ;
#4867 = FILL_AREA_STYLE ('',( #2353 ) ) ;
#4868 = EDGE_CURVE ( 'NONE', #2347, #1968, #7475, .T. ) ;
#4869 = ORIENTED_EDGE ( 'NONE', *, *, #1457, .F. ) ;
#4870 = LINE ( 'NONE', #7479, #2654 ) ;
#4871 = ADVANCED_FACE ( 'NONE', ( #1043 ), #7343, .F. ) ;
#4872 = PRESENTATION_STYLE_ASSIGNMENT (( #9566 ) ) ;
#4873 = DIRECTION ( 'NONE',  ( 1.000000000000000000, -3.925162207837335900E-015, 0.0000000000000000000 ) ) ;
#4874 = VERTEX_POINT ( 'NONE', #7476 ) ;
#4875 = ORIENTED_EDGE ( 'NONE', *, *, #9272, .T. ) ;
#4876 = ORIENTED_EDGE ( 'NONE', *, *, #6143, .F. ) ;
#4877 = PLANE ( 'NONE',  #4390 ) ;
#4878 = VECTOR ( 'NONE', #6553, 1000.000000000000000 ) ;
#4879 = AXIS2_PLACEMENT_3D ( 'NONE', #3258, #4100, #10018 ) ;
#4880 = CARTESIAN_POINT ( 'NONE',  ( -0.02895728381101941900, 0.6941090579354700600, 0.9400000000000000600 ) ) ;
#4881 = CARTESIAN_POINT ( 'NONE',  ( -0.1115903450923940700, 0.7877598034772622700, 0.9400000000000000600 ) ) ;
#4882 = CARTESIAN_POINT ( 'NONE',  ( 0.4726739567030484600, 0.6893921535780167500, 0.9400000000000000600 ) ) ;
#4883 = CARTESIAN_POINT ( 'NONE',  ( 0.8777842068209502600, 0.6581974511915668100, 0.9300000000000000500 ) ) ;
#4884 = VERTEX_POINT ( 'NONE', #4762 ) ;
#4885 = ORIENTED_EDGE ( 'NONE', *, *, #9472, .F. ) ;
#4886 = CARTESIAN_POINT ( 'NONE',  ( -0.6249999999999995600, 0.1250000000000020500, -0.02000000000000000000 ) ) ;
#4887 = DIRECTION ( 'NONE',  ( 1.000000000000000000, -3.925162207837335900E-015, 0.0000000000000000000 ) ) ;
#4888 = ORIENTED_EDGE ( 'NONE', *, *, #3595, .F. ) ;
#4889 = CARTESIAN_POINT ( 'NONE',  ( 0.7606060112698374000, 0.6207638083283396600, 0.9400000000000000600 ) ) ;
#4890 =( NAMED_UNIT ( * ) SI_UNIT ( $, .STERADIAN. ) SOLID_ANGLE_UNIT ( ) );
#4891 = PRESENTATION_STYLE_ASSIGNMENT (( #10221 ) ) ;
#4892 = FACE_OUTER_BOUND ( 'NONE', #6716, .T. ) ;
#4893 = CARTESIAN_POINT ( 'NONE',  ( -0.1115903450923940700, 0.7877598034772622700, 0.9300000000000000500 ) ) ;
#4894 = ORIENTED_EDGE ( 'NONE', *, *, #8849, .F. ) ;
#4895 = DIRECTION ( 'NONE',  ( 0.0000000000000000000, -0.0000000000000000000, 1.000000000000000000 ) ) ;
#4896 = ORIENTED_EDGE ( 'NONE', *, *, #4134, .F. ) ;
#4897 = DIRECTION ( 'NONE',  ( 0.3559357243643238000, -0.9345104387438613000, 0.0000000000000000000 ) ) ;
#4898 = VECTOR ( 'NONE', #4671, 1000.000000000000000 ) ;
#4899 = B_SPLINE_CURVE_WITH_KNOTS ( 'NONE', 3,
 ( #8036, #3247, #3058, #2553 ),
 .UNSPECIFIED., .F., .F.,
 ( 4, 4 ),
 ( 3.000000000000000000, 4.000000000000000000 ),
 .UNSPECIFIED. ) ;
#4900 = CARTESIAN_POINT ( 'NONE',  ( -0.3420636973039750700, 0.1402995633473302100, -0.001000000000000000000 ) ) ;
#4901 = CARTESIAN_POINT ( 'NONE',  ( 0.5000807309426171800, 0.8616067169107740600, 0.9300000000000000500 ) ) ;
#4902 = ADVANCED_FACE ( 'NONE', ( #9431 ), #10667, .F. ) ;
#4903 = EDGE_LOOP ( 'NONE', ( #293, #7712, #8098, #7553 ) ) ;
#4904 = EDGE_CURVE ( 'NONE', #3644, #4678, #2756, .T. ) ;
#4905 = VERTEX_POINT ( 'NONE', #7246 ) ;
#4906 = DIRECTION ( 'NONE',  ( -0.3416038306902636800, 0.9398440417738135300, 0.0000000000000000000 ) ) ;
#4907 = LINE ( 'NONE', #8250, #2425 ) ;
#4908 = VECTOR ( 'NONE', #10073, 1000.000000000000000 ) ;
#4909 = EDGE_CURVE ( 'NONE', #9378, #10041, #5723, .T. ) ;
#4910 = EDGE_CURVE ( 'NONE', #9240, #1742, #5197, .T. ) ;
#4911 = CARTESIAN_POINT ( 'NONE',  ( 0.4628203919810128200, 0.7859967001746557300, 0.9400000000000000600 ) ) ;
#4912 = VERTEX_POINT ( 'NONE', #8994 ) ;
#4913 = CARTESIAN_POINT ( 'NONE',  ( -0.1232966932103497500, 0.7299166758492917600, 0.9400000000000000600 ) ) ;
#4914 = EDGE_CURVE ( 'NONE', #8008, #9679, #2942, .T. ) ;
#4915 = CARTESIAN_POINT ( 'NONE',  ( 0.5463033574149133200, 0.6659218536876677600, 0.9400000000000000600 ) ) ;
#4916 = EDGE_LOOP ( 'NONE', ( #4885, #3575, #6902, #6788 ) ) ;
#4917 = CARTESIAN_POINT ( 'NONE',  ( 0.5310773717265184800, 0.6231900629582662900, 0.9400000000000000600 ) ) ;
#4918 = AXIS2_PLACEMENT_3D ( 'NONE', #5511, #10748, #10756 ) ;
#4919 = VERTEX_POINT ( 'NONE', #6541 ) ;
#4920 = COLOUR_RGB ( '',0.6666666666666666300, 0.6666666666666666300, 0.6666666666666666300 ) ;
#4921 = FACE_OUTER_BOUND ( 'NONE', #7231, .T. ) ;
#4922 = FILL_AREA_STYLE_COLOUR ( '', #6519 ) ;
#4923 = LINE ( 'NONE', #10129, #525 ) ;
#4924 = DIRECTION ( 'NONE',  ( 0.0000000000000000000, 1.000000000000000000, -0.0000000000000000000 ) ) ;
#4925 =( GEOMETRIC_REPRESENTATION_CONTEXT ( 3 ) GLOBAL_UNCERTAINTY_ASSIGNED_CONTEXT ( ( #7844 ) ) GLOBAL_UNIT_ASSIGNED_CONTEXT ( ( #10370, #5320, #328 ) ) REPRESENTATION_CONTEXT ( 'NONE', 'WORKASPACE' ) );
#4927 = CARTESIAN_POINT ( 'NONE',  ( 0.7384726271951779200, 0.8520997599932974600, 0.9300000000000000500 ) ) ;
#4926 = CARTESIAN_POINT ( 'NONE',  ( 0.7339667257398868600, 0.7176159319277641800, 0.9300000000000000500 ) ) ;
#4928 = DIRECTION ( 'NONE',  ( -0.9910683662997356000, -0.1333547648941455200, 0.0000000000000000000 ) ) ;
#4929 = CARTESIAN_POINT ( 'NONE',  ( 0.4772046158592828100, 0.6301222190441387900, 0.9300000000000000500 ) ) ;
#4930 = ORIENTED_EDGE ( 'NONE', *, *, #3518, .F. ) ;
#4931 = EDGE_CURVE ( 'NONE', #7324, #10365, #731, .T. ) ;
#4932 =( GEOMETRIC_REPRESENTATION_CONTEXT ( 3 ) GLOBAL_UNCERTAINTY_ASSIGNED_CONTEXT ( ( #9878 ) ) GLOBAL_UNIT_ASSIGNED_CONTEXT ( ( #3666, #10123, #4195 ) ) REPRESENTATION_CONTEXT ( 'NONE', 'WORKASPACE' ) );
#4933 = DIRECTION ( 'NONE',  ( 0.0000000000000000000, -0.0000000000000000000, 1.000000000000000000 ) ) ;
#4934 = EDGE_LOOP ( 'NONE', ( #658, #2702, #4876, #10325 ) ) ;
#4935 = LINE ( 'NONE', #3967, #9180 ) ;
#4936 = CARTESIAN_POINT ( 'NONE',  ( 0.8616421862209343600, 0.7052370817740308800, 0.9400000000000000600 ) ) ;
#4937 = EDGE_CURVE ( 'NONE', #9247, #9722, #9158, .T. ) ;
#4938 = DIRECTION ( 'NONE',  ( -0.9345104387438613000, -0.3559357243643238000, 0.0000000000000000000 ) ) ;
#4939 = EDGE_CURVE ( 'NONE', #4919, #2062, #4907, .T. ) ;
#4940 = FILL_AREA_STYLE ('',( #5096 ) ) ;
#4941 = CARTESIAN_POINT ( 'NONE',  ( -0.6249999999999986700, 0.3750000000000020500, -0.02000000000000000000 ) ) ;
#4942 = ORIENTED_EDGE ( 'NONE', *, *, #5784, .F. ) ;
#4943 = FACE_OUTER_BOUND ( 'NONE', #5947, .T. ) ;
#4944 = CARTESIAN_POINT ( 'NONE',  ( 0.4772046158592828100, 0.6301222190441387900, 0.9400000000000000600 ) ) ;
#4945 = SURFACE_STYLE_USAGE ( .BOTH. , #5206 ) ;
#4946 = PRESENTATION_LAYER_ASSIGNMENT (  '', '', ( #3800 ) ) ;
#4947 = B_SPLINE_SURFACE_WITH_KNOTS ( 'NONE', 3, 1, ( 
 ( #9109, #6591 ),
 ( #1536, #5756 ),
 ( #10775, #8325 ),
 ( #2401, #7488 ) ),
 .UNSPECIFIED., .F., .F., .F.,
 ( 4, 4 ),
 ( 2, 2 ),
 ( 12.00000000000000000, 13.00000000000000000 ),
 ( 0.0000000000000000000, 1.000000000000000000 ),
 .UNSPECIFIED. ) ;
#4948 = CARTESIAN_POINT ( 'NONE',  ( 0.4590572215344044200, 0.6392825681577188900, 0.9300000000000000500 ) ) ;
#4949 = VERTEX_POINT ( 'NONE', #6508 ) ;
#4950 = ORIENTED_EDGE ( 'NONE', *, *, #8220, .F. ) ;
#4951 = LINE ( 'NONE', #2810, #9201 ) ;
#4952 = CARTESIAN_POINT ( 'NONE',  ( 0.7982129580350048000, 0.6343310280960995400, 0.9300000000000000500 ) ) ;
#4953 = PRESENTATION_LAYER_ASSIGNMENT (  '', '', ( #3256 ) ) ;
#4954 = CARTESIAN_POINT ( 'NONE',  ( 0.8608746975109852200, 0.7023156731378780200, 0.9300000000000000500 ) ) ;
#4955 = DIRECTION ( 'NONE',  ( -0.0000000000000000000, -0.0000000000000000000, -1.000000000000000000 ) ) ;
#4956 =( NAMED_UNIT ( * ) SI_UNIT ( $, .STERADIAN. ) SOLID_ANGLE_UNIT ( ) );
#4957 = CARTESIAN_POINT ( 'NONE',  ( -0.1068949054074922100, 0.3834854731493751400, -0.001000000000000000000 ) ) ;
#4958 = ORIENTED_EDGE ( 'NONE', *, *, #213, .F. ) ;
#4959 = DIRECTION ( 'NONE',  ( 1.000000000000000000, 0.0000000000000000000, -0.0000000000000000000 ) ) ;
#4960 =( NAMED_UNIT ( * ) PLANE_ANGLE_UNIT ( ) SI_UNIT ( $, .RADIAN. ) );
#4961 = ORIENTED_EDGE ( 'NONE', *, *, #3091, .T. ) ;
#4962 = ADVANCED_FACE ( 'NONE', ( #252 ), #7372, .F. ) ;
#4963 = ORIENTED_EDGE ( 'NONE', *, *, #9666, .T. ) ;
#4965 = SURFACE_STYLE_USAGE ( .BOTH. , #2340 ) ;
#4964 = CARTESIAN_POINT ( 'NONE',  ( 0.2733419037463276100, 0.7161445019787834300, 0.9400000000000000600 ) ) ;
#4966 = VECTOR ( 'NONE', #6900, 1000.000000000000000 ) ;
#4967 = CARTESIAN_POINT ( 'NONE',  ( 0.8597606009971351400, 0.6984534718904845700, 0.9400000000000000600 ) ) ;
#4968 = CARTESIAN_POINT ( 'NONE',  ( 0.5322904990414822900, 0.6633470528554140700, 0.9400000000000000600 ) ) ;
#4969 = CARTESIAN_POINT ( 'NONE',  ( 0.4793585357858143900, 0.7873336159910135900, 0.9300000000000000500 ) ) ;
#4970 =( LENGTH_UNIT ( ) NAMED_UNIT ( * ) SI_UNIT ( .MILLI., .METRE. ) );
#4971 = CARTESIAN_POINT ( 'NONE',  ( 0.07433400708163313800, 0.8559320615082910400, 0.9400000000000000600 ) ) ;
#4972 = AXIS2_PLACEMENT_3D ( 'NONE', #8450, #3345, #931 ) ;
#4973 = ORIENTED_EDGE ( 'NONE', *, *, #5914, .F. ) ;
#4974 = CARTESIAN_POINT ( 'NONE',  ( -0.03859780289354117200, 0.6679419197013349900, 0.9400000000000000600 ) ) ;
#4975 = EDGE_CURVE ( 'NONE', #5172, #1704, #4655, .T. ) ;
#4976 = B_SPLINE_CURVE_WITH_KNOTS ( 'NONE', 3,
 ( #5389, #2578, #6366, #945 ),
 .UNSPECIFIED., .F., .F.,
 ( 4, 4 ),
 ( 2.000000000000000000, 3.000000000000000000 ),
 .UNSPECIFIED. ) ;
#4977 = DIRECTION ( 'NONE',  ( -0.0000000000000000000, -1.000000000000000000, -0.0000000000000000000 ) ) ;
#4978 = VERTEX_POINT ( 'NONE', #2241 ) ;
#4979 = CARTESIAN_POINT ( 'NONE',  ( 0.4711142215838566300, 0.7771829588656382600, 0.9300000000000000500 ) ) ;
#4980 = EDGE_CURVE ( 'NONE', #2062, #6935, #8894, .T. ) ;
#4981 = DIRECTION ( 'NONE',  ( -0.0000000000000000000, -0.0000000000000000000, 1.000000000000000000 ) ) ;
#4982 = ORIENTED_EDGE ( 'NONE', *, *, #824, .F. ) ;
#4983 = EDGE_LOOP ( 'NONE', ( #7580, #10269, #10634, #1151, #344, #9655, #9964 ) ) ;
#4984 = CARTESIAN_POINT ( 'NONE',  ( -0.6249999999999998900, -0.8750000000000000000, 0.0000000000000000000 ) ) ;
#4985 = VECTOR ( 'NONE', #6599, 1000.000000000000000 ) ;
#4986 = DIRECTION ( 'NONE',  ( 0.0000000000000000000, 1.000000000000000000, 0.0000000000000000000 ) ) ;
#4987 = CARTESIAN_POINT ( 'NONE',  ( 0.7611011652754009500, 0.7064749667899301600, 0.9400000000000000600 ) ) ;
#4988 = DIRECTION ( 'NONE',  ( -0.0000000000000000000, -0.0000000000000000000, 1.000000000000000000 ) ) ;
#4989 = DIRECTION ( 'NONE',  ( -1.000000000000000000, 1.047444401652940200E-014, 0.0000000000000000000 ) ) ;
#4990 = VERTEX_POINT ( 'NONE', #6484 ) ;
#4991 = SURFACE_STYLE_USAGE ( .BOTH. , #10065 ) ;
#4992 = VERTEX_POINT ( 'NONE', #7152 ) ;
#4993 = CARTESIAN_POINT ( 'NONE',  ( 0.6969044483808419800, 0.7744100964311586600, 0.9400000000000000600 ) ) ;
#4994 = CARTESIAN_POINT ( 'NONE',  ( 0.5653420289508036500, 0.6321523504689579000, 0.9400000000000000600 ) ) ;
#4995 = VECTOR ( 'NONE', #6410, 1000.000000000000000 ) ;
#4996 = EDGE_CURVE ( 'NONE', #5103, #2218, #6368, .T. ) ;
#4997 = PRESENTATION_LAYER_ASSIGNMENT (  '', '', ( #3855 ) ) ;
#4998 = DIRECTION ( 'NONE',  ( -0.0000000000000000000, -0.0000000000000000000, 1.000000000000000000 ) ) ;
#4999 = FILL_AREA_STYLE_COLOUR ( '', #9685 ) ;
#5000 = DIRECTION ( 'NONE',  ( -0.9445574604294411100, -0.3283461648125114400, 0.0000000000000000000 ) ) ;
#5001 = EDGE_CURVE ( 'NONE', #447, #2347, #2182, .T. ) ;
#5002 = CARTESIAN_POINT ( 'NONE',  ( 0.5445455606931641800, 0.6674568311062515400, 0.9300000000000000500 ) ) ;
#5003 = CARTESIAN_POINT ( 'NONE',  ( 0.5025069855725459200, 0.6554741041582921000, 0.9400000000000000600 ) ) ;
#5004 = B_SPLINE_SURFACE_WITH_KNOTS ( 'NONE', 3, 1, ( 
 ( #1705, #4184 ),
 ( #9262, #3333 ),
 ( #8439, #5886 ),
 ( #71, #5035 ) ),
 .UNSPECIFIED., .F., .F., .F.,
 ( 4, 4 ),
 ( 2, 2 ),
 ( 3.000000000000000000, 4.000000000000000000 ),
 ( 0.0000000000000000000, 1.000000000000000000 ),
 .UNSPECIFIED. ) ;
#5005 = CARTESIAN_POINT ( 'NONE',  ( 0.5510320781737000400, 0.6290328802305755800, 0.9300000000000000500 ) ) ;
#5006 = VERTEX_POINT ( 'NONE', #1863 ) ;
#5007 = EDGE_CURVE ( 'NONE', #4400, #7067, #1935, .T. ) ;
#5008 = ORIENTED_EDGE ( 'NONE', *, *, #7953, .T. ) ;
#5009 = CARTESIAN_POINT ( 'NONE',  ( 0.6680369698231981600, 0.7955531724926939700, 0.9400000000000000600 ) ) ;
#5010 = CARTESIAN_POINT ( 'NONE',  ( -0.07991432450440462400, 0.7691674029014183800, 0.9400000000000000600 ) ) ;
#5011 = VECTOR ( 'NONE', #2761, 1000.000000000000000 ) ;
#5012 = PRESENTATION_LAYER_ASSIGNMENT (  '', '', ( #3311 ) ) ;
#5013 = ORIENTED_EDGE ( 'NONE', *, *, #2014, .T. ) ;
#5014 = PLANE ( 'NONE',  #8341 ) ;
#5015 = ORIENTED_EDGE ( 'NONE', *, *, #8514, .F. ) ;
#5016 = ORIENTED_EDGE ( 'NONE', *, *, #10785, .T. ) ;
#5017 = CARTESIAN_POINT ( 'NONE',  ( 0.5157771129369606000, 0.7746576734339373200, 0.9300000000000000500 ) ) ;
#5018 = ORIENTED_EDGE ( 'NONE', *, *, #7462, .F. ) ;
#5019 = ADVANCED_FACE ( 'NONE', ( #8392 ), #7358, .F. ) ;
#5020 = CARTESIAN_POINT ( 'NONE',  ( 0.7339667257398894100, 0.6207638083283396600, 0.9400000000000000600 ) ) ;
#5021 = CARTESIAN_POINT ( 'NONE',  ( 0.7337934218372772500, 0.8712622200305831800, 0.9300000000000000500 ) ) ;
#5022 = VECTOR ( 'NONE', #7948, 1000.000000000000000 ) ;
#5023 = VECTOR ( 'NONE', #3786, 1000.000000000000000 ) ;
#5024 = DIRECTION ( 'NONE',  ( 1.000000000000000000, -4.336808689942017700E-016, 0.0000000000000000000 ) ) ;
#5025 = CARTESIAN_POINT ( 'NONE',  ( -0.07991432450440462400, 0.7312939247580169100, 0.9300000000000000500 ) ) ;
#5026 = ORIENTED_EDGE ( 'NONE', *, *, #3775, .F. ) ;
#5027 = ORIENTED_EDGE ( 'NONE', *, *, #4224, .F. ) ;
#5028 = CARTESIAN_POINT ( 'NONE',  ( 0.4730205645072783600, 0.7941172258752252600, 0.9300000000000000500 ) ) ;
#5029 = ORIENTED_EDGE ( 'NONE', *, *, #359, .T. ) ;
#5030 = FILL_AREA_STYLE_COLOUR ( '', #8001 ) ;
#5031 = CARTESIAN_POINT ( 'NONE',  ( 0.7996736623527519500, 0.6821629050887998400, 0.9300000000000000500 ) ) ;
#5032 = LINE ( 'NONE', #6333, #9280 ) ;
#5033 = SURFACE_STYLE_USAGE ( .BOTH. , #10104 ) ;
#5034 = CARTESIAN_POINT ( 'NONE',  ( -0.1249999999999998900, -0.8750000000000000000, -0.02000000000000000000 ) ) ;
#5035 = CARTESIAN_POINT ( 'NONE',  ( 0.5622225587120900400, 0.6449768392276955500, 0.9300000000000000500 ) ) ;
#5036 = ORIENTED_EDGE ( 'NONE', *, *, #1199, .T. ) ;
#5038 = PLANE ( 'NONE',  #2451 ) ;
#5037 = SURFACE_SIDE_STYLE ('',( #6934 ) ) ;
#5039 = ORIENTED_EDGE ( 'NONE', *, *, #9347, .F. ) ;
#5040 = CARTESIAN_POINT ( 'NONE',  ( 0.1672961807064048700, 0.6417747683330283800, 0.9400000000000000600 ) ) ;
#5041 = DIRECTION ( 'NONE',  ( -0.0000000000000000000, -0.0000000000000000000, -1.000000000000000000 ) ) ;
#5042 = COLOUR_RGB ( '',0.6666666666666666300, 0.6666666666666666300, 0.6666666666666666300 ) ;
#5043 = LINE ( 'NONE', #1914, #4769 ) ;
#5044 = SURFACE_SIDE_STYLE ('',( #522 ) ) ;
#5045 = FACE_OUTER_BOUND ( 'NONE', #2168, .T. ) ;
#5046 = CARTESIAN_POINT ( 'NONE',  ( 0.7403542124183174500, 0.8588833698775091300, 0.9400000000000000600 ) ) ;
#5047 = CARTESIAN_POINT ( 'NONE',  ( 0.6190414809160874600, 0.6378466215395937100, 0.9300000000000000500 ) ) ;
#5048 = ORIENTED_EDGE ( 'NONE', *, *, #10113, .T. ) ;
#5049 = CARTESIAN_POINT ( 'NONE',  ( 0.5345929651700160900, 0.6603266134181407000, 0.9400000000000000600 ) ) ;
#5050 = ORIENTED_EDGE ( 'NONE', *, *, #7382, .T. ) ;
#5051 = B_SPLINE_CURVE_WITH_KNOTS ( 'NONE', 3,
 ( #7185, #6776, #10628, #10774 ),
 .UNSPECIFIED., .F., .F.,
 ( 4, 4 ),
 ( 13.00000000000000000, 14.00000000000000000 ),
 .UNSPECIFIED. ) ;
#5052 = LINE ( 'NONE', #10010, #9024 ) ;
#5053 = FACE_OUTER_BOUND ( 'NONE', #8262, .T. ) ;
#5054 = DIRECTION ( 'NONE',  ( 0.0000000000000000000, 0.0000000000000000000, 1.000000000000000000 ) ) ;
#5055 =( NAMED_UNIT ( * ) PLANE_ANGLE_UNIT ( ) SI_UNIT ( $, .RADIAN. ) );
#5056 = PRESENTATION_LAYER_ASSIGNMENT (  '', '', ( #3353 ) ) ;
#5057 = CARTESIAN_POINT ( 'NONE',  ( 0.7471625800028051100, 0.8712622200305831800, 0.9300000000000000500 ) ) ;
#5058 = LINE ( 'NONE', #6381, #4789 ) ;
#5059 = DIRECTION ( 'NONE',  ( -1.000000000000000000, -0.0000000000000000000, -0.0000000000000000000 ) ) ;
#5060 = ORIENTED_EDGE ( 'NONE', *, *, #5440, .T. ) ;
#5061 = ORIENTED_EDGE ( 'NONE', *, *, #7025, .T. ) ;
#5062 = ORIENTED_EDGE ( 'NONE', *, *, #1798, .F. ) ;
#5063 = LINE ( 'NONE', #3681, #2845 ) ;
#5064 = EDGE_CURVE ( 'NONE', #7735, #5887, #2134, .T. ) ;
#5065 = EDGE_CURVE ( 'NONE', #80, #3582, #3835, .T. ) ;
#5066 = UNCERTAINTY_MEASURE_WITH_UNIT (LENGTH_MEASURE( 1.000000000000000100E-005 ), #7916, 'distance_accuracy_value', 'NONE');
#5067 = DIRECTION ( 'NONE',  ( -0.9903286039881383800, -0.1387416884822467400, -0.0000000000000000000 ) ) ;
#5068 = DIRECTION ( 'NONE',  ( 1.000000000000000000, -4.336808689942017700E-016, 0.0000000000000000000 ) ) ;
#5069 = DIRECTION ( 'NONE',  ( -0.0000000000000000000, -0.0000000000000000000, -1.000000000000000000 ) ) ;
#5070 = EDGE_CURVE ( 'NONE', #7291, #5473, #6114, .T. ) ;
#5071 = CARTESIAN_POINT ( 'NONE',  ( 0.6050533802426096800, 0.5881826747243045200, 0.9300000000000000500 ) ) ;
#5072 = ORIENTED_EDGE ( 'NONE', *, *, #3791, .T. ) ;
#5073 = PLANE ( 'NONE',  #2842 ) ;
#5074 = ORIENTED_EDGE ( 'NONE', *, *, #7301, .T. ) ;
#5075 = PRESENTATION_STYLE_ASSIGNMENT (( #6649 ) ) ;
#5076 = ADVANCED_FACE ( 'NONE', ( #8134 ), #5548, .F. ) ;
#5078 = CARTESIAN_POINT ( 'NONE',  ( 0.4643801271002033200, 0.8586357928740651100, 0.9400000000000000600 ) ) ;
#5077 = CARTESIAN_POINT ( 'NONE',  ( 0.4078582973002071200, 0.7064749667899272700, 0.9400000000000000600 ) ) ;
#5079 = CARTESIAN_POINT ( 'NONE',  ( 0.1872658433254813200, 0.6204279093409176300, 0.9300000000000000500 ) ) ;
#5080 = CARTESIAN_POINT ( 'NONE',  ( 0.4802002975962708100, 0.6816677510825681600, 0.9300000000000000500 ) ) ;
#5081 = UNCERTAINTY_MEASURE_WITH_UNIT (LENGTH_MEASURE( 1.000000000000000100E-005 ), #4489, 'distance_accuracy_value', 'NONE');
#5082 = EDGE_CURVE ( 'NONE', #2573, #6084, #3507, .T. ) ;
#5083 = AXIS2_PLACEMENT_3D ( 'NONE', #5113, #184, #1054 ) ;
#5084 = CARTESIAN_POINT ( 'NONE',  ( 0.4503920264270551700, 0.8210040884079528000, 0.9400000000000000600 ) ) ;
#5085 =( NAMED_UNIT ( * ) PLANE_ANGLE_UNIT ( ) SI_UNIT ( $, .RADIAN. ) );
#5086 = ORIENTED_EDGE ( 'NONE', *, *, #1731, .F. ) ;
#5087 = CARTESIAN_POINT ( 'NONE',  ( 0.8128200012164387100, 0.6704277551429660400, 0.9400000000000000600 ) ) ;
#5088 = ORIENTED_EDGE ( 'NONE', *, *, #10508, .F. ) ;
#5089 = EDGE_CURVE ( 'NONE', #10796, #2402, #8708, .T. ) ;
#5090 = VECTOR ( 'NONE', #4270, 1000.000000000000000 ) ;
#5091 = LINE ( 'NONE', #1635, #2859 ) ;
#5092 = CARTESIAN_POINT ( 'NONE',  ( 0.8684505538054236900, 0.7176159319277641800, 0.9400000000000000600 ) ) ;
#5093 = CARTESIAN_POINT ( 'NONE',  ( -0.01174206647338270300, 0.8414712763175875600, 0.9400000000000000600 ) ) ;
#5094 = CARTESIAN_POINT ( 'NONE',  ( 0.2733419037463276100, 0.7161445019787834300, 0.9400000000000000600 ) ) ;
#5095 =( NAMED_UNIT ( * ) SI_UNIT ( $, .STERADIAN. ) SOLID_ANGLE_UNIT ( ) );
#5096 = FILL_AREA_STYLE_COLOUR ( '', #10814 ) ;
#5097 = EDGE_LOOP ( 'NONE', ( #5405, #3682, #8595, #1280 ) ) ;
#5098 = CARTESIAN_POINT ( 'NONE',  ( -0.8749999999999995600, 0.1250000000000029400, -0.02000000000000000000 ) ) ;
#5099 = VECTOR ( 'NONE', #9981, 1000.000000000000000 ) ;
#5100 =( GEOMETRIC_REPRESENTATION_CONTEXT ( 3 ) GLOBAL_UNCERTAINTY_ASSIGNED_CONTEXT ( ( #4657 ) ) GLOBAL_UNIT_ASSIGNED_CONTEXT ( ( #1243, #897, #398 ) ) REPRESENTATION_CONTEXT ( 'NONE', 'WORKASPACE' ) );
#5101 = DIRECTION ( 'NONE',  ( -0.0000000000000000000, -0.0000000000000000000, -1.000000000000000000 ) ) ;
#5102 = DIRECTION ( 'NONE',  ( 0.3315284183576288100, 0.9434452330799542000, -0.0000000000000000000 ) ) ;
#5103 = VERTEX_POINT ( 'NONE', #8663 ) ;
#5104 = ORIENTED_EDGE ( 'NONE', *, *, #7010, .T. ) ;
#5105 = PLANE ( 'NONE',  #710 ) ;
#5106 = PRESENTATION_LAYER_ASSIGNMENT (  '', '', ( #4543 ) ) ;
#5107 = EDGE_LOOP ( 'NONE', ( #6019, #6808, #3968, #2490 ) ) ;
#5108 = DIRECTION ( 'NONE',  ( -0.3385350343141482800, -0.9409537876760570900, 0.0000000000000000000 ) ) ;
#5109 = VECTOR ( 'NONE', #5102, 1000.000000000000000 ) ;
#5110 = PLANE ( 'NONE',  #9859 ) ;
#5111 = SURFACE_STYLE_USAGE ( .BOTH. , #10174 ) ;
#5112 = ORIENTED_EDGE ( 'NONE', *, *, #4000, .F. ) ;
#5113 = CARTESIAN_POINT ( 'NONE',  ( 0.6172341687937833400, 0.6322513812700694100, 0.9400000000000000600 ) ) ;
#5114 = DIRECTION ( 'NONE',  ( -0.0000000000000000000, -0.0000000000000000000, -1.000000000000000000 ) ) ;
#5115 = ORIENTED_EDGE ( 'NONE', *, *, #9094, .F. ) ;
#5117 = CARTESIAN_POINT ( 'NONE',  ( 0.004095928223868394700, 0.8400940602442806800, 0.9300000000000000500 ) ) ;
#5116 = CARTESIAN_POINT ( 'NONE',  ( 0.6250000000000001100, -0.6250000000000000000, -0.02000000000000000000 ) ) ;
#5118 = ORIENTED_EDGE ( 'NONE', *, *, #10042, .F. ) ;
#5119 = CARTESIAN_POINT ( 'NONE',  ( 0.3070837402359121700, 0.6693191160733893400, 0.9300000000000000500 ) ) ;
#5120 = CARTESIAN_POINT ( 'NONE',  ( 0.6250000000000040000, 0.3749999999999936200, -0.02000000000000000000 ) ) ;
#5121 = ORIENTED_EDGE ( 'NONE', *, *, #6008, .T. ) ;
#5122 =( LENGTH_UNIT ( ) NAMED_UNIT ( * ) SI_UNIT ( .MILLI., .METRE. ) );
#5123 = DIRECTION ( 'NONE',  ( 1.000000000000000000, -3.925162207837335900E-015, 0.0000000000000000000 ) ) ;
#5124 = CARTESIAN_POINT ( 'NONE',  ( 0.5934915341993809400, 0.5985809088531275400, 0.9300000000000000500 ) ) ;
#5125 = CARTESIAN_POINT ( 'NONE',  ( 0.8750000000000040000, 0.3749999999999909000, -0.02000000000000000000 ) ) ;
#5126 = AXIS2_PLACEMENT_3D ( 'NONE', #10772, #754, #6587 ) ;
#5127 = ORIENTED_EDGE ( 'NONE', *, *, #619, .F. ) ;
#5128 = ADVANCED_FACE ( 'NONE', ( #1675 ), #8519, .F. ) ;
#5129 = CARTESIAN_POINT ( 'NONE',  ( -0.8749999999999978900, 0.6250000000000028900, -0.02000000000000000000 ) ) ;
#5130 = VERTEX_POINT ( 'NONE', #9205 ) ;
#5131 = ORIENTED_EDGE ( 'NONE', *, *, #8653, .T. ) ;
#5132 = B_SPLINE_CURVE_WITH_KNOTS ( 'NONE', 3,
 ( #10336, #9852, #10351, #10371 ),
 .UNSPECIFIED., .F., .F.,
 ( 4, 4 ),
 ( 10.00000000000000000, 11.00000000000000000 ),
 .UNSPECIFIED. ) ;
#5133 = DIRECTION ( 'NONE',  ( -1.000000000000000000, -0.0000000000000000000, -0.0000000000000000000 ) ) ;
#5134 = CARTESIAN_POINT ( 'NONE',  ( 0.02268835506805512800, 0.8621295371230174300, 0.9300000000000000500 ) ) ;
#5135 = SURFACE_STYLE_FILL_AREA ( #7999 ) ;
#5136 = DIRECTION ( 'NONE',  ( -0.0000000000000000000, 0.0000000000000000000, -1.000000000000000000 ) ) ;
#5137 = DIRECTION ( 'NONE',  ( 0.1387416884822467400, -0.9903286039881384900, 0.0000000000000000000 ) ) ;
#5138 = CARTESIAN_POINT ( 'NONE',  ( 0.4658160737180047600, 0.6732996483785580500, 0.9300000000000000500 ) ) ;
#5139 = UNCERTAINTY_MEASURE_WITH_UNIT (LENGTH_MEASURE( 1.000000000000000100E-005 ), #7006, 'distance_accuracy_value', 'NONE');
#5140 = DIRECTION ( 'NONE',  ( -0.3559357243698839700, -0.9345104387417435500, -0.0000000000000000000 ) ) ;
#5141 = CARTESIAN_POINT ( 'NONE',  ( 0.7400571200149771400, 0.8588833698775091300, 0.9400000000000000600 ) ) ;
#5142 = DIRECTION ( 'NONE',  ( -0.0000000000000000000, -1.000000000000000000, -0.0000000000000000000 ) ) ;
#5143 = DIRECTION ( 'NONE',  ( -2.126937491058482100E-014, 1.000000000000000000, 0.0000000000000000000 ) ) ;
#5144 = ORIENTED_EDGE ( 'NONE', *, *, #4931, .T. ) ;
#5145 = AXIS2_PLACEMENT_3D ( 'NONE', #9724, #10791, #10691 ) ;
#5146 = EDGE_LOOP ( 'NONE', ( #6236, #6515, #186 ) ) ;
#5147 = ORIENTED_EDGE ( 'NONE', *, *, #7277, .T. ) ;
#5148 = FACE_OUTER_BOUND ( 'NONE', #887, .T. ) ;
#5149 = CARTESIAN_POINT ( 'NONE',  ( 0.4979020533154743800, 0.7839170533486318200, 0.9300000000000000500 ) ) ;
#5150 = VECTOR ( 'NONE', #6037, 1000.000000000000000 ) ;
#5151 =( NAMED_UNIT ( * ) SI_UNIT ( $, .STERADIAN. ) SOLID_ANGLE_UNIT ( ) );
#5152 = MECHANICAL_DESIGN_GEOMETRIC_PRESENTATION_REPRESENTATION (  '', ( #2888 ), #5724 ) ;
#5153 = ADVANCED_FACE ( 'NONE', ( #2825 ), #9269, .F. ) ;
#5154 = CARTESIAN_POINT ( 'NONE',  ( -0.9999999999999997800, -1.000000000000000200, 0.0000000000000000000 ) ) ;
#5155 = EDGE_CURVE ( 'NONE', #5307, #10237, #10501, .T. ) ;
#5156 = ORIENTED_EDGE ( 'NONE', *, *, #4709, .F. ) ;
#5157 = ORIENTED_EDGE ( 'NONE', *, *, #7009, .T. ) ;
#5158 = ORIENTED_EDGE ( 'NONE', *, *, #10189, .F. ) ;
#5159 = EDGE_CURVE ( 'NONE', #8754, #1090, #4243, .T. ) ;
#5160 = SURFACE_STYLE_FILL_AREA ( #6039 ) ;
#5162 = CARTESIAN_POINT ( 'NONE',  ( 0.7982129580350048000, 0.6343310280960995400, 0.9400000000000000600 ) ) ;
#5161 = CARTESIAN_POINT ( 'NONE',  ( 0.2258279196549056700, 0.6204279093409176300, 0.9300000000000000500 ) ) ;
#5163 = CARTESIAN_POINT ( 'NONE',  ( 0.5912633411720135100, 0.5985809088531275400, 0.9400000000000000600 ) ) ;
#5164 = DIRECTION ( 'NONE',  ( -0.0000000000000000000, -0.0000000000000000000, -1.000000000000000000 ) ) ;
#5165 = CARTESIAN_POINT ( 'NONE',  ( 0.6769249842330500300, 0.8584377312718356500, 0.9300000000000000500 ) ) ;
#5166 = DIRECTION ( 'NONE',  ( 3.925162207837335900E-015, 1.000000000000000000, 0.0000000000000000000 ) ) ;
#5167 = EDGE_CURVE ( 'NONE', #1625, #7003, #8772, .T. ) ;
#5168 = CARTESIAN_POINT ( 'NONE',  ( 0.5498437085590167600, 0.6191298001079786900, 0.9400000000000000600 ) ) ;
#5169 = ORIENTED_EDGE ( 'NONE', *, *, #10649, .T. ) ;
#5170 =( NAMED_UNIT ( * ) PLANE_ANGLE_UNIT ( ) SI_UNIT ( $, .RADIAN. ) );
#5171 = DIRECTION ( 'NONE',  ( 0.3416038306902637300, -0.9398440417738135300, 0.0000000000000000000 ) ) ;
#5172 = VERTEX_POINT ( 'NONE', #9169 ) ;
#5173 = ORIENTED_EDGE ( 'NONE', *, *, #4786, .T. ) ;
#5175 = EDGE_LOOP ( 'NONE', ( #10532, #2881, #598, #9131 ) ) ;
#5174 = PLANE ( 'NONE',  #5423 ) ;
#5176 = PRESENTATION_STYLE_ASSIGNMENT (( #9045 ) ) ;
#5177 = MECHANICAL_DESIGN_GEOMETRIC_PRESENTATION_REPRESENTATION (  '', ( #3469 ), #5745 ) ;
#5178 = FACE_OUTER_BOUND ( 'NONE', #7157, .T. ) ;
#5179 = PRESENTATION_STYLE_ASSIGNMENT (( #248 ) ) ;
#5180 = CARTESIAN_POINT ( 'NONE',  ( 0.09499226788739424700, 0.6438406154277834800, 0.9400000000000000600 ) ) ;
#5181 =( LENGTH_UNIT ( ) NAMED_UNIT ( * ) SI_UNIT ( .MILLI., .METRE. ) );
#5182 = CARTESIAN_POINT ( 'NONE',  ( 0.09499226788739424700, 0.6507267023633703800, 0.9400000000000000600 ) ) ;
#5183 = CARTESIAN_POINT ( 'NONE',  ( 0.2237620725598240000, 0.6624330291384651300, 0.9300000000000000500 ) ) ;
#5184 = CARTESIAN_POINT ( 'NONE',  ( 0.5473431808279249900, 0.6790929502503110200, 0.9300000000000000500 ) ) ;
#5185 = ORIENTED_EDGE ( 'NONE', *, *, #3536, .T. ) ;
#5186 = ORIENTED_EDGE ( 'NONE', *, *, #1524, .T. ) ;
#5187 = CARTESIAN_POINT ( 'NONE',  ( 0.6783856885514542000, 0.8358091931916126200, 0.9400000000000000600 ) ) ;
#5188 = ORIENTED_EDGE ( 'NONE', *, *, #8972, .T. ) ;
#5189 = CARTESIAN_POINT ( 'NONE',  ( 0.7603584342663902700, 0.8009008357594334900, 0.9400000000000000600 ) ) ;
#5190 = MECHANICAL_DESIGN_GEOMETRIC_PRESENTATION_REPRESENTATION (  '', ( #3481 ), #5752 ) ;
#5191 = LINE ( 'NONE', #10460, #4644 ) ;
#5192 = CARTESIAN_POINT ( 'NONE',  ( 0.7819719066338751700, 0.7034545273520029800, 0.9400000000000000600 ) ) ;
#5193 = ORIENTED_EDGE ( 'NONE', *, *, #10015, .T. ) ;
#5194 = CARTESIAN_POINT ( 'NONE',  ( 0.2492405994734337400, 0.7698559748191087200, 0.9400000000000000600 ) ) ;
#5195 = EDGE_LOOP ( 'NONE', ( #1011, #2219, #4896, #10663 ) ) ;
#5196 = SURFACE_SIDE_STYLE ('',( #9994 ) ) ;
#5197 = LINE ( 'NONE', #2976, #7195 ) ;
#5198 = VECTOR ( 'NONE', #2478, 1000.000000000000000 ) ;
#5199 = ORIENTED_EDGE ( 'NONE', *, *, #337, .T. ) ;
#5200 = MECHANICAL_DESIGN_GEOMETRIC_PRESENTATION_REPRESENTATION (  '', ( #3495 ), #5764 ) ;
#5202 = CARTESIAN_POINT ( 'NONE',  ( 0.2733419037463276100, 0.7161445019787834300, 0.9400000000000000600 ) ) ;
#5201 = CARTESIAN_POINT ( 'NONE',  ( -0.04135224160789507200, 0.8414712763175875600, 0.9400000000000000600 ) ) ;
#5203 = DIRECTION ( 'NONE',  ( -0.0000000000000000000, -0.0000000000000000000, -1.000000000000000000 ) ) ;
#5204 = CARTESIAN_POINT ( 'NONE',  ( 0.5436542834821478400, 0.6723588557673174600, 0.9300000000000000500 ) ) ;
#5205 = ORIENTED_EDGE ( 'NONE', *, *, #6711, .F. ) ;
#5206 = SURFACE_SIDE_STYLE ('',( #4783 ) ) ;
#5207 = UNCERTAINTY_MEASURE_WITH_UNIT (LENGTH_MEASURE( 1.000000000000000100E-005 ), #2467, 'distance_accuracy_value', 'NONE');
#5208 = ORIENTED_EDGE ( 'NONE', *, *, #6225, .T. ) ;
#5209 = VECTOR ( 'NONE', #1959, 1000.000000000000000 ) ;
#5210 = LINE ( 'NONE', #3055, #2713 ) ;
#5211 = CARTESIAN_POINT ( 'NONE',  ( 0.7893249436251499300, 0.6419068843898757500, 0.9300000000000000500 ) ) ;
#5212 = DIRECTION ( 'NONE',  ( -1.000000000000000000, 1.090812488552360300E-014, 0.0000000000000000000 ) ) ;
#5213 = CARTESIAN_POINT ( 'NONE',  ( -0.04892693329625855100, 0.8001547941092382900, 0.9400000000000000600 ) ) ;
#5214 = ADVANCED_FACE ( 'NONE', ( #6496 ), #8872, .F. ) ;
#5215 = B_SPLINE_CURVE_WITH_KNOTS ( 'NONE', 3,
 ( #8933, #2205, #2984, #8901 ),
 .UNSPECIFIED., .F., .F.,
 ( 4, 4 ),
 ( 1.000000000000000000, 2.000000000000000000 ),
 .UNSPECIFIED. ) ;
#5216 = CARTESIAN_POINT ( 'NONE',  ( 0.6178035959001904100, 0.6335387816865267800, 0.9400000000000000600 ) ) ;
#5217 = VERTEX_POINT ( 'NONE', #9133 ) ;
#5218 = CARTESIAN_POINT ( 'NONE',  ( 0.3160356479979080600, 0.7168331264331474500, 0.9400000000000000600 ) ) ;
#5219 = CARTESIAN_POINT ( 'NONE',  ( 0.5389255627236907400, 0.6860251063361897400, 0.9400000000000000600 ) ) ;
#5220 = ORIENTED_EDGE ( 'NONE', *, *, #4939, .F. ) ;
#5221 = VECTOR ( 'NONE', #4437, 1000.000000000000000 ) ;
#5222 = FACE_OUTER_BOUND ( 'NONE', #3204, .T. ) ;
#5223 = DIRECTION ( 'NONE',  ( 0.0000000000000000000, -1.000000000000000000, 0.0000000000000000000 ) ) ;
#5224 = FILL_AREA_STYLE ('',( #9812 ) ) ;
#5225 = EDGE_CURVE ( 'NONE', #5570, #3656, #10706, .T. ) ;
#5226 = STYLED_ITEM ( 'NONE', ( #5231 ), #7748 ) ;
#5227 = EDGE_CURVE ( 'NONE', #44, #470, #1794, .T. ) ;
#5228 = AXIS2_PLACEMENT_3D ( 'NONE', #9048, #1474, #7191 ) ;
#5229 = ORIENTED_EDGE ( 'NONE', *, *, #9817, .T. ) ;
#5230 = FACE_OUTER_BOUND ( 'NONE', #8638, .T. ) ;
#5231 = PRESENTATION_STYLE_ASSIGNMENT (( #982 ) ) ;
#5232 = SURFACE_SIDE_STYLE ('',( #9411 ) ) ;
#5233 = EDGE_CURVE ( 'NONE', #6598, #6158, #3969, .T. ) ;
#5234 = ADVANCED_FACE ( 'NONE', ( #10209 ), #7065, .F. ) ;
#5235 = PLANE ( 'NONE',  #7296 ) ;
#5236 = CARTESIAN_POINT ( 'NONE',  ( 0.02544278721532577900, 0.6700077142594130800, 0.9400000000000000600 ) ) ;
#5237 = DIRECTION ( 'NONE',  ( 1.047444401652940000E-014, 1.000000000000000000, 0.0000000000000000000 ) ) ;
#5238 = VERTEX_POINT ( 'NONE', #8983 ) ;
#5239 = DIRECTION ( 'NONE',  ( -1.000000000000000000, 0.0000000000000000000, 0.0000000000000000000 ) ) ;
#5240 = CARTESIAN_POINT ( 'NONE',  ( 0.2106785231440085300, 0.8614409290860360900, 0.9400000000000000600 ) ) ;
#5241 = FACE_OUTER_BOUND ( 'NONE', #10795, .T. ) ;
#5242 = CARTESIAN_POINT ( 'NONE',  ( 0.4736890224157845300, 0.8508618749780546600, 0.9400000000000000600 ) ) ;
#5243 = CARTESIAN_POINT ( 'NONE',  ( 0.7400571200149771400, 0.8588833698775091300, 0.9400000000000000600 ) ) ;
#5244 =( NAMED_UNIT ( * ) SI_UNIT ( $, .STERADIAN. ) SOLID_ANGLE_UNIT ( ) );
#5245 = EDGE_CURVE ( 'NONE', #6365, #1401, #5968, .T. ) ;
#5246 = AXIS2_PLACEMENT_3D ( 'NONE', #9124, #7460, #3965 ) ;
#5247 = AXIS2_PLACEMENT_3D ( 'NONE', #7523, #543, #10398 ) ;
#5248 =( LENGTH_UNIT ( ) NAMED_UNIT ( * ) SI_UNIT ( .MILLI., .METRE. ) );
#5249 = CARTESIAN_POINT ( 'NONE',  ( -0.07922573945254762800, 0.6383317248649100800, 0.9400000000000000600 ) ) ;
#5250 = ADVANCED_FACE ( 'NONE', ( #1549 ), #10116, .F. ) ;
#5251 = CARTESIAN_POINT ( 'NONE',  ( -0.03928643391532113400, 0.6218051319819646300, 0.9300000000000000500 ) ) ;
#5252 = ORIENTED_EDGE ( 'NONE', *, *, #10194, .F. ) ;
#5253 = DIRECTION ( 'NONE',  ( 0.0000000000000000000, 0.0000000000000000000, 1.000000000000000000 ) ) ;
#5254 = VECTOR ( 'NONE', #10430, 1000.000000000000000 ) ;
#5255 = VECTOR ( 'NONE', #10522, 1000.000000000000000 ) ;
#5256 = DIRECTION ( 'NONE',  ( -0.0000000000000000000, -0.0000000000000000000, -1.000000000000000000 ) ) ;
#5257 = CARTESIAN_POINT ( 'NONE',  ( 0.5168664517505301400, 0.8715593124345798500, 0.9300000000000000500 ) ) ;
#5258 = CARTESIAN_POINT ( 'NONE',  ( 0.2871140776165034800, 0.7946458904121934700, 0.9300000000000000500 ) ) ;
#5259 = CARTESIAN_POINT ( 'NONE',  ( 0.8749999999999998900, 0.8749999999999998900, 0.0000000000000000000 ) ) ;
#5260 = CARTESIAN_POINT ( 'NONE',  ( -0.6249999999999998900, -0.8750000000000000000, -0.02000000000000000000 ) ) ;
#5261 = ORIENTED_EDGE ( 'NONE', *, *, #5847, .T. ) ;
#5262 = CARTESIAN_POINT ( 'NONE',  ( 0.5934915341993809400, 0.5985809088531275400, 0.9400000000000000600 ) ) ;
#5263 = ORIENTED_EDGE ( 'NONE', *, *, #9052, .T. ) ;
#5264 = ORIENTED_EDGE ( 'NONE', *, *, #6045, .F. ) ;
#5265 = DIRECTION ( 'NONE',  ( 3.491481338843134100E-015, 1.000000000000000000, 0.0000000000000000000 ) ) ;
#5266 = CARTESIAN_POINT ( 'NONE',  ( 0.5643022055381180500, 0.6432438002062300700, 0.9300000000000000500 ) ) ;
#5267 = VERTEX_POINT ( 'NONE', #9962 ) ;
#5268 = CARTESIAN_POINT ( 'NONE',  ( 0.7339667257398894100, 0.6207638083283396600, 0.9300000000000000500 ) ) ;
#5269 = ADVANCED_FACE ( 'NONE', ( #8256 ), #8367, .T. ) ;
#5270 = VERTEX_POINT ( 'NONE', #9933 ) ;
#5271 = CARTESIAN_POINT ( 'NONE',  ( -0.001412949204835072700, 0.6583013612159794900, 0.9400000000000000600 ) ) ;
#5272 = FILL_AREA_STYLE_COLOUR ( '', #2299 ) ;
#5273 = DIRECTION ( 'NONE',  ( 0.0000000000000000000, 0.0000000000000000000, -1.000000000000000000 ) ) ;
#5274 = CARTESIAN_POINT ( 'NONE',  ( 0.4590572215344044200, 0.6392825681577188900, 0.9300000000000000500 ) ) ;
#5275 = CARTESIAN_POINT ( 'NONE',  ( -0.3750000000000001100, 0.8750000000000000000, 0.0000000000000000000 ) ) ;
#5276 = DIRECTION ( 'NONE',  ( -0.0000000000000000000, -0.0000000000000000000, -1.000000000000000000 ) ) ;
#5277 = ORIENTED_EDGE ( 'NONE', *, *, #9495, .F. ) ;
#5278 = VECTOR ( 'NONE', #10612, 1000.000000000000000 ) ;
#5279 = PLANE ( 'NONE',  #5228 ) ;
#5280 = VERTEX_POINT ( 'NONE', #9753 ) ;
#5281 = CARTESIAN_POINT ( 'NONE',  ( 0.4658160737180047600, 0.6850843137249499300, 0.9400000000000000600 ) ) ;
#5282 = CARTESIAN_POINT ( 'NONE',  ( 0.7996736623527519500, 0.6700811473390668700, 0.9300000000000000500 ) ) ;
#5283 = PRESENTATION_LAYER_ASSIGNMENT (  '', '', ( #4123 ) ) ;
#5284 = UNCERTAINTY_MEASURE_WITH_UNIT (LENGTH_MEASURE( 1.000000000000000100E-005 ), #4490, 'distance_accuracy_value', 'NONE');
#5285 = CARTESIAN_POINT ( 'NONE',  ( -0.6249999999999998900, -0.6250000000000000000, 0.0000000000000000000 ) ) ;
#5286 = CARTESIAN_POINT ( 'NONE',  ( 0.6635805837678008200, 0.6207638083283396600, 0.9400000000000000600 ) ) ;
#5287 = B_SPLINE_CURVE_WITH_KNOTS ( 'NONE', 3,
 ( #262, #8449, #6965, #8579 ),
 .UNSPECIFIED., .F., .F.,
 ( 4, 4 ),
 ( 6.000000000000000000, 7.000000000000000000 ),
 .UNSPECIFIED. ) ;
#5288 = ORIENTED_EDGE ( 'NONE', *, *, #10765, .T. ) ;
#5289 = DIRECTION ( 'NONE',  ( -0.0000000000000000000, -0.0000000000000000000, -1.000000000000000000 ) ) ;
#5290 = ORIENTED_EDGE ( 'NONE', *, *, #6428, .F. ) ;
#5291 = CARTESIAN_POINT ( 'NONE',  ( 0.5580880227609703600, 0.6599800056135877200, 0.9400000000000000600 ) ) ;
#5292 = DIRECTION ( 'NONE',  ( -0.0000000000000000000, 1.000000000000000000, -0.0000000000000000000 ) ) ;
#5293 = EDGE_LOOP ( 'NONE', ( #737, #247, #2790, #6746 ) ) ;
#5294 = PRESENTATION_STYLE_ASSIGNMENT (( #7981 ) ) ;
#5295 = EDGE_CURVE ( 'NONE', #8571, #9690, #3458, .T. ) ;
#5296 = EDGE_CURVE ( 'NONE', #8746, #10682, #8000, .T. ) ;
#5297 = DIRECTION ( 'NONE',  ( 1.000000000000000000, -0.0000000000000000000, -0.0000000000000000000 ) ) ;
#5298 = DIRECTION ( 'NONE',  ( -0.6951582048693604200, -0.7188567800353615800, -0.0000000000000000000 ) ) ;
#5299 = ORIENTED_EDGE ( 'NONE', *, *, #8842, .F. ) ;
#5300 = LINE ( 'NONE', #6102, #865 ) ;
#5301 = EDGE_CURVE ( 'NONE', #3920, #2738, #9928, .T. ) ;
#5302 = CARTESIAN_POINT ( 'NONE',  ( 0.4550464740846773000, 0.8491288359565890600, 0.9400000000000000600 ) ) ;
#5303 = ORIENTED_EDGE ( 'NONE', *, *, #7095, .F. ) ;
#5304 = EDGE_LOOP ( 'NONE', ( #590, #9206, #8129, #10473, #8815, #7032, #1281, #6650, #4756, #3000, #2852, #3386 ) ) ;
#5305 = ADVANCED_FACE ( 'NONE', ( #3184 ), #125, .F. ) ;
#5306 = EDGE_CURVE ( 'NONE', #470, #3988, #2932, .T. ) ;
#5307 = VERTEX_POINT ( 'NONE', #10156 ) ;
#5308 = DIRECTION ( 'NONE',  ( 0.0000000000000000000, 0.0000000000000000000, 1.000000000000000000 ) ) ;
#5309 = AXIS2_PLACEMENT_3D ( 'NONE', #5615, #2799, #3115 ) ;
#5310 = FACE_OUTER_BOUND ( 'NONE', #7285, .T. ) ;
#5311 = CARTESIAN_POINT ( 'NONE',  ( 0.5436542834821478400, 0.6751317182011412600, 0.9400000000000000600 ) ) ;
#5312 = VECTOR ( 'NONE', #9643, 1000.000000000000200 ) ;
#5313 = EDGE_CURVE ( 'NONE', #7469, #5966, #5132, .T. ) ;
#5314 = DIRECTION ( 'NONE',  ( 1.000000000000000000, -0.0000000000000000000, -0.0000000000000000000 ) ) ;
#5315 = ORIENTED_EDGE ( 'NONE', *, *, #2216, .F. ) ;
#5316 = ORIENTED_EDGE ( 'NONE', *, *, #9471, .T. ) ;
#5317 = EDGE_CURVE ( 'NONE', #3925, #3921, #7738, .T. ) ;
#5318 = CARTESIAN_POINT ( 'NONE',  ( 0.5976755855513886700, 0.6899368229848047400, 0.9400000000000000600 ) ) ;
#5319 = VERTEX_POINT ( 'NONE', #6561 ) ;
#5320 =( NAMED_UNIT ( * ) PLANE_ANGLE_UNIT ( ) SI_UNIT ( $, .RADIAN. ) );
#5321 = CARTESIAN_POINT ( 'NONE',  ( -0.8749999999999995600, 0.1250000000000029400, -0.0000000000000000000 ) ) ;
#5322 = VECTOR ( 'NONE', #2552, 1000.000000000000000 ) ;
#5323 = CARTESIAN_POINT ( 'NONE',  ( -0.01105345515318837700, 0.8001547941092382900, 0.9400000000000000600 ) ) ;
#5324 = EDGE_CURVE ( 'NONE', #6618, #6251, #7187, .T. ) ;
#5325 = COLOUR_RGB ( '',0.6666666666666666300, 0.6666666666666666300, 0.6666666666666666300 ) ;
#5326 = SURFACE_STYLE_FILL_AREA ( #2432 ) ;
#5327 = CARTESIAN_POINT ( 'NONE',  ( 0.02544278721532577900, 0.6162962151507489500, 0.9400000000000000600 ) ) ;
#5328 = ORIENTED_EDGE ( 'NONE', *, *, #769, .T. ) ;
#5329 = ORIENTED_EDGE ( 'NONE', *, *, #4909, .F. ) ;
#5330 = CARTESIAN_POINT ( 'NONE',  ( 0.5943828114103957300, 0.7854520307678748400, 0.9400000000000000600 ) ) ;
#5331 = ADVANCED_FACE ( 'NONE', ( #2689 ), #4632, .F. ) ;
#5332 = EDGE_LOOP ( 'NONE', ( #3202, #9320, #2615, #2772 ) ) ;
#5333 = PLANE ( 'NONE',  #8800 ) ;
#5335 = CARTESIAN_POINT ( 'NONE',  ( 0.5025069855725459200, 0.6314591348604966500, 0.9400000000000000600 ) ) ;
#5334 = LINE ( 'NONE', #4631, #3321 ) ;
#5336 = CARTESIAN_POINT ( 'NONE',  ( 0.6249999999999998900, 0.6250000000000000000, -0.02000000000000000000 ) ) ;
#5337 = CARTESIAN_POINT ( 'NONE',  ( 0.8750000000000001100, -0.8750000000000000000, -0.0000000000000000000 ) ) ;
#5338 = LINE ( 'NONE', #5161, #904 ) ;
#5339 = CARTESIAN_POINT ( 'NONE',  ( 0.1927746813516781300, 0.6624330291384651300, 0.9300000000000000500 ) ) ;
#5340 = ORIENTED_EDGE ( 'NONE', *, *, #5452, .T. ) ;
#5341 = EDGE_LOOP ( 'NONE', ( #850, #8319, #54, #3229 ) ) ;
#5342 = DIRECTION ( 'NONE',  ( -0.0000000000000000000, -0.0000000000000000000, 1.000000000000000000 ) ) ;
#5343 = FACE_OUTER_BOUND ( 'NONE', #10134, .T. ) ;
#5344 = LINE ( 'NONE', #1920, #915 ) ;
#5345 = VECTOR ( 'NONE', #7243, 1000.000000000000000 ) ;
#5346 = CARTESIAN_POINT ( 'NONE',  ( 0.09499226788739424700, 0.6507267023633703800, 0.9400000000000000600 ) ) ;
#5347 = ADVANCED_FACE ( 'NONE', ( #9672 ), #8112, .F. ) ;
#5348 = DIRECTION ( 'NONE',  ( 0.0000000000000000000, -1.000000000000000000, 0.0000000000000000000 ) ) ;
#5349 = CARTESIAN_POINT ( 'NONE',  ( 0.5422926099655147600, 0.7744100964311524400, 0.9400000000000000600 ) ) ;
#5350 = ORIENTED_EDGE ( 'NONE', *, *, #1602, .T. ) ;
#5351 = ORIENTED_EDGE ( 'NONE', *, *, #6493, .T. ) ;
#5352 = ORIENTED_EDGE ( 'NONE', *, *, #4505, .F. ) ;
#5353 = COLOUR_RGB ( '',0.2980392156862745100, 0.2980392156862745100, 0.2980392156862745100 ) ;
#5354 = VECTOR ( 'NONE', #10412, 1000.000000000000000 ) ;
#5355 = CARTESIAN_POINT ( 'NONE',  ( 0.4767342195533316200, 0.6511167489040078400, 0.9300000000000000500 ) ) ;
#5356 = CARTESIAN_POINT ( 'NONE',  ( 0.8550813956392314700, 0.7176159319277641800, 0.9400000000000000600 ) ) ;
#5357 = DIRECTION ( 'NONE',  ( -1.000000000000000000, 0.0000000000000000000, 0.0000000000000000000 ) ) ;
#5358 = CARTESIAN_POINT ( 'NONE',  ( 0.4635136075897990400, 0.8217468194176258400, 0.9300000000000000500 ) ) ;
#5359 = PLANE ( 'NONE',  #10463 ) ;
#5360 =( NAMED_UNIT ( * ) SI_UNIT ( $, .STERADIAN. ) SOLID_ANGLE_UNIT ( ) );
#5361 =( NAMED_UNIT ( * ) SI_UNIT ( $, .STERADIAN. ) SOLID_ANGLE_UNIT ( ) );
#5362 = ADVANCED_FACE ( 'NONE', ( #9146 ), #2407, .T. ) ;
#5363 = VERTEX_POINT ( 'NONE', #6303 ) ;
#5364 = VECTOR ( 'NONE', #6841, 1000.000000000000000 ) ;
#5365 = FACE_BOUND ( 'NONE', #7546, .T. ) ;
#5366 = CARTESIAN_POINT ( 'NONE',  ( 0.7339667257398894100, 0.6207638083283396600, 0.9300000000000000500 ) ) ;
#5367 = B_SPLINE_CURVE_WITH_KNOTS ( 'NONE', 3,
 ( #9701, #7282, #4880, #9946 ),
 .UNSPECIFIED., .F., .F.,
 ( 4, 4 ),
 ( 16.00000000000000000, 17.00000000000000000 ),
 .UNSPECIFIED. ) ;
#5368 = CARTESIAN_POINT ( 'NONE',  ( 0.5658124252567533500, 0.6571081123779910500, 0.9300000000000000500 ) ) ;
#5369 = CARTESIAN_POINT ( 'NONE',  ( 0.7996736623527519500, 0.6700811473390668700, 0.9400000000000000600 ) ) ;
#5370 = STYLED_ITEM ( 'NONE', ( #3604 ), #5128 ) ;
#5371 = ORIENTED_EDGE ( 'NONE', *, *, #3729, .T. ) ;
#5372 = LINE ( 'NONE', #3668, #7101 ) ;
#5373 = VECTOR ( 'NONE', #454, 1000.000000000000000 ) ;
#5374 =( GEOMETRIC_REPRESENTATION_CONTEXT ( 3 ) GLOBAL_UNCERTAINTY_ASSIGNED_CONTEXT ( ( #5139 ) ) GLOBAL_UNIT_ASSIGNED_CONTEXT ( ( #7006, #1972, #7888 ) ) REPRESENTATION_CONTEXT ( 'NONE', 'WORKASPACE' ) );
#5375 = EDGE_CURVE ( 'NONE', #686, #6421, #5191, .T. ) ;
#5376 = ORIENTED_EDGE ( 'NONE', *, *, #10448, .F. ) ;
#5377 = EDGE_LOOP ( 'NONE', ( #6347, #2685, #5396, #7967 ) ) ;
#5378 = CARTESIAN_POINT ( 'NONE',  ( 0.03852634976530600700, 0.8283877137679336300, 0.9300000000000000500 ) ) ;
#5379 = EDGE_CURVE ( 'NONE', #5789, #2409, #498, .T. ) ;
#5380 = LINE ( 'NONE', #4534, #3377 ) ;
#5381 = VECTOR ( 'NONE', #5067, 1000.000000000000100 ) ;
#5382 = ADVANCED_FACE ( 'NONE', ( #8884 ), #183, .F. ) ;
#5383 = CARTESIAN_POINT ( 'NONE',  ( 0.1249999999999998900, 0.8750000000000000000, -0.02000000000000000000 ) ) ;
#5384 = DIRECTION ( 'NONE',  ( -1.000000000000000000, 0.0000000000000000000, -0.0000000000000000000 ) ) ;
#5385 = CARTESIAN_POINT ( 'NONE',  ( -0.8750000000000013300, -0.3749999999999970600, -0.02000000000000000000 ) ) ;
#5386 = CARTESIAN_POINT ( 'NONE',  ( 0.5007739465510748800, 0.6384408063469314600, 0.9300000000000000500 ) ) ;
#5387 = CARTESIAN_POINT ( 'NONE',  ( -0.3749999999999998900, -0.8749999999999998900, -0.02000000000000000000 ) ) ;
#5388 = COLOUR_RGB ( '',0.4980392156862745200, 0.4980392156862745200, 0.4980392156862745200 ) ;
#5389 = CARTESIAN_POINT ( 'NONE',  ( 0.1170277513332148400, 0.8972485831191486800, 0.9300000000000000500 ) ) ;
#5390 = AXIS2_PLACEMENT_3D ( 'NONE', #4269, #5123, #5166 ) ;
#5391 = VERTEX_POINT ( 'NONE', #10483 ) ;
#5392 = DIRECTION ( 'NONE',  ( 0.0000000000000000000, 0.0000000000000000000, -1.000000000000000000 ) ) ;
#5393 = CARTESIAN_POINT ( 'NONE',  ( 0.4711142215838566300, 0.7771829588656382600, 0.9300000000000000500 ) ) ;
#5394 = ADVANCED_FACE ( 'NONE', ( #2414 ), #2247, .F. ) ;
#5395 = ORIENTED_EDGE ( 'NONE', *, *, #7525, .F. ) ;
#5396 = ORIENTED_EDGE ( 'NONE', *, *, #6045, .T. ) ;
#5397 = VERTEX_POINT ( 'NONE', #7564 ) ;
#5398 = DIRECTION ( 'NONE',  ( -0.0000000000000000000, -0.0000000000000000000, -1.000000000000000000 ) ) ;
#5399 = SURFACE_STYLE_FILL_AREA ( #41 ) ;
#5400 = FILL_AREA_STYLE_COLOUR ( '', #649 ) ;
#5401 = ORIENTED_EDGE ( 'NONE', *, *, #4709, .T. ) ;
#5402 = ORIENTED_EDGE ( 'NONE', *, *, #7826, .F. ) ;
#5403 = DIRECTION ( 'NONE',  ( 0.0000000000000000000, 0.0000000000000000000, 1.000000000000000000 ) ) ;
#5404 = VECTOR ( 'NONE', #1984, 1000.000000000000000 ) ;
#5405 = ORIENTED_EDGE ( 'NONE', *, *, #9811, .T. ) ;
#5406 = PRODUCT_DEFINITION_CONTEXT ( 'detailed design', #8534, 'design' ) ;
#5407 = CARTESIAN_POINT ( 'NONE',  ( 0.6760832224229544900, 0.6754783260056996800, 0.9300000000000000500 ) ) ;
#5408 = CARTESIAN_POINT ( 'NONE',  ( 0.2402887179797778000, 0.8276991024470791200, 0.9400000000000000600 ) ) ;
#5409 = VERTEX_POINT ( 'NONE', #7619 ) ;
#5410 = DIRECTION ( 'NONE',  ( -0.0000000000000000000, -0.0000000000000000000, 1.000000000000000000 ) ) ;
#5411 = ORIENTED_EDGE ( 'NONE', *, *, #9248, .T. ) ;
#5412 = LINE ( 'NONE', #9499, #9634 ) ;
#5413 = FILL_AREA_STYLE ('',( #3528 ) ) ;
#5414 = ORIENTED_EDGE ( 'NONE', *, *, #10180, .T. ) ;
#5415 = VECTOR ( 'NONE', #9076, 1000.000000000000000 ) ;
#5416 = CARTESIAN_POINT ( 'NONE',  ( 0.2237620725598240000, 0.6624330291384651300, 0.9400000000000000600 ) ) ;
#5417 = DIRECTION ( 'NONE',  ( 0.0000000000000000000, 0.0000000000000000000, -1.000000000000000000 ) ) ;
#5418 = DIRECTION ( 'NONE',  ( 0.0000000000000000000, 1.000000000000000000, 0.0000000000000000000 ) ) ;
#5419 = CARTESIAN_POINT ( 'NONE',  ( 0.9053395272618591800, 0.6207638083283396600, 0.9400000000000000600 ) ) ;
#5420 = ORIENTED_EDGE ( 'NONE', *, *, #1473, .T. ) ;
#5421 = CARTESIAN_POINT ( 'NONE',  ( 0.4894596775109640300, 0.6290823956311254500, 0.9300000000000000500 ) ) ;
#5422 = EDGE_LOOP ( 'NONE', ( #1238, #7990, #582, #9119 ) ) ;
#5423 = AXIS2_PLACEMENT_3D ( 'NONE', #5092, #4938, #4897 ) ;
#5424 = ORIENTED_EDGE ( 'NONE', *, *, #9477, .F. ) ;
#5425 = VERTEX_POINT ( 'NONE', #7468 ) ;
#5426 = VECTOR ( 'NONE', #4533, 1000.000000000000000 ) ;
#5427 = ADVANCED_FACE ( 'NONE', ( #5831 ), #7473, .F. ) ;
#5428 = B_SPLINE_CURVE_WITH_KNOTS ( 'NONE', 3,
 ( #6040, #3540, #10468, #5211 ),
 .UNSPECIFIED., .F., .F.,
 ( 4, 4 ),
 ( 2.000000000000000000, 3.000000000000000000 ),
 .UNSPECIFIED. ) ;
#5429 = PLANE ( 'NONE',  #6504 ) ;
#5430 = PRESENTATION_STYLE_ASSIGNMENT (( #5742 ) ) ;
#5431 = CARTESIAN_POINT ( 'NONE',  ( 0.6112428053194750600, 0.6209123545300122600, 0.9300000000000000500 ) ) ;
#5432 =( NAMED_UNIT ( * ) PLANE_ANGLE_UNIT ( ) SI_UNIT ( $, .RADIAN. ) );
#5433 = EDGE_CURVE ( 'NONE', #5409, #2788, #1418, .T. ) ;
#5434 = ORIENTED_EDGE ( 'NONE', *, *, #9732, .T. ) ;
#5435 = EDGE_CURVE ( 'NONE', #3530, #6936, #10152, .T. ) ;
#5436 = ORIENTED_EDGE ( 'NONE', *, *, #6795, .T. ) ;
#5437 = FILL_AREA_STYLE_COLOUR ( '', #8785 ) ;
#5438 = ORIENTED_EDGE ( 'NONE', *, *, #5435, .T. ) ;
#5439 = EDGE_LOOP ( 'NONE', ( #5156, #505, #10395, #5583, #7484, #7575 ) ) ;
#5440 = EDGE_CURVE ( 'NONE', #4085, #3178, #4045, .T. ) ;
#5441 = LINE ( 'NONE', #807, #1020 ) ;
#5442 = VECTOR ( 'NONE', #9221, 1000.000000000000000 ) ;
#5443 = EDGE_CURVE ( 'NONE', #717, #391, #45, .T. ) ;
#5444 = EDGE_CURVE ( 'NONE', #1899, #612, #3596, .T. ) ;
#5445 = VERTEX_POINT ( 'NONE', #10186 ) ;
#5446 = DIRECTION ( 'NONE',  ( -0.0000000000000000000, -0.0000000000000000000, -1.000000000000000000 ) ) ;
#5447 = DIRECTION ( 'NONE',  ( 1.000000000000000000, -0.0000000000000000000, -0.0000000000000000000 ) ) ;
#5448 = EDGE_LOOP ( 'NONE', ( #2112, #7015, #10703, #4587 ) ) ;
#5449 = CARTESIAN_POINT ( 'NONE',  ( -0.8749999999999978900, 0.6250000000000028900, -0.02000000000000000000 ) ) ;
#5450 = VECTOR ( 'NONE', #9832, 1000.000000000000000 ) ;
#5451 = PRESENTATION_STYLE_ASSIGNMENT (( #6742 ) ) ;
#5452 = EDGE_CURVE ( 'NONE', #1401, #5901, #242, .T. ) ;
#5453 = STYLED_ITEM ( 'NONE', ( #5294 ), #1708 ) ;
#5454 = LINE ( 'NONE', #5383, #8260 ) ;
#5455 = PRESENTATION_STYLE_ASSIGNMENT (( #10561 ) ) ;
#5456 = CARTESIAN_POINT ( 'NONE',  ( 0.7107192451513806300, 0.7744100964311586600, 0.9400000000000000600 ) ) ;
#5457 = DIRECTION ( 'NONE',  ( -0.0000000000000000000, -0.0000000000000000000, -1.000000000000000000 ) ) ;
#5458 = EDGE_CURVE ( 'NONE', #6680, #3339, #7875, .T. ) ;
#5459 = CARTESIAN_POINT ( 'NONE',  ( 0.5146382587228371900, 0.6652781534791097900, 0.9300000000000000500 ) ) ;
#5460 = ORIENTED_EDGE ( 'NONE', *, *, #6355, .F. ) ;
#5461 = ORIENTED_EDGE ( 'NONE', *, *, #10504, .F. ) ;
#5462 = FILL_AREA_STYLE ('',( #2104 ) ) ;
#5463 = FACE_OUTER_BOUND ( 'NONE', #831, .T. ) ;
#5464 = FACE_OUTER_BOUND ( 'NONE', #1014, .T. ) ;
#5465 = SURFACE_SIDE_STYLE ('',( #7817 ) ) ;
#5466 = DIRECTION ( 'NONE',  ( 1.000000000000000000, 0.0000000000000000000, 0.0000000000000000000 ) ) ;
#5467 = VECTOR ( 'NONE', #8092, 1000.000000000000000 ) ;
#5468 = LINE ( 'NONE', #3231, #9686 ) ;
#5469 = SURFACE_STYLE_USAGE ( .BOTH. , #5044 ) ;
#5470 = CARTESIAN_POINT ( 'NONE',  ( 0.7884831818150220800, 0.7133576074745935400, 0.9400000000000000600 ) ) ;
#5471 = PRESENTATION_LAYER_ASSIGNMENT (  '', '', ( #4317 ) ) ;
#5472 = CARTESIAN_POINT ( 'NONE',  ( 0.5866088935143900500, 0.5891729827367686600, 0.9300000000000000500 ) ) ;
#5473 = VERTEX_POINT ( 'NONE', #7135 ) ;
#5474 = CARTESIAN_POINT ( 'NONE',  ( -0.3750000000000001100, 0.6250000000000000000, 0.0000000000000000000 ) ) ;
#5475 =( NAMED_UNIT ( * ) SI_UNIT ( $, .STERADIAN. ) SOLID_ANGLE_UNIT ( ) );
#5476 = ORIENTED_EDGE ( 'NONE', *, *, #10315, .F. ) ;
#5477 = FACE_OUTER_BOUND ( 'NONE', #1643, .T. ) ;
#5478 = CARTESIAN_POINT ( 'NONE',  ( 0.5389255627236907400, 0.6860251063361897400, 0.9400000000000000600 ) ) ;
#5479 = CARTESIAN_POINT ( 'NONE',  ( -0.9999999999999997800, -1.000000000000000200, 0.0000000000000000000 ) ) ;
#5480 = DIRECTION ( 'NONE',  ( 1.000000000000000000, -1.047444401652940200E-014, 0.0000000000000000000 ) ) ;
#5481 = ORIENTED_EDGE ( 'NONE', *, *, #3453, .T. ) ;
#5482 = VERTEX_POINT ( 'NONE', #781 ) ;
#5483 = ORIENTED_EDGE ( 'NONE', *, *, #6800, .T. ) ;
#5484 = LINE ( 'NONE', #5259, #9967 ) ;
#5485 = VECTOR ( 'NONE', #4272, 1000.000000000000000 ) ;
#5486 = CARTESIAN_POINT ( 'NONE',  ( 0.5634604437276604600, 0.6816677510825681600, 0.9400000000000000600 ) ) ;
#5487 = ADVANCED_FACE ( 'NONE', ( #3309 ), #1634, .F. ) ;
#5488 = CARTESIAN_POINT ( 'NONE',  ( 0.4635136075897990400, 0.8217468194176258400, 0.9400000000000000600 ) ) ;
#5489 = PRESENTATION_LAYER_ASSIGNMENT (  '', '', ( #3756 ) ) ;
#5490 = CARTESIAN_POINT ( 'NONE',  ( 0.03439470811148989000, 0.8703928434151132500, 0.9400000000000000600 ) ) ;
#5491 = VERTEX_POINT ( 'NONE', #663 ) ;
#5492 = VECTOR ( 'NONE', #6592, 1000.000000000000000 ) ;
#5493 = CARTESIAN_POINT ( 'NONE',  ( 0.7728363152205755000, 0.6318057426650612900, 0.9300000000000000500 ) ) ;
#5494 = CARTESIAN_POINT ( 'NONE',  ( 0.5422926099655147600, 0.8712622200305797400, 0.9400000000000000600 ) ) ;
#5495 = EDGE_CURVE ( 'NONE', #3440, #6121, #7596, .T. ) ;
#5496 = CARTESIAN_POINT ( 'NONE',  ( 0.5229073306253952900, 0.8558629304402384200, 0.9300000000000000500 ) ) ;
#5497 = CARTESIAN_POINT ( 'NONE',  ( 0.03439470811148989000, 0.8703928434151132500, 0.9300000000000000500 ) ) ;
#5498 = ORIENTED_EDGE ( 'NONE', *, *, #9765, .T. ) ;
#5499 = EDGE_CURVE ( 'NONE', #2914, #2908, #9796, .T. ) ;
#5500 = EDGE_CURVE ( 'NONE', #3888, #921, #551, .T. ) ;
#5501 = CARTESIAN_POINT ( 'NONE',  ( 0.6677646351194723700, 0.8510104211797279200, 0.9300000000000000500 ) ) ;
#5502 = ORIENTED_EDGE ( 'NONE', *, *, #3010, .F. ) ;
#5503 = DIRECTION ( 'NONE',  ( 1.000000000000000000, -0.0000000000000000000, -0.0000000000000000000 ) ) ;
#5504 = FACE_BOUND ( 'NONE', #5523, .T. ) ;
#5505 = LINE ( 'NONE', #7416, #3241 ) ;
#5506 = B_SPLINE_CURVE_WITH_KNOTS ( 'NONE', 3,
 ( #3385, #3272, #10002, #3099 ),
 .UNSPECIFIED., .F., .F.,
 ( 4, 4 ),
 ( 7.000000000000000000, 8.000000000000000000 ),
 .UNSPECIFIED. ) ;
#5507 = DIRECTION ( 'NONE',  ( 0.5048830486499309400, -0.8631877589412118000, 0.0000000000000000000 ) ) ;
#5508 = EDGE_CURVE ( 'NONE', #7001, #3904, #888, .T. ) ;
#5509 = DIRECTION ( 'NONE',  ( -1.000000000000000000, 0.0000000000000000000, 0.0000000000000000000 ) ) ;
#5510 = PLANE ( 'NONE',  #3445 ) ;
#5511 = CARTESIAN_POINT ( 'NONE',  ( 0.2141215666114700500, 0.7698559748191087200, 0.9400000000000000600 ) ) ;
#5512 = DIRECTION ( 'NONE',  ( -3.491481338843133400E-015, -1.000000000000000000, 0.0000000000000000000 ) ) ;
#5513 = EDGE_LOOP ( 'NONE', ( #2450, #9479, #5088, #2671 ) ) ;
#5514 = ORIENTED_EDGE ( 'NONE', *, *, #9087, .T. ) ;
#5515 = DIRECTION ( 'NONE',  ( -1.000000000000000000, 0.0000000000000000000, 0.0000000000000000000 ) ) ;
#5516 = LINE ( 'NONE', #7033, #9738 ) ;
#5517 = LINE ( 'NONE', #1992, #9739 ) ;
#5518 = DIRECTION ( 'NONE',  ( -1.047444401652940200E-014, -1.000000000000000000, 0.0000000000000000000 ) ) ;
#5519 = EDGE_CURVE ( 'NONE', #8733, #10204, #9542, .T. ) ;
#5520 = CARTESIAN_POINT ( 'NONE',  ( 0.5463033574149133200, 0.6659218536876677600, 0.9400000000000000600 ) ) ;
#5521 = EDGE_CURVE ( 'NONE', #4746, #90, #5032, .T. ) ;
#5522 = VERTEX_POINT ( 'NONE', #1460 ) ;
#5523 = EDGE_LOOP ( 'NONE', ( #3491, #2974, #9369, #2777, #2863, #5264, #4353, #4271 ) ) ;
#5524 = SURFACE_SIDE_STYLE ('',( #8454 ) ) ;
#5525 = ORIENTED_EDGE ( 'NONE', *, *, #6151, .T. ) ;
#5526 = CARTESIAN_POINT ( 'NONE',  ( 0.5653420289508036500, 0.6321523504689579000, 0.9400000000000000600 ) ) ;
#5527 = LINE ( 'NONE', #2129, #1365 ) ;
#5528 = ORIENTED_EDGE ( 'NONE', *, *, #6283, .F. ) ;
#5529 = EDGE_CURVE ( 'NONE', #2673, #7158, #620, .T. ) ;
#5530 = DIRECTION ( 'NONE',  ( 0.3493954794689488900, -0.9369753459545578900, -0.0000000000000000000 ) ) ;
#5531 = CARTESIAN_POINT ( 'NONE',  ( 0.4884941271991148900, 0.6816677510825681600, 0.9300000000000000500 ) ) ;
#5532 = CARTESIAN_POINT ( 'NONE',  ( 0.5943828114103957300, 0.7744100964311524400, 0.9300000000000000500 ) ) ;
#5533 = CARTESIAN_POINT ( 'NONE',  ( 0.6866547604536918900, 0.7970386345113781300, 0.9300000000000000500 ) ) ;
#5534 = ORIENTED_EDGE ( 'NONE', *, *, #429, .T. ) ;
#5535 = MECHANICAL_DESIGN_GEOMETRIC_PRESENTATION_REPRESENTATION (  '', ( #3800 ), #6095 ) ;
#5536 =( LENGTH_UNIT ( ) NAMED_UNIT ( * ) SI_UNIT ( .MILLI., .METRE. ) );
#5537 = FILL_AREA_STYLE ('',( #8078 ) ) ;
#5538 = CARTESIAN_POINT ( 'NONE',  ( -0.3420636973039750700, 0.1402995633473302100, 0.0000000000000000000 ) ) ;
#5539 = PRESENTATION_STYLE_ASSIGNMENT (( #5111 ) ) ;
#5540 = CARTESIAN_POINT ( 'NONE',  ( 0.09499226788739424700, 0.6507267023633703800, 0.9400000000000000600 ) ) ;
#5541 = ADVANCED_FACE ( 'NONE', ( #7050 ), #7492, .F. ) ;
#5542 = CARTESIAN_POINT ( 'NONE',  ( 0.01098200202495516600, 0.6700077142594130800, 0.9300000000000000500 ) ) ;
#5543 = MECHANICAL_DESIGN_GEOMETRIC_PRESENTATION_REPRESENTATION (  '', ( #3256 ), #6107 ) ;
#5544 = ORIENTED_EDGE ( 'NONE', *, *, #6070, .F. ) ;
#5545 = ORIENTED_EDGE ( 'NONE', *, *, #6076, .T. ) ;
#5546 = CARTESIAN_POINT ( 'NONE',  ( 0.02544278721532577900, 0.6700077142594130800, 0.9300000000000000500 ) ) ;
#5547 = FACE_OUTER_BOUND ( 'NONE', #3923, .T. ) ;
#5548 = PLANE ( 'NONE',  #5912 ) ;
#5549 = UNCERTAINTY_MEASURE_WITH_UNIT (LENGTH_MEASURE( 1.000000000000000100E-005 ), #1321, 'distance_accuracy_value', 'NONE');
#5550 = ORIENTED_EDGE ( 'NONE', *, *, #5452, .F. ) ;
#5551 = CARTESIAN_POINT ( 'NONE',  ( -0.3750000000000001100, 0.8750000000000000000, 0.0000000000000000000 ) ) ;
#5552 = ORIENTED_EDGE ( 'NONE', *, *, #1993, .F. ) ;
#5553 = PRESENTATION_STYLE_ASSIGNMENT (( #3857 ) ) ;
#5554 = CARTESIAN_POINT ( 'NONE',  ( -0.8920589577662965100, 0.7972593383840376200, 0.9100000000000000300 ) ) ;
#5555 = VECTOR ( 'NONE', #512, 1000.000000000000000 ) ;
#5556 = CARTESIAN_POINT ( 'NONE',  ( 0.8750000000000040000, 0.3749999999999909000, -0.02000000000000000000 ) ) ;
#5557 = ORIENTED_EDGE ( 'NONE', *, *, #2130, .F. ) ;
#5558 = ORIENTED_EDGE ( 'NONE', *, *, #3913, .F. ) ;
#5559 = LINE ( 'NONE', #1693, #9775 ) ;
#5560 = CARTESIAN_POINT ( 'NONE',  ( 0.8603547858051363600, 0.7000379647096211000, 0.9300000000000000500 ) ) ;
#5561 = PRESENTATION_LAYER_ASSIGNMENT (  '', '', ( #4414 ) ) ;
#5562 = CARTESIAN_POINT ( 'NONE',  ( 0.1177163495195692300, 0.8559320615082910400, 0.9400000000000000600 ) ) ;
#5563 = CARTESIAN_POINT ( 'NONE',  ( 0.4876523653886590800, 0.7839170533486318200, 0.9300000000000000500 ) ) ;
#5564 = DIRECTION ( 'NONE',  ( -1.000000000000000000, 4.336808689942018200E-016, 0.0000000000000000000 ) ) ;
#5565 = LINE ( 'NONE', #8552, #10317 ) ;
#5566 = EDGE_CURVE ( 'NONE', #2952, #1943, #371, .T. ) ;
#5567 = EDGE_LOOP ( 'NONE', ( #3061, #1510, #6324, #4606 ) ) ;
#5568 = CARTESIAN_POINT ( 'NONE',  ( 0.5021851354685962200, 0.6314591348604966500, 0.9400000000000000600 ) ) ;
#5569 = ORIENTED_EDGE ( 'NONE', *, *, #9539, .T. ) ;
#5570 = VERTEX_POINT ( 'NONE', #2195 ) ;
#5571 = EDGE_LOOP ( 'NONE', ( #10621, #4119, #3655, #9284 ) ) ;
#5572 = DIRECTION ( 'NONE',  ( 0.0000000000000000000, 1.000000000000000000, -0.0000000000000000000 ) ) ;
#5573 = EDGE_CURVE ( 'NONE', #8823, #8245, #4506, .T. ) ;
#5574 = CARTESIAN_POINT ( 'NONE',  ( 0.6969044483808419800, 0.7744100964311586600, 0.9400000000000000600 ) ) ;
#5575 = DIRECTION ( 'NONE',  ( -1.000000000000000000, 3.491481338843134100E-015, 0.0000000000000000000 ) ) ;
#5576 = LINE ( 'NONE', #5337, #1158 ) ;
#5577 = CARTESIAN_POINT ( 'NONE',  ( 0.5146382587228371900, 0.6207638083283396600, 0.9400000000000000600 ) ) ;
#5578 = VECTOR ( 'NONE', #206, 1000.000000000000000 ) ;
#5579 = VECTOR ( 'NONE', #7996, 1000.000000000000000 ) ;
#5580 = CARTESIAN_POINT ( 'NONE',  ( 0.8128200012164387100, 0.6704277551429660400, 0.9300000000000000500 ) ) ;
#5581 = AXIS2_PLACEMENT_3D ( 'NONE', #8661, #8469, #9488 ) ;
#5582 = ORIENTED_EDGE ( 'NONE', *, *, #6944, .T. ) ;
#5583 = ORIENTED_EDGE ( 'NONE', *, *, #8488, .F. ) ;
#5584 = EDGE_LOOP ( 'NONE', ( #5029, #3662, #3355, #6025 ) ) ;
#5585 = CARTESIAN_POINT ( 'NONE',  ( 0.09499226788739424700, 0.6438406154277834800, 0.9300000000000000500 ) ) ;
#5586 = B_SPLINE_CURVE_WITH_KNOTS ( 'NONE', 3,
 ( #7480, #3222, #6620, #1621 ),
 .UNSPECIFIED., .F., .F.,
 ( 4, 4 ),
 ( 17.00000000000000000, 18.00000000000000000 ),
 .UNSPECIFIED. ) ;
#5587 = EDGE_CURVE ( 'NONE', #6803, #5642, #2537, .T. ) ;
#5588 = ORIENTED_EDGE ( 'NONE', *, *, #10037, .F. ) ;
#5589 = B_SPLINE_CURVE_WITH_KNOTS ( 'NONE', 3,
 ( #2505, #3330, #4882, #3289 ),
 .UNSPECIFIED., .F., .F.,
 ( 4, 4 ),
 ( 0.0000000000000000000, 1.000000000000000000 ),
 .UNSPECIFIED. ) ;
#5590 = AXIS2_PLACEMENT_3D ( 'NONE', #4476, #5348, #9481 ) ;
#5591 = VECTOR ( 'NONE', #5164, 1000.000000000000000 ) ;
#5592 = LINE ( 'NONE', #10562, #9797 ) ;
#5593 = CARTESIAN_POINT ( 'NONE',  ( 0.4999569424408943900, 0.8728962282509370500, 0.9400000000000000600 ) ) ;
#5594 = PRESENTATION_STYLE_ASSIGNMENT (( #7552 ) ) ;
#5595 = CARTESIAN_POINT ( 'NONE',  ( 0.7890526089214275900, 0.6973641330769089200, 0.9400000000000000600 ) ) ;
#5596 = EDGE_CURVE ( 'NONE', #10091, #3492, #7076, .T. ) ;
#5597 = MECHANICAL_DESIGN_GEOMETRIC_PRESENTATION_REPRESENTATION (  '', ( #3855 ), #6147 ) ;
#5598 = CARTESIAN_POINT ( 'NONE',  ( 0.4973078685081360800, 0.6347271513012086000, 0.9300000000000000500 ) ) ;
#5599 = VERTEX_POINT ( 'NONE', #4257 ) ;
#5600 = EDGE_CURVE ( 'NONE', #4864, #6049, #102, .T. ) ;
#5601 = EDGE_LOOP ( 'NONE', ( #6976, #2764, #983, #491, #4725, #10297, #2151, #9605, #1770, #8555, #1355, #2937 ) ) ;
#5602 = VECTOR ( 'NONE', #7176, 1000.000000000000000 ) ;
#5603 = SURFACE_STYLE_FILL_AREA ( #1955 ) ;
#5604 = LINE ( 'NONE', #4296, #7611 ) ;
#5605 = ADVANCED_FACE ( 'NONE', ( #2046 ), #3352, .F. ) ;
#5606 = VERTEX_POINT ( 'NONE', #7534 ) ;
#5607 = PLANE ( 'NONE',  #1429 ) ;
#5608 = ORIENTED_EDGE ( 'NONE', *, *, #8616, .F. ) ;
#5609 = MECHANICAL_DESIGN_GEOMETRIC_PRESENTATION_REPRESENTATION (  '', ( #3311 ), #6164 ) ;
#5610 = LINE ( 'NONE', #9067, #8143 ) ;
#5611 = PRESENTATION_STYLE_ASSIGNMENT (( #9116 ) ) ;
#5612 = CARTESIAN_POINT ( 'NONE',  ( 0.5580880227609703600, 0.6915213158045996300, 0.9300000000000000500 ) ) ;
#5613 =( LENGTH_UNIT ( ) NAMED_UNIT ( * ) SI_UNIT ( .MILLI., .METRE. ) );
#5614 = CARTESIAN_POINT ( 'NONE',  ( 0.7403542124183174500, 0.8588833698775091300, 0.9300000000000000500 ) ) ;
#5615 = CARTESIAN_POINT ( 'NONE',  ( 0.7564962330183363500, 0.8118437392950346200, 0.9400000000000000600 ) ) ;
#5616 = CARTESIAN_POINT ( 'NONE',  ( 0.6677646351194723700, 0.8510104211797279200, 0.9300000000000000500 ) ) ;
#5617 = STYLED_ITEM ( 'NONE', ( #5455 ), #9429 ) ;
#5618 = ORIENTED_EDGE ( 'NONE', *, *, #6644, .T. ) ;
#5619 = CARTESIAN_POINT ( 'NONE',  ( 0.02544280034949358100, 0.7898256637061896700, 0.9400000000000000600 ) ) ;
#5620 = PLANE ( 'NONE',  #445 ) ;
#5621 = VERTEX_POINT ( 'NONE', #7491 ) ;
#5622 = ORIENTED_EDGE ( 'NONE', *, *, #3460, .T. ) ;
#5623 = VECTOR ( 'NONE', #410, 1000.000000000000000 ) ;
#5624 = DIRECTION ( 'NONE',  ( -0.0000000000000000000, -0.0000000000000000000, -1.000000000000000000 ) ) ;
#5625 = PRESENTATION_STYLE_ASSIGNMENT (( #1260 ) ) ;
#5626 = CARTESIAN_POINT ( 'NONE',  ( 0.7156707852130119700, 0.6207638083283396600, 0.9400000000000000600 ) ) ;
#5627 = FILL_AREA_STYLE ('',( #4742 ) ) ;
#5628 = DIRECTION ( 'NONE',  ( -1.000000000000000000, -0.0000000000000000000, -0.0000000000000000000 ) ) ;
#5629 = ORIENTED_EDGE ( 'NONE', *, *, #5870, .T. ) ;
#5630 = ORIENTED_EDGE ( 'NONE', *, *, #2526, .T. ) ;
#5631 = LINE ( 'NONE', #7501, #1206 ) ;
#5632 = FACE_BOUND ( 'NONE', #3035, .T. ) ;
#5633 =( NAMED_UNIT ( * ) PLANE_ANGLE_UNIT ( ) SI_UNIT ( $, .RADIAN. ) );
#5634 =( NAMED_UNIT ( * ) SI_UNIT ( $, .STERADIAN. ) SOLID_ANGLE_UNIT ( ) );
#5635 = DIRECTION ( 'NONE',  ( -0.0000000000000000000, -0.0000000000000000000, 1.000000000000000000 ) ) ;
#5636 = LINE ( 'NONE', #1578, #9589 ) ;
#5637 =( NAMED_UNIT ( * ) PLANE_ANGLE_UNIT ( ) SI_UNIT ( $, .RADIAN. ) );
#5638 = CARTESIAN_POINT ( 'NONE',  ( 0.4745802996267991000, 0.6490371020779830400, 0.9400000000000000600 ) ) ;
#5639 = CARTESIAN_POINT ( 'NONE',  ( 0.5229073306253952900, 0.7904035708294961900, 0.9300000000000000500 ) ) ;
#5640 = CARTESIAN_POINT ( 'NONE',  ( 0.2905571210839667500, 0.6514153005493975600, 0.9400000000000000600 ) ) ;
#5641 = MECHANICAL_DESIGN_GEOMETRIC_PRESENTATION_REPRESENTATION (  '', ( #3353 ), #6198 ) ;
#5642 = VERTEX_POINT ( 'NONE', #2759 ) ;
#5643 = LINE ( 'NONE', #2936, #3646 ) ;
#5644 = FACE_OUTER_BOUND ( 'NONE', #10701, .T. ) ;
#5645 = PLANE ( 'NONE',  #3678 ) ;
#5646 = CARTESIAN_POINT ( 'NONE',  ( 0.4737137801160609100, 0.8681427497922001900, 0.9300000000000000500 ) ) ;
#5647 = CARTESIAN_POINT ( 'NONE',  ( -0.8749999999999978900, 0.6250000000000028900, -0.0000000000000000000 ) ) ;
#5648 = EDGE_CURVE ( 'NONE', #5425, #2477, #4231, .T. ) ;
#5649 = EDGE_CURVE ( 'NONE', #7496, #10312, #1119, .T. ) ;
#5650 = DIRECTION ( 'NONE',  ( -0.2524218971877271700, 0.9676172723862200800, -0.0000000000000000000 ) ) ;
#5651 = ADVANCED_FACE ( 'NONE', ( #9008 ), #8635, .F. ) ;
#5652 = ORIENTED_EDGE ( 'NONE', *, *, #10649, .F. ) ;
#5653 = B_SPLINE_CURVE_WITH_KNOTS ( 'NONE', 3,
 ( #6051, #6917, #6328, #9459 ),
 .UNSPECIFIED., .F., .F.,
 ( 4, 4 ),
 ( 18.00000000000000000, 19.00000000000000000 ),
 .UNSPECIFIED. ) ;
#5654 = ORIENTED_EDGE ( 'NONE', *, *, #8357, .T. ) ;
#5655 = EDGE_CURVE ( 'NONE', #2522, #7859, #6414, .T. ) ;
#5656 = ORIENTED_EDGE ( 'NONE', *, *, #4219, .F. ) ;
#5657 = PRESENTATION_STYLE_ASSIGNMENT (( #9565 ) ) ;
#5658 = CARTESIAN_POINT ( 'NONE',  ( 0.3750000000000001100, -0.8750000000000000000, -0.02000000000000000000 ) ) ;
#5659 = CARTESIAN_POINT ( 'NONE',  ( 0.3153470498115536500, 0.7581496217756709100, 0.9300000000000000500 ) ) ;
#5660 = CARTESIAN_POINT ( 'NONE',  ( 0.8413161142685853200, 0.6472545476559552500, 0.9400000000000000600 ) ) ;
#5661 = CARTESIAN_POINT ( 'NONE',  ( 0.1762480884680702700, 0.6211165075269448100, 0.9300000000000000500 ) ) ;
#5662 =( NAMED_UNIT ( * ) PLANE_ANGLE_UNIT ( ) SI_UNIT ( $, .RADIAN. ) );
#5663 = ORIENTED_EDGE ( 'NONE', *, *, #1649, .T. ) ;
#5664 = EDGE_CURVE ( 'NONE', #4949, #9679, #7725, .T. ) ;
#5665 = EDGE_CURVE ( 'NONE', #2293, #7328, #5441, .T. ) ;
#5666 = ADVANCED_FACE ( 'NONE', ( #9919 ), #8299, .T. ) ;
#5667 = SURFACE_STYLE_USAGE ( .BOTH. , #5524 ) ;
#5668 = CARTESIAN_POINT ( 'NONE',  ( -0.3750000000000001100, 0.8750000000000000000, -0.02000000000000000000 ) ) ;
#5669 = ORIENTED_EDGE ( 'NONE', *, *, #5794, .F. ) ;
#5670 = ORIENTED_EDGE ( 'NONE', *, *, #5773, .F. ) ;
#5671 = LINE ( 'NONE', #10105, #8209 ) ;
#5672 = VECTOR ( 'NONE', #9873, 999.9999999999998900 ) ;
#5673 = DIRECTION ( 'NONE',  ( -0.0000000000000000000, -0.0000000000000000000, -1.000000000000000000 ) ) ;
#5674 = DIRECTION ( 'NONE',  ( -1.000000000000000000, -0.0000000000000000000, -0.0000000000000000000 ) ) ;
#5675 = VERTEX_POINT ( 'NONE', #5291 ) ;
#5676 = VERTEX_POINT ( 'NONE', #6378 ) ;
#5677 = PLANE ( 'NONE',  #6162 ) ;
#5678 = VERTEX_POINT ( 'NONE', #3476 ) ;
#5679 = VECTOR ( 'NONE', #7917, 1000.000000000000000 ) ;
#5680 = CARTESIAN_POINT ( 'NONE',  ( 0.5943828114103957300, 0.7744100964311524400, 0.9400000000000000600 ) ) ;
#5681 =( NAMED_UNIT ( * ) SI_UNIT ( $, .STERADIAN. ) SOLID_ANGLE_UNIT ( ) );
#5682 = VECTOR ( 'NONE', #1217, 1000.000000000000000 ) ;
#5683 = CARTESIAN_POINT ( 'NONE',  ( 0.5764334786880764800, 0.6479477632650728600, 0.9400000000000000600 ) ) ;
#5684 = PRESENTATION_STYLE_ASSIGNMENT (( #6998 ) ) ;
#5685 = MECHANICAL_DESIGN_GEOMETRIC_PRESENTATION_REPRESENTATION (  '', ( #4543 ), #6244 ) ;
#5686 =( NAMED_UNIT ( * ) SI_UNIT ( $, .STERADIAN. ) SOLID_ANGLE_UNIT ( ) );
#5687 = DIRECTION ( 'NONE',  ( -1.000000000000000000, -0.0000000000000000000, -0.0000000000000000000 ) ) ;
#5688 = CARTESIAN_POINT ( 'NONE',  ( 0.06538211245380874700, 0.7044381883378546500, 0.9400000000000000600 ) ) ;
#5689 = ORIENTED_EDGE ( 'NONE', *, *, #3009, .F. ) ;
#5690 =( NAMED_UNIT ( * ) SI_UNIT ( $, .STERADIAN. ) SOLID_ANGLE_UNIT ( ) );
#5691 = EDGE_LOOP ( 'NONE', ( #6348, #10554, #9250, #10411 ) ) ;
#5692 = CARTESIAN_POINT ( 'NONE',  ( 0.1249999999999998900, 0.8750000000000000000, -0.02000000000000000000 ) ) ;
#5693 = UNCERTAINTY_MEASURE_WITH_UNIT (LENGTH_MEASURE( 1.000000000000000100E-005 ), #4413, 'distance_accuracy_value', 'NONE');
#5694 = ORIENTED_EDGE ( 'NONE', *, *, #4367, .T. ) ;
#5695 = VECTOR ( 'NONE', #5133, 1000.000000000000000 ) ;
#5696 =( LENGTH_UNIT ( ) NAMED_UNIT ( * ) SI_UNIT ( .MILLI., .METRE. ) );
#5697 = SURFACE_STYLE_FILL_AREA ( #4867 ) ;
#5698 = B_SPLINE_CURVE_WITH_KNOTS ( 'NONE', 3,
 ( #8388, #9122, #8231, #7682 ),
 .UNSPECIFIED., .F., .F.,
 ( 4, 4 ),
 ( 26.00000000000000000, 27.00000000000000000 ),
 .UNSPECIFIED. ) ;
#5699 = ORIENTED_EDGE ( 'NONE', *, *, #6550, .T. ) ;
#5700 = ORIENTED_EDGE ( 'NONE', *, *, #4792, .F. ) ;
#5701 = FILL_AREA_STYLE ('',( #7849 ) ) ;
#5702 = CARTESIAN_POINT ( 'NONE',  ( 0.6635805837678008200, 0.6207638083283396600, 0.9400000000000000600 ) ) ;
#5703 = EDGE_LOOP ( 'NONE', ( #2608, #4259, #4857, #5909 ) ) ;
#5704 = ADVANCED_FACE ( 'NONE', ( #7451 ), #7515, .T. ) ;
#5705 = ORIENTED_EDGE ( 'NONE', *, *, #9876, .T. ) ;
#5706 = CARTESIAN_POINT ( 'NONE',  ( 0.01098200202495516600, 0.6162962151507489500, 0.9400000000000000600 ) ) ;
#5707 = DIRECTION ( 'NONE',  ( -0.0000000000000000000, -0.0000000000000000000, -1.000000000000000000 ) ) ;
#5708 = LINE ( 'NONE', #7561, #5442 ) ;
#5709 = DIRECTION ( 'NONE',  ( 0.3315284183576288100, 0.9434452330799542000, -0.0000000000000000000 ) ) ;
#5710 = ORIENTED_EDGE ( 'NONE', *, *, #5225, .T. ) ;
#5711 = FILL_AREA_STYLE_COLOUR ( '', #8197 ) ;
#5712 = VERTEX_POINT ( 'NONE', #9318 ) ;
#5713 = DIRECTION ( 'NONE',  ( -0.0000000000000000000, -0.0000000000000000000, -1.000000000000000000 ) ) ;
#5714 = CARTESIAN_POINT ( 'NONE',  ( 0.4649990696081569000, 0.6245764941751733600, 0.9300000000000000500 ) ) ;
#5715 = VECTOR ( 'NONE', #10124, 1000.000000000000000 ) ;
#5716 = VECTOR ( 'NONE', #6665, 1000.000000000000000 ) ;
#5717 = CARTESIAN_POINT ( 'NONE',  ( -0.09437512939602889200, 0.6548583440168537200, 0.9400000000000000600 ) ) ;
#5718 = VECTOR ( 'NONE', #10396, 1000.000000000000000 ) ;
#5719 = VECTOR ( 'NONE', #509, 1000.000000000000000 ) ;
#5720 =( LENGTH_UNIT ( ) NAMED_UNIT ( * ) SI_UNIT ( .MILLI., .METRE. ) );
#5721 = EDGE_LOOP ( 'NONE', ( #4424, #3416, #3956, #1753 ) ) ;
#5722 = ADVANCED_FACE ( 'NONE', ( #2923 ), #6447, .F. ) ;
#5723 = B_SPLINE_CURVE_WITH_KNOTS ( 'NONE', 3,
 ( #3901, #7209, #503, #9901 ),
 .UNSPECIFIED., .F., .F.,
 ( 4, 4 ),
 ( 4.000000000000000000, 5.000000000000000000 ),
 .UNSPECIFIED. ) ;
#5724 =( GEOMETRIC_REPRESENTATION_CONTEXT ( 3 ) GLOBAL_UNCERTAINTY_ASSIGNED_CONTEXT ( ( #10739 ) ) GLOBAL_UNIT_ASSIGNED_CONTEXT ( ( #2272, #8198, #3088 ) ) REPRESENTATION_CONTEXT ( 'NONE', 'WORKASPACE' ) );
#5725 = EDGE_LOOP ( 'NONE', ( #4654, #5039, #1105, #8230 ) ) ;
#5726 = CARTESIAN_POINT ( 'NONE',  ( 0.7728363152205755000, 0.6318057426650612900, 0.9400000000000000600 ) ) ;
#5727 = DIRECTION ( 'NONE',  ( -0.0000000000000000000, -0.0000000000000000000, 1.000000000000000000 ) ) ;
#5728 = LINE ( 'NONE', #3322, #9682 ) ;
#5729 = VECTOR ( 'NONE', #6122, 1000.000000000000000 ) ;
#5730 = EDGE_CURVE ( 'NONE', #4050, #2662, #3769, .T. ) ;
#5731 = PRESENTATION_LAYER_ASSIGNMENT (  '', '', ( #2344 ) ) ;
#5732 = LINE ( 'NONE', #6518, #3478 ) ;
#5733 = CARTESIAN_POINT ( 'NONE',  ( 0.6549896617612845900, 0.8712622200305797400, 0.9400000000000000600 ) ) ;
#5734 = EDGE_CURVE ( 'NONE', #7566, #2981, #6613, .T. ) ;
#5735 = SURFACE_STYLE_USAGE ( .BOTH. , #5768 ) ;
#5736 = ORIENTED_EDGE ( 'NONE', *, *, #1336, .T. ) ;
#5737 = EDGE_CURVE ( 'NONE', #5130, #1889, #10687, .T. ) ;
#5738 = VERTEX_POINT ( 'NONE', #9344 ) ;
#5739 = ORIENTED_EDGE ( 'NONE', *, *, #1606, .F. ) ;
#5740 = LINE ( 'NONE', #3755, #7206 ) ;
#5741 = DIRECTION ( 'NONE',  ( -0.0000000000000000000, -0.0000000000000000000, -1.000000000000000000 ) ) ;
#5742 = SURFACE_STYLE_USAGE ( .BOTH. , #10757 ) ;
#5743 = FACE_OUTER_BOUND ( 'NONE', #8728, .T. ) ;
#5744 = DIRECTION ( 'NONE',  ( 0.0000000000000000000, -0.0000000000000000000, -1.000000000000000000 ) ) ;
#5745 =( GEOMETRIC_REPRESENTATION_CONTEXT ( 3 ) GLOBAL_UNCERTAINTY_ASSIGNED_CONTEXT ( ( #3228 ) ) GLOBAL_UNIT_ASSIGNED_CONTEXT ( ( #4036, #8311, #8266 ) ) REPRESENTATION_CONTEXT ( 'NONE', 'WORKASPACE' ) );
#5746 = CARTESIAN_POINT ( 'NONE',  ( 0.5436542834821478400, 0.6695859933328316400, 0.9300000000000000500 ) ) ;
#5747 = EDGE_LOOP ( 'NONE', ( #5534, #3398, #10074, #5483 ) ) ;
#5748 = ORIENTED_EDGE ( 'NONE', *, *, #2280, .T. ) ;
#5749 = LINE ( 'NONE', #6811, #1330 ) ;
#5750 = DIRECTION ( 'NONE',  ( 0.0000000000000000000, -1.000000000000000000, 0.0000000000000000000 ) ) ;
#5751 = DIRECTION ( 'NONE',  ( 0.0000000000000000000, -0.0000000000000000000, -1.000000000000000000 ) ) ;
#5752 =( GEOMETRIC_REPRESENTATION_CONTEXT ( 3 ) GLOBAL_UNCERTAINTY_ASSIGNED_CONTEXT ( ( #7199 ) ) GLOBAL_UNIT_ASSIGNED_CONTEXT ( ( #6067, #1100, #6948 ) ) REPRESENTATION_CONTEXT ( 'NONE', 'WORKASPACE' ) );
#5753 = CARTESIAN_POINT ( 'NONE',  ( 0.4772046158592828100, 0.6301222190441387900, 0.9400000000000000600 ) ) ;
#5754 = CARTESIAN_POINT ( 'NONE',  ( 0.7408988818251066600, 0.8556648688373532700, 0.9300000000000000500 ) ) ;
#5755 = UNCERTAINTY_MEASURE_WITH_UNIT (LENGTH_MEASURE( 1.000000000000000100E-005 ), #736, 'distance_accuracy_value', 'NONE');
#5756 = CARTESIAN_POINT ( 'NONE',  ( 0.6182987499070750100, 0.6354203669096669700, 0.9300000000000000500 ) ) ;
#5757 = VECTOR ( 'NONE', #7115, 1000.000000000000000 ) ;
#5758 = ADVANCED_FACE ( 'NONE', ( #2164 ), #2789, .F. ) ;
#5759 = DIRECTION ( 'NONE',  ( -0.0000000000000000000, 1.000000000000000000, -0.0000000000000000000 ) ) ;
#5760 = CARTESIAN_POINT ( 'NONE',  ( -1.000000000000000000, 0.0000000000000000000, -0.02000000000000000000 ) ) ;
#5761 = CARTESIAN_POINT ( 'NONE',  ( -0.001412949204835072700, 0.6431519647050799600, 0.9400000000000000600 ) ) ;
#5762 = PLANE ( 'NONE',  #1337 ) ;
#5763 = CARTESIAN_POINT ( 'NONE',  ( 0.5693032609999676400, 0.6799842274616579900, 0.9300000000000000500 ) ) ;
#5764 =( GEOMETRIC_REPRESENTATION_CONTEXT ( 3 ) GLOBAL_UNCERTAINTY_ASSIGNED_CONTEXT ( ( #5873 ) ) GLOBAL_UNIT_ASSIGNED_CONTEXT ( ( #4588, #10487, #4956 ) ) REPRESENTATION_CONTEXT ( 'NONE', 'WORKASPACE' ) );
#5765 = ORIENTED_EDGE ( 'NONE', *, *, #5519, .F. ) ;
#5766 = FACE_OUTER_BOUND ( 'NONE', #2495, .T. ) ;
#5767 = LINE ( 'NONE', #5020, #10260 ) ;
#5768 = SURFACE_SIDE_STYLE ('',( #8806 ) ) ;
#5769 = B_SPLINE_CURVE_WITH_KNOTS ( 'NONE', 3,
 ( #5638, #6440, #6490, #9604 ),
 .UNSPECIFIED., .F., .F.,
 ( 4, 4 ),
 ( 1.000000000000000000, 2.000000000000000000 ),
 .UNSPECIFIED. ) ;
#5770 = CARTESIAN_POINT ( 'NONE',  ( 0.7156707852130119700, 0.6207638083283396600, 0.9300000000000000500 ) ) ;
#5771 = CARTESIAN_POINT ( 'NONE',  ( 0.5229073306253952900, 0.7904035708294961900, 0.9400000000000000600 ) ) ;
#5772 = ORIENTED_EDGE ( 'NONE', *, *, #1404, .T. ) ;
#5773 = EDGE_CURVE ( 'NONE', #4905, #8733, #1408, .T. ) ;
#5774 = ORIENTED_EDGE ( 'NONE', *, *, #10243, .T. ) ;
#5775 = FACE_OUTER_BOUND ( 'NONE', #1695, .T. ) ;
#5776 = LINE ( 'NONE', #532, #1357 ) ;
#5777 = ORIENTED_EDGE ( 'NONE', *, *, #2088, .T. ) ;
#5778 = STYLED_ITEM ( 'NONE', ( #2712 ), #4531 ) ;
#5779 = CARTESIAN_POINT ( 'NONE',  ( 0.5463033574149133200, 0.6659218536876677600, 0.9300000000000000500 ) ) ;
#5780 = AXIS2_PLACEMENT_3D ( 'NONE', #1733, #7632, #2538 ) ;
#5781 = FACE_OUTER_BOUND ( 'NONE', #9733, .T. ) ;
#5782 = CARTESIAN_POINT ( 'NONE',  ( -0.5000000000000000000, 0.0000000000000000000, -0.02000000000000000000 ) ) ;
#5783 = PLANE ( 'NONE',  #7317 ) ;
#5784 = EDGE_CURVE ( 'NONE', #4745, #686, #7861, .T. ) ;
#5785 = STYLED_ITEM ( 'NONE', ( #6790 ), #250 ) ;
#5786 = EDGE_CURVE ( 'NONE', #5830, #8678, #10050, .T. ) ;
#5788 = CARTESIAN_POINT ( 'NONE',  ( 0.05229852363548511500, 0.6431519647050799600, 0.9300000000000000500 ) ) ;
#5787 = CARTESIAN_POINT ( 'NONE',  ( 0.5436542834821478400, 0.6751317182011412600, 0.9400000000000000600 ) ) ;
#5789 = VERTEX_POINT ( 'NONE', #6458 ) ;
#5790 = CARTESIAN_POINT ( 'NONE',  ( 0.5580880227609703600, 0.6599800056135877200, 0.9300000000000000500 ) ) ;
#5791 = PRESENTATION_STYLE_ASSIGNMENT (( #913 ) ) ;
#5792 = DIRECTION ( 'NONE',  ( 1.000000000000000000, -0.0000000000000000000, -0.0000000000000000000 ) ) ;
#5793 = FILL_AREA_STYLE ('',( #6057 ) ) ;
#5794 = EDGE_CURVE ( 'NONE', #9430, #5867, #5832, .T. ) ;
#5795 = ORIENTED_EDGE ( 'NONE', *, *, #10389, .T. ) ;
#5796 = PRESENTATION_LAYER_ASSIGNMENT (  '', '', ( #4664 ) ) ;
#5797 = ORIENTED_EDGE ( 'NONE', *, *, #2611, .F. ) ;
#5798 = ORIENTED_EDGE ( 'NONE', *, *, #5730, .T. ) ;
#5799 = SURFACE_STYLE_FILL_AREA ( #3024 ) ;
#5800 = CARTESIAN_POINT ( 'NONE',  ( 0.7605317381683398500, 0.6318057426650612900, 0.9400000000000000600 ) ) ;
#5801 = CARTESIAN_POINT ( 'NONE',  ( 0.6505085180056106000, 0.6899368229848047400, 0.9400000000000000600 ) ) ;
#5802 = ADVANCED_FACE ( 'NONE', ( #5310 ), #3817, .T. ) ;
#5803 = CARTESIAN_POINT ( 'NONE',  ( -0.1232966932103497500, 0.7299166758492917600, 0.9300000000000000500 ) ) ;
#5804 = CIRCLE ( 'NONE', #2860, 0.09299432094351936500 ) ;
#5805 = CARTESIAN_POINT ( 'NONE',  ( 0.2141215666114700500, 0.7698559748191087200, 0.9400000000000000600 ) ) ;
#5806 = ORIENTED_EDGE ( 'NONE', *, *, #8898, .F. ) ;
#5807 = ORIENTED_EDGE ( 'NONE', *, *, #6800, .F. ) ;
#5808 = ORIENTED_EDGE ( 'NONE', *, *, #8849, .T. ) ;
#5809 = CARTESIAN_POINT ( 'NONE',  ( 0.7982129580350048000, 0.7047914431690173200, 0.9300000000000000500 ) ) ;
#5810 = VECTOR ( 'NONE', #4998, 1000.000000000000000 ) ;
#5811 = CARTESIAN_POINT ( 'NONE',  ( 0.6513502798157353400, 0.8601212548927491500, 0.9400000000000000600 ) ) ;
#5812 = LINE ( 'NONE', #9319, #3573 ) ;
#5813 = DIRECTION ( 'NONE',  ( -0.0000000000000000000, -0.0000000000000000000, 1.000000000000000000 ) ) ;
#5814 = CARTESIAN_POINT ( 'NONE',  ( 0.5653420289508036500, 0.6383912909463753700, 0.9400000000000000600 ) ) ;
#5815 = ORIENTED_EDGE ( 'NONE', *, *, #1998, .F. ) ;
#5816 = ORIENTED_EDGE ( 'NONE', *, *, #6488, .F. ) ;
#5817 = ORIENTED_EDGE ( 'NONE', *, *, #6689, .F. ) ;
#5818 = CARTESIAN_POINT ( 'NONE',  ( 0.6398131914727888100, 0.8601212548927491500, 0.9400000000000000600 ) ) ;
#5819 = VERTEX_POINT ( 'NONE', #5532 ) ;
#5821 = CARTESIAN_POINT ( 'NONE',  ( -0.03928643391532113400, 0.6218051319819646300, 0.9400000000000000600 ) ) ;
#5820 = CARTESIAN_POINT ( 'NONE',  ( 0.3160356479979080600, 0.7168331264331474500, 0.9400000000000000600 ) ) ;
#5822 = CARTESIAN_POINT ( 'NONE',  ( 0.4767342195533316200, 0.6511167489040078400, 0.9400000000000000600 ) ) ;
#5823 = VECTOR ( 'NONE', #7932, 1000.000000000000000 ) ;
#5824 = FACE_OUTER_BOUND ( 'NONE', #1923, .T. ) ;
#5825 = SURFACE_SIDE_STYLE ('',( #464 ) ) ;
#5826 = EDGE_LOOP ( 'NONE', ( #9323, #8748, #5806, #711 ) ) ;
#5827 = CARTESIAN_POINT ( 'NONE',  ( 0.2196304309060044000, 0.7698559748191087200, 0.9300000000000000500 ) ) ;
#5828 = ORIENTED_EDGE ( 'NONE', *, *, #10388, .F. ) ;
#5830 = VERTEX_POINT ( 'NONE', #5520 ) ;
#5829 = PLANE ( 'NONE',  #4273 ) ;
#5831 = FACE_OUTER_BOUND ( 'NONE', #5826, .T. ) ;
#5832 = B_SPLINE_CURVE_WITH_KNOTS ( 'NONE', 3,
 ( #735, #7160, #10657, #2927 ),
 .UNSPECIFIED., .F., .F.,
 ( 4, 4 ),
 ( 4.000000000000000000, 5.000000000000000000 ),
 .UNSPECIFIED. ) ;
#5833 = DIRECTION ( 'NONE',  ( 0.0000000000000000000, 0.0000000000000000000, -1.000000000000000000 ) ) ;
#5834 = CARTESIAN_POINT ( 'NONE',  ( 0.4804973899999419600, 0.8580416080667182500, 0.9400000000000000600 ) ) ;
#5835 = MECHANICAL_DESIGN_GEOMETRIC_PRESENTATION_REPRESENTATION (  '', ( #4123 ), #6396 ) ;
#5836 = CARTESIAN_POINT ( 'NONE',  ( 0.4822056713211331200, 0.7727760882107978000, 0.9300000000000000500 ) ) ;
#5837 = ORIENTED_EDGE ( 'NONE', *, *, #3169, .F. ) ;
#5838 = B_SPLINE_CURVE_WITH_KNOTS ( 'NONE', 3,
 ( #9988, #7524, #3261, #9186 ),
 .UNSPECIFIED., .F., .F.,
 ( 4, 4 ),
 ( 3.000000000000000000, 4.000000000000000000 ),
 .UNSPECIFIED. ) ;
#5839 = CARTESIAN_POINT ( 'NONE',  ( 0.1886430396978598700, 0.6631216273244853200, 0.9400000000000000600 ) ) ;
#5840 = ORIENTED_EDGE ( 'NONE', *, *, #3234, .T. ) ;
#5841 = CARTESIAN_POINT ( 'NONE',  ( 0.7606060112698374000, 0.6207638083283396600, 0.9400000000000000600 ) ) ;
#5842 = COLOUR_RGB ( '',0.2980392156862745100, 0.2980392156862745100, 0.2980392156862745100 ) ;
#5843 = FACE_OUTER_BOUND ( 'NONE', #4903, .T. ) ;
#5844 = FACE_OUTER_BOUND ( 'NONE', #10307, .T. ) ;
#5845 = LINE ( 'NONE', #5116, #10082 ) ;
#5846 = EDGE_CURVE ( 'NONE', #3020, #10228, #5576, .T. ) ;
#5847 = EDGE_CURVE ( 'NONE', #7217, #3602, #876, .T. ) ;
#5848 = CARTESIAN_POINT ( 'NONE',  ( -0.001412949204835072700, 0.6280025681941859800, 0.9300000000000000500 ) ) ;
#5849 = CARTESIAN_POINT ( 'NONE',  ( 0.5473431808279249900, 0.6790929502503110200, 0.9300000000000000500 ) ) ;
#5850 = ORIENTED_EDGE ( 'NONE', *, *, #9489, .F. ) ;
#5851 = CARTESIAN_POINT ( 'NONE',  ( 0.5934915341993809400, 0.5985809088531275400, 0.9300000000000000500 ) ) ;
#5852 = EDGE_CURVE ( 'NONE', #4704, #3951, #4566, .T. ) ;
#5853 =( NAMED_UNIT ( * ) PLANE_ANGLE_UNIT ( ) SI_UNIT ( $, .RADIAN. ) );
#5854 = EDGE_LOOP ( 'NONE', ( #9245, #6027, #422, #5710 ) ) ;
#5855 = CARTESIAN_POINT ( 'NONE',  ( 0.5605637927917853600, 0.6290328802305755800, 0.9400000000000000600 ) ) ;
#5856 = VECTOR ( 'NONE', #8938, 1000.000000000000000 ) ;
#5857 = LINE ( 'NONE', #3997, #10089 ) ;
#5858 = CARTESIAN_POINT ( 'NONE',  ( 0.1927746813516781300, 0.6624330291384651300, 0.9400000000000000600 ) ) ;
#5859 = EDGE_CURVE ( 'NONE', #4187, #1253, #7583, .T. ) ;
#5860 = ADVANCED_FACE ( 'NONE', ( #2801 ), #7565, .F. ) ;
#5861 = PLANE ( 'NONE',  #265 ) ;
#5862 = CARTESIAN_POINT ( 'NONE',  ( -0.1115903450923940700, 0.7877598034772622700, 0.9300000000000000500 ) ) ;
#5863 = CARTESIAN_POINT ( 'NONE',  ( -0.001412949204835072700, 0.6280025681941859800, 0.9400000000000000600 ) ) ;
#5864 = VERTEX_POINT ( 'NONE', #5494 ) ;
#5865 = EDGE_CURVE ( 'NONE', #10779, #46, #605, .T. ) ;
#5866 = CARTESIAN_POINT ( 'NONE',  ( 0.4748773920304684700, 0.6322018658695104400, 0.9400000000000000600 ) ) ;
#5867 = VERTEX_POINT ( 'NONE', #8161 ) ;
#5868 = FILL_AREA_STYLE_COLOUR ( '', #7680 ) ;
#5870 = EDGE_CURVE ( 'NONE', #9781, #9002, #9266, .T. ) ;
#5869 = SURFACE_STYLE_FILL_AREA ( #9756 ) ;
#5871 = DIRECTION ( 'NONE',  ( 1.000000000000000000, -4.336808689942017700E-016, 0.0000000000000000000 ) ) ;
#5872 = EDGE_CURVE ( 'NONE', #10283, #9789, #9530, .T. ) ;
#5873 = UNCERTAINTY_MEASURE_WITH_UNIT (LENGTH_MEASURE( 1.000000000000000100E-005 ), #4588, 'distance_accuracy_value', 'NONE');
#5874 = ORIENTED_EDGE ( 'NONE', *, *, #9043, .F. ) ;
#5875 = CARTESIAN_POINT ( 'NONE',  ( 0.5229073306253952900, 0.7784208438808782900, 0.9300000000000000500 ) ) ;
#5876 = EDGE_LOOP ( 'NONE', ( #7998, #7976, #7464, #1659 ) ) ;
#5877 = FACE_BOUND ( 'NONE', #6672, .T. ) ;
#5878 = CARTESIAN_POINT ( 'NONE',  ( 0.6611543291378714200, 0.7888190780096977500, 0.9300000000000000500 ) ) ;
#5879 = CARTESIAN_POINT ( 'NONE',  ( 0.3750000000000001100, -0.6250000000000000000, 0.0000000000000000000 ) ) ;
#5880 = CARTESIAN_POINT ( 'NONE',  ( 0.4590572215344044200, 0.6392825681577188900, 0.9400000000000000600 ) ) ;
#5881 = CARTESIAN_POINT ( 'NONE',  ( -0.001412949204835072700, 0.6431519647050799600, 0.9300000000000000500 ) ) ;
#5882 = LINE ( 'NONE', #6539, #7923 ) ;
#5883 = FILL_AREA_STYLE ('',( #5030 ) ) ;
#5884 = CARTESIAN_POINT ( 'NONE',  ( 0.7961333112089773500, 0.6912737388011590500, 0.9300000000000000500 ) ) ;
#5885 =( NAMED_UNIT ( * ) PLANE_ANGLE_UNIT ( ) SI_UNIT ( $, .RADIAN. ) );
#5886 = CARTESIAN_POINT ( 'NONE',  ( 0.5601429118863929800, 0.6467098782491673700, 0.9300000000000000500 ) ) ;
#5887 = VERTEX_POINT ( 'NONE', #5323 ) ;
#5888 = ORIENTED_EDGE ( 'NONE', *, *, #5508, .F. ) ;
#5890 = CARTESIAN_POINT ( 'NONE',  ( -0.6249999999999998900, -0.8750000000000000000, -0.02000000000000000000 ) ) ;
#5889 =( LENGTH_UNIT ( ) NAMED_UNIT ( * ) SI_UNIT ( .MILLI., .METRE. ) );
#5891 = FACE_OUTER_BOUND ( 'NONE', #6907, .T. ) ;
#5892 = LINE ( 'NONE', #1132, #1724 ) ;
#5893 = CARTESIAN_POINT ( 'NONE',  ( 0.2905571210839667500, 0.6514153005493975600, 0.9300000000000000500 ) ) ;
#5894 = CARTESIAN_POINT ( 'NONE',  ( 0.5025069855725459200, 0.6207638083283396600, 0.9400000000000000600 ) ) ;
#5895 = UNCERTAINTY_MEASURE_WITH_UNIT (LENGTH_MEASURE( 1.000000000000000100E-005 ), #948, 'distance_accuracy_value', 'NONE');
#5896 = CARTESIAN_POINT ( 'NONE',  ( -0.001412949204835072700, 0.6583013612159794900, 0.9300000000000000500 ) ) ;
#5897 = ORIENTED_EDGE ( 'NONE', *, *, #7147, .F. ) ;
#5898 = FILL_AREA_STYLE ('',( #6761 ) ) ;
#5899 = PRESENTATION_LAYER_ASSIGNMENT (  '', '', ( #4194 ) ) ;
#5900 = CARTESIAN_POINT ( 'NONE',  ( -0.03033451958623961700, 0.5942607842409478600, 0.9300000000000000500 ) ) ;
#5901 = VERTEX_POINT ( 'NONE', #7727 ) ;
#5902 = DIRECTION ( 'NONE',  ( 0.0000000000000000000, 0.0000000000000000000, 1.000000000000000000 ) ) ;
#5903 = LINE ( 'NONE', #1078, #1485 ) ;
#5904 = FACE_OUTER_BOUND ( 'NONE', #5422, .T. ) ;
#5905 = B_SPLINE_CURVE_WITH_KNOTS ( 'NONE', 3,
 ( #6088, #7823, #7879, #1153 ),
 .UNSPECIFIED., .F., .F.,
 ( 4, 4 ),
 ( 21.00000000000000000, 22.00000000000000000 ),
 .UNSPECIFIED. ) ;
#5906 = CARTESIAN_POINT ( 'NONE',  ( 0.5944323268112803300, 0.5881826747243045200, 0.9300000000000000500 ) ) ;
#5907 = DIRECTION ( 'NONE',  ( -1.000000000000000000, 0.0000000000000000000, -0.0000000000000000000 ) ) ;
#5908 = ADVANCED_FACE ( 'NONE', ( #4748 ), #6481, .F. ) ;
#5909 = ORIENTED_EDGE ( 'NONE', *, *, #5786, .T. ) ;
#5910 = ORIENTED_EDGE ( 'NONE', *, *, #299, .T. ) ;
#5911 = ORIENTED_EDGE ( 'NONE', *, *, #5499, .T. ) ;
#5912 = AXIS2_PLACEMENT_3D ( 'NONE', #932, #7758, #7379 ) ;
#5913 = DIRECTION ( 'NONE',  ( -0.8863488427958774500, -0.4630180653866638500, 0.0000000000000000000 ) ) ;
#5914 = EDGE_CURVE ( 'NONE', #6938, #951, #360, .T. ) ;
#5915 = CARTESIAN_POINT ( 'NONE',  ( 0.5622225587120900400, 0.6449768392276955500, 0.9400000000000000600 ) ) ;
#5916 = VERTEX_POINT ( 'NONE', #579 ) ;
#5917 = VERTEX_POINT ( 'NONE', #6523 ) ;
#5918 = CARTESIAN_POINT ( 'NONE',  ( 0.1762480884680702700, 0.6211165075269448100, 0.9400000000000000600 ) ) ;
#5919 = EDGE_LOOP ( 'NONE', ( #10834, #7149, #6854, #9818 ) ) ;
#5920 = CARTESIAN_POINT ( 'NONE',  ( 0.0000000000000000000, 0.0000000000000000000, 0.0000000000000000000 ) ) ;
#5921 = VECTOR ( 'NONE', #6564, 1000.000000000000000 ) ;
#5922 = EDGE_CURVE ( 'NONE', #2293, #7766, #3690, .T. ) ;
#5923 = VERTEX_POINT ( 'NONE', #7449 ) ;
#5924 = CARTESIAN_POINT ( 'NONE',  ( 0.6250000000000013300, 0.1249999999999936000, -0.02000000000000000000 ) ) ;
#5925 = CARTESIAN_POINT ( 'NONE',  ( -0.1249999999999998900, -0.6250000000000000000, 0.0000000000000000000 ) ) ;
#5926 = EDGE_CURVE ( 'NONE', #6595, #4487, #2074, .T. ) ;
#5928 = CARTESIAN_POINT ( 'NONE',  ( -0.7060703158792578400, 0.7972593383840376200, 0.9300000000000000500 ) ) ;
#5927 = CARTESIAN_POINT ( 'NONE',  ( 0.4078582973002103900, 0.6318057426650551800, 0.9400000000000000600 ) ) ;
#5929 = CARTESIAN_POINT ( 'NONE',  ( 0.7464693643943523000, 0.6318057426650612900, 0.9300000000000000500 ) ) ;
#5930 = CARTESIAN_POINT ( 'NONE',  ( 0.5311516448273563300, 0.6712695169537451500, 0.9400000000000000600 ) ) ;
#5931 = ORIENTED_EDGE ( 'NONE', *, *, #2682, .T. ) ;
#5932 = CARTESIAN_POINT ( 'NONE',  ( 0.1913974849792963500, 0.7016837430564193400, 0.9300000000000000500 ) ) ;
#5933 = VERTEX_POINT ( 'NONE', #10295 ) ;
#5934 = CARTESIAN_POINT ( 'NONE',  ( 0.4078582973002071200, 0.7064749667899272700, 0.9400000000000000600 ) ) ;
#5935 = EDGE_LOOP ( 'NONE', ( #4017, #610, #2575, #1732 ) ) ;
#5936 = VECTOR ( 'NONE', #5101, 1000.000000000000000 ) ;
#5937 = CARTESIAN_POINT ( 'NONE',  ( 0.8079427342556492200, 0.6433923464085591300, 0.9300000000000000500 ) ) ;
#5938 = CARTESIAN_POINT ( 'NONE',  ( 0.8181924221821361700, 0.6207638083283396600, 0.9400000000000000600 ) ) ;
#5939 = LINE ( 'NONE', #1929, #3420 ) ;
#5940 = DIRECTION ( 'NONE',  ( 1.000000000000000000, -4.336808689942017700E-016, 0.0000000000000000000 ) ) ;
#5941 = ORIENTED_EDGE ( 'NONE', *, *, #7589, .T. ) ;
#5942 = EDGE_LOOP ( 'NONE', ( #591, #10433, #5558, #10017 ) ) ;
#5943 = DIRECTION ( 'NONE',  ( -3.491481338843134100E-015, -1.000000000000000000, 0.0000000000000000000 ) ) ;
#5944 = FILL_AREA_STYLE ('',( #8482 ) ) ;
#5945 = UNCERTAINTY_MEASURE_WITH_UNIT (LENGTH_MEASURE( 1.000000000000000100E-005 ), #9469, 'distance_accuracy_value', 'NONE');
#5946 = DIRECTION ( 'NONE',  ( -0.0000000000000000000, 1.000000000000000000, -0.0000000000000000000 ) ) ;
#5947 = EDGE_LOOP ( 'NONE', ( #3512, #8980, #10384, #1538 ) ) ;
#5948 = CARTESIAN_POINT ( 'NONE',  ( 0.7564962330183363500, 0.8118437392950346200, 0.9400000000000000600 ) ) ;
#5949 = LINE ( 'NONE', #298, #5695 ) ;
#5950 = VECTOR ( 'NONE', #9055, 1000.000000000000000 ) ;
#5951 = PRESENTATION_LAYER_ASSIGNMENT (  '', '', ( #4242 ) ) ;
#5952 = ORIENTED_EDGE ( 'NONE', *, *, #7540, .T. ) ;
#5953 = VERTEX_POINT ( 'NONE', #4381 ) ;
#5954 = CARTESIAN_POINT ( 'NONE',  ( 0.1249999999999998900, 0.6250000000000000000, 0.0000000000000000000 ) ) ;
#5955 = ORIENTED_EDGE ( 'NONE', *, *, #6644, .F. ) ;
#5956 = ORIENTED_EDGE ( 'NONE', *, *, #4135, .F. ) ;
#5957 = DIRECTION ( 'NONE',  ( -1.000000000000000000, 0.0000000000000000000, 0.0000000000000000000 ) ) ;
#5958 = SURFACE_SIDE_STYLE ('',( #9719 ) ) ;
#5959 = DIRECTION ( 'NONE',  ( 0.0000000000000000000, 1.000000000000000000, -0.0000000000000000000 ) ) ;
#5960 =( NAMED_UNIT ( * ) PLANE_ANGLE_UNIT ( ) SI_UNIT ( $, .RADIAN. ) );
#5961 = DIRECTION ( 'NONE',  ( 1.000000000000000000, 0.0000000000000000000, 0.0000000000000000000 ) ) ;
#5962 = ORIENTED_EDGE ( 'NONE', *, *, #8914, .T. ) ;
#5963 = AXIS2_PLACEMENT_3D ( 'NONE', #7307, #8170, #8975 ) ;
#5965 = CARTESIAN_POINT ( 'NONE',  ( 0.6059198997533431500, 0.6083354427740475000, 0.9300000000000000500 ) ) ;
#5964 = CARTESIAN_POINT ( 'NONE',  ( 0.5744776203641002200, 0.6884513609661171400, 0.9400000000000000600 ) ) ;
#5966 = VERTEX_POINT ( 'NONE', #3649 ) ;
#5967 = CARTESIAN_POINT ( 'NONE',  ( 0.3160356479979080600, 0.6927318221602552000, 0.9300000000000000500 ) ) ;
#5968 = LINE ( 'NONE', #9657, #5715 ) ;
#5969 = VECTOR ( 'NONE', #5674, 1000.000000000000000 ) ;
#5970 = CARTESIAN_POINT ( 'NONE',  ( 0.4078582973002103900, 0.6318057426650551800, 0.9400000000000000600 ) ) ;
#5971 = FACE_OUTER_BOUND ( 'NONE', #10762, .T. ) ;
#5972 = CARTESIAN_POINT ( 'NONE',  ( 0.8749999999999986700, -0.1250000000000091000, -0.02000000000000000000 ) ) ;
#5973 = VERTEX_POINT ( 'NONE', #3413 ) ;
#5974 = ADVANCED_FACE ( 'NONE', ( #10183 ), #5429, .F. ) ;
#5975 = ORIENTED_EDGE ( 'NONE', *, *, #8220, .T. ) ;
#5976 = B_SPLINE_CURVE_WITH_KNOTS ( 'NONE', 3,
 ( #273, #10309, #2111, #6647 ),
 .UNSPECIFIED., .F., .F.,
 ( 4, 4 ),
 ( 19.00000000000000000, 20.00000000000000000 ),
 .UNSPECIFIED. ) ;
#5977 = LINE ( 'NONE', #9504, #10369 ) ;
#5979 = CARTESIAN_POINT ( 'NONE',  ( 0.02544278721532577900, 0.6700077142594130800, 0.9400000000000000600 ) ) ;
#5978 = VECTOR ( 'NONE', #1849, 1000.000000000000000 ) ;
#5980 = CARTESIAN_POINT ( 'NONE',  ( -0.1232966932103497500, 0.7299166758492917600, 0.9400000000000000600 ) ) ;
#5981 = CARTESIAN_POINT ( 'NONE',  ( 0.02544280034949358100, 0.7898256637061896700, 0.9400000000000000600 ) ) ;
#5982 = DIRECTION ( 'NONE',  ( 0.8863488427958774500, 0.4630180653866638500, 0.0000000000000000000 ) ) ;
#5983 = DIRECTION ( 'NONE',  ( -1.000000000000000000, -0.0000000000000000000, -0.0000000000000000000 ) ) ;
#5984 = EDGE_LOOP ( 'NONE', ( #3171, #7312, #121, #2032 ) ) ;
#5985 = ORIENTED_EDGE ( 'NONE', *, *, #5989, .F. ) ;
#5986 = VERTEX_POINT ( 'NONE', #6269 ) ;
#5987 = VECTOR ( 'NONE', #10159, 1000.000000000000000 ) ;
#5988 = EDGE_CURVE ( 'NONE', #2738, #8328, #5949, .T. ) ;
#5989 = EDGE_CURVE ( 'NONE', #5712, #7733, #8237, .T. ) ;
#5990 = CARTESIAN_POINT ( 'NONE',  ( 0.7606060112698374000, 0.6207638083283396600, 0.9300000000000000500 ) ) ;
#5991 = CARTESIAN_POINT ( 'NONE',  ( 0.6249999999999998900, 0.8750000000000000000, -0.02000000000000000000 ) ) ;
#5992 = EDGE_CURVE ( 'NONE', #10790, #92, #5653, .T. ) ;
#5993 = DIRECTION ( 'NONE',  ( -0.0000000000000000000, -0.0000000000000000000, -1.000000000000000000 ) ) ;
#5994 = EDGE_LOOP ( 'NONE', ( #6226, #2012, #1657, #3439 ) ) ;
#5995 = CARTESIAN_POINT ( 'NONE',  ( -0.3750000000000001100, 0.6250000000000000000, 0.0000000000000000000 ) ) ;
#5996 = VERTEX_POINT ( 'NONE', #158 ) ;
#5997 = EDGE_CURVE ( 'NONE', #8024, #5491, #3434, .T. ) ;
#5998 = VECTOR ( 'NONE', #286, 1000.000000000000000 ) ;
#5999 = DIRECTION ( 'NONE',  ( -0.0000000000000000000, -0.0000000000000000000, -1.000000000000000000 ) ) ;
#6000 = DIRECTION ( 'NONE',  ( 1.000000000000000000, 0.0000000000000000000, 0.0000000000000000000 ) ) ;
#6001 = CARTESIAN_POINT ( 'NONE',  ( 0.2086127023169374000, 0.8180585833648904600, 0.9400000000000000600 ) ) ;
#6002 = EDGE_CURVE ( 'NONE', #8200, #6525, #9532, .T. ) ;
#6003 = AXIS2_PLACEMENT_3D ( 'NONE', #6614, #2021, #8753 ) ;
#6004 = CARTESIAN_POINT ( 'NONE',  ( 0.8320072189533398400, 0.6207638083283396600, 0.9400000000000000600 ) ) ;
#6005 = ORIENTED_EDGE ( 'NONE', *, *, #6076, .F. ) ;
#6006 = CARTESIAN_POINT ( 'NONE',  ( 0.6050533802426096800, 0.5881826747243045200, 0.9300000000000000500 ) ) ;
#6007 = CARTESIAN_POINT ( 'NONE',  ( 0.6172341687937832300, 0.6322513812700694100, 0.9300000000000000500 ) ) ;
#6008 = EDGE_CURVE ( 'NONE', #325, #4227, #1274, .T. ) ;
#6009 = FACE_OUTER_BOUND ( 'NONE', #2250, .T. ) ;
#6010 = CARTESIAN_POINT ( 'NONE',  ( 0.5495218584550677400, 0.6511662643045632600, 0.9400000000000000600 ) ) ;
#6011 = DIRECTION ( 'NONE',  ( 0.0000000000000000000, -0.0000000000000000000, -1.000000000000000000 ) ) ;
#6012 = CARTESIAN_POINT ( 'NONE',  ( 0.5764334786880764800, 0.6479477632650728600, 0.9300000000000000500 ) ) ;
#6013 = CARTESIAN_POINT ( 'NONE',  ( 0.1700506259875117500, 0.7381800116929384500, 0.9400000000000000600 ) ) ;
#6014 =( NAMED_UNIT ( * ) SI_UNIT ( $, .STERADIAN. ) SOLID_ANGLE_UNIT ( ) );
#6015 = DIRECTION ( 'NONE',  ( -0.0000000000000000000, -0.0000000000000000000, -1.000000000000000000 ) ) ;
#6016 = CARTESIAN_POINT ( 'NONE',  ( 0.8181924221821361700, 0.6207638083283396600, 0.9300000000000000500 ) ) ;
#6017 = ORIENTED_EDGE ( 'NONE', *, *, #6615, .T. ) ;
#6018 = CARTESIAN_POINT ( 'NONE',  ( -0.07991432450440462400, 0.7312939247580169100, 0.9300000000000000500 ) ) ;
#6019 = ORIENTED_EDGE ( 'NONE', *, *, #9885, .T. ) ;
#6020 = CARTESIAN_POINT ( 'NONE',  ( 0.5653420289508036500, 0.6383912909463753700, 0.9400000000000000600 ) ) ;
#6021 = LINE ( 'NONE', #5093, #3752 ) ;
#6022 = MECHANICAL_DESIGN_GEOMETRIC_PRESENTATION_REPRESENTATION (  '', ( #4317 ), #752 ) ;
#6023 = CARTESIAN_POINT ( 'NONE',  ( 0.6403083454796753000, 0.8712622200305797400, 0.9400000000000000600 ) ) ;
#6024 = CARTESIAN_POINT ( 'NONE',  ( -0.1232966932103497500, 0.7595268444160593300, 0.9300000000000000500 ) ) ;
#6025 = ORIENTED_EDGE ( 'NONE', *, *, #2541, .T. ) ;
#6026 = CARTESIAN_POINT ( 'NONE',  ( 0.7606060112698374000, 0.6207638083283396600, 0.9300000000000000500 ) ) ;
#6027 = ORIENTED_EDGE ( 'NONE', *, *, #818, .F. ) ;
#6028 = CARTESIAN_POINT ( 'NONE',  ( 0.2733419037463276100, 0.7457546705462094700, 0.9300000000000000500 ) ) ;
#6029 = FACE_OUTER_BOUND ( 'NONE', #33, .T. ) ;
#6030 = VECTOR ( 'NONE', #496, 1000.000000000000000 ) ;
#6031 = ADVANCED_FACE ( 'NONE', ( #3163 ), #2817, .F. ) ;
#6032 = ORIENTED_EDGE ( 'NONE', *, *, #10785, .F. ) ;
#6034 = CARTESIAN_POINT ( 'NONE',  ( 0.5146382587228371900, 0.6652781534791097900, 0.9400000000000000600 ) ) ;
#6033 = CARTESIAN_POINT ( 'NONE',  ( -0.06958519410169028400, 0.8297649298419030900, 0.9400000000000000600 ) ) ;
#6035 = EDGE_LOOP ( 'NONE', ( #146, #6464, #860, #8166, #10296, #3431, #872, #7351, #527, #52, #7471, #747, #10570, #7856, #1979, #5157, #5144, #8768, #2201, #1363, #5036, #1369, #8272, #4781, #4307, #1057, #9723, #9916, #4170, #2065, #1513, #3442, #178 ) ) ;
#6036 = CARTESIAN_POINT ( 'NONE',  ( 0.4973078685081360800, 0.6347271513012086000, 0.9300000000000000500 ) ) ;
#6037 = DIRECTION ( 'NONE',  ( -0.5048830486499308300, 0.8631877589412118000, 0.0000000000000000000 ) ) ;
#6038 = FACE_OUTER_BOUND ( 'NONE', #2606, .T. ) ;
#6039 = FILL_AREA_STYLE ('',( #3808 ) ) ;
#6040 = CARTESIAN_POINT ( 'NONE',  ( 0.7605317381683398500, 0.6318057426650612900, 0.9300000000000000500 ) ) ;
#6041 = CARTESIAN_POINT ( 'NONE',  ( 0.8816464080683457100, 0.6472545476559552500, 0.9300000000000000500 ) ) ;
#6042 = MECHANICAL_DESIGN_GEOMETRIC_PRESENTATION_REPRESENTATION (  '', ( #3756 ), #6607 ) ;
#6043 = DIRECTION ( 'NONE',  ( -0.0000000000000000000, -0.0000000000000000000, 1.000000000000000000 ) ) ;
#6044 = CARTESIAN_POINT ( 'NONE',  ( 0.5146382587228371900, 0.6207638083283396600, 0.9300000000000000500 ) ) ;
#6045 = EDGE_CURVE ( 'NONE', #6158, #9527, #1012, .T. ) ;
#6046 = ORIENTED_EDGE ( 'NONE', *, *, #414, .F. ) ;
#6047 = ADVANCED_FACE ( 'NONE', ( #9645 ), #5333, .F. ) ;
#6048 = EDGE_LOOP ( 'NONE', ( #3848, #9450, #2043, #8502 ) ) ;
#6049 = VERTEX_POINT ( 'NONE', #4778 ) ;
#6050 = B_SPLINE_CURVE_WITH_KNOTS ( 'NONE', 3,
 ( #6709, #6733, #6759, #10676 ),
 .UNSPECIFIED., .F., .F.,
 ( 4, 4 ),
 ( 33.00000000000000000, 34.00000000000000000 ),
 .UNSPECIFIED. ) ;
#6051 = CARTESIAN_POINT ( 'NONE',  ( 0.5498437085590167600, 0.6191298001079786900, 0.9400000000000000600 ) ) ;
#6052 = LINE ( 'NONE', #6828, #3782 ) ;
#6053 = CARTESIAN_POINT ( 'NONE',  ( -0.8749999999999998900, -0.8749999999999998900, -0.02000000000000000000 ) ) ;
#6054 = ORIENTED_EDGE ( 'NONE', *, *, #8778, .T. ) ;
#6055 = EDGE_CURVE ( 'NONE', #1424, #5712, #4268, .T. ) ;
#6056 = EDGE_CURVE ( 'NONE', #5319, #1638, #7438, .T. ) ;
#6057 = FILL_AREA_STYLE_COLOUR ( '', #8538 ) ;
#6058 = EDGE_CURVE ( 'NONE', #5238, #10441, #2915, .T. ) ;
#6059 = CARTESIAN_POINT ( 'NONE',  ( 0.5934915341993809400, 0.5985809088531275400, 0.9300000000000000500 ) ) ;
#6060 = ORIENTED_EDGE ( 'NONE', *, *, #9056, .F. ) ;
#6061 = VERTEX_POINT ( 'NONE', #7715 ) ;
#6062 = STYLED_ITEM ( 'NONE', ( #10696 ), #5651 ) ;
#6063 = EDGE_LOOP ( 'NONE', ( #10193, #9088, #3510, #2286 ) ) ;
#6064 = FACE_OUTER_BOUND ( 'NONE', #1018, .T. ) ;
#6065 = ADVANCED_FACE ( 'NONE', ( #729 ), #3860, .F. ) ;
#6067 =( LENGTH_UNIT ( ) NAMED_UNIT ( * ) SI_UNIT ( .MILLI., .METRE. ) );
#6066 = LINE ( 'NONE', #8767, #10538 ) ;
#6068 = CARTESIAN_POINT ( 'NONE',  ( 0.4078582973002071200, 0.7064749667899272700, 0.9400000000000000600 ) ) ;
#6069 = DIRECTION ( 'NONE',  ( 1.000000000000000000, 1.343328941721107700E-014, -0.0000000000000000000 ) ) ;
#6070 = EDGE_CURVE ( 'NONE', #7884, #3134, #7448, .T. ) ;
#6071 = ORIENTED_EDGE ( 'NONE', *, *, #672, .F. ) ;
#6072 = STYLED_ITEM ( 'NONE', ( #1666 ), #1137 ) ;
#6073 =( NAMED_UNIT ( * ) SI_UNIT ( $, .STERADIAN. ) SOLID_ANGLE_UNIT ( ) );
#6074 = VERTEX_POINT ( 'NONE', #6441 ) ;
#6075 = CARTESIAN_POINT ( 'NONE',  ( 0.6680369698231981600, 0.7955531724926939700, 0.9300000000000000500 ) ) ;
#6076 = EDGE_CURVE ( 'NONE', #6525, #8200, #8082, .T. ) ;
#6077 = ORIENTED_EDGE ( 'NONE', *, *, #2130, .T. ) ;
#6078 = LINE ( 'NONE', #9959, #10546 ) ;
#6079 = CARTESIAN_POINT ( 'NONE',  ( 0.5887628134409231800, 0.5885292825288691600, 0.9300000000000000500 ) ) ;
#6080 = CARTESIAN_POINT ( 'NONE',  ( 0.8128200012164387100, 0.6847872213209504900, 0.9300000000000000500 ) ) ;
#6081 = FACE_OUTER_BOUND ( 'NONE', #2075, .T. ) ;
#6082 = CARTESIAN_POINT ( 'NONE',  ( 0.09499226788739424700, 0.6507267023633704900, 0.9300000000000000500 ) ) ;
#6083 = CARTESIAN_POINT ( 'NONE',  ( 0.6866547604536933400, 0.8498715669655995100, 0.9300000000000000500 ) ) ;
#6084 = VERTEX_POINT ( 'NONE', #1886 ) ;
#6085 = EDGE_CURVE ( 'NONE', #1424, #1255, #2663, .T. ) ;
#6086 = CARTESIAN_POINT ( 'NONE',  ( -0.03033451958623961700, 0.5942607842409478600, 0.9300000000000000500 ) ) ;
#6087 = ORIENTED_EDGE ( 'NONE', *, *, #1557, .F. ) ;
#6088 = CARTESIAN_POINT ( 'NONE',  ( 0.1177163495195692300, 0.8559320615082910400, 0.9300000000000000500 ) ) ;
#6089 = CARTESIAN_POINT ( 'NONE',  ( 0.6611543291378714200, 0.7888190780096977500, 0.9300000000000000500 ) ) ;
#6090 = ORIENTED_EDGE ( 'NONE', *, *, #4444, .T. ) ;
#6091 = ORIENTED_EDGE ( 'NONE', *, *, #9666, .F. ) ;
#6092 = CARTESIAN_POINT ( 'NONE',  ( 0.6760832224229544900, 0.6754783260056996800, 0.9400000000000000600 ) ) ;
#6093 = DIRECTION ( 'NONE',  ( -1.000000000000000000, 0.0000000000000000000, 0.0000000000000000000 ) ) ;
#6094 = ADVANCED_FACE ( 'NONE', ( #7162 ), #5359, .F. ) ;
#6095 =( GEOMETRIC_REPRESENTATION_CONTEXT ( 3 ) GLOBAL_UNCERTAINTY_ASSIGNED_CONTEXT ( ( #1860 ) ) GLOBAL_UNIT_ASSIGNED_CONTEXT ( ( #6740, #6947, #6914 ) ) REPRESENTATION_CONTEXT ( 'NONE', 'WORKASPACE' ) );
#6096 = CARTESIAN_POINT ( 'NONE',  ( 0.4628203919810128200, 0.7859967001746557300, 0.9400000000000000600 ) ) ;
#6097 = LINE ( 'NONE', #2688, #8114 ) ;
#6098 = FACE_OUTER_BOUND ( 'NONE', #1532, .T. ) ;
#6099 = FILL_AREA_STYLE_COLOUR ( '', #9341 ) ;
#6100 = CARTESIAN_POINT ( 'NONE',  ( 0.8452773463184134500, 0.6581974511915668100, 0.9400000000000000600 ) ) ;
#6101 = CARTESIAN_POINT ( 'NONE',  ( 0.8608746975109852200, 0.7023156731378780200, 0.9300000000000000500 ) ) ;
#6102 = CARTESIAN_POINT ( 'NONE',  ( 0.5921793760833068400, 0.8601212548927491500, 0.9400000000000000600 ) ) ;
#6103 = VERTEX_POINT ( 'NONE', #10263 ) ;
#6104 = EDGE_LOOP ( 'NONE', ( #2910, #3760, #5569, #9548, #5438, #9900, #2301, #1413, #3040, #9382, #8466, #1855, #8013, #10179 ) ) ;
#6105 = CARTESIAN_POINT ( 'NONE',  ( 0.4658160737180047600, 0.6732996483785580500, 0.9300000000000000500 ) ) ;
#6106 = ORIENTED_EDGE ( 'NONE', *, *, #7761, .F. ) ;
#6107 =( GEOMETRIC_REPRESENTATION_CONTEXT ( 3 ) GLOBAL_UNCERTAINTY_ASSIGNED_CONTEXT ( ( #5755 ) ) GLOBAL_UNIT_ASSIGNED_CONTEXT ( ( #736, #6572, #1584 ) ) REPRESENTATION_CONTEXT ( 'NONE', 'WORKASPACE' ) );
#6108 = CARTESIAN_POINT ( 'NONE',  ( 0.1913974587109590300, 0.6624330291384651300, 0.9300000000000000500 ) ) ;
#6109 = SURFACE_STYLE_FILL_AREA ( #9875 ) ;
#6110 = CARTESIAN_POINT ( 'NONE',  ( 0.4999569424408943900, 0.8728962282509370500, 0.9400000000000000600 ) ) ;
#6111 = ORIENTED_EDGE ( 'NONE', *, *, #539, .F. ) ;
#6112 = CARTESIAN_POINT ( 'NONE',  ( 0.5653420289508036500, 0.6410651225797496800, 0.9300000000000000500 ) ) ;
#6113 = CARTESIAN_POINT ( 'NONE',  ( -0.001412949204835072700, 0.6280025681941859800, 0.9400000000000000600 ) ) ;
#6114 = LINE ( 'NONE', #5800, #10348 ) ;
#6115 = FACE_BOUND ( 'NONE', #10420, .T. ) ;
#6116 = VECTOR ( 'NONE', #29, 1000.000000000000000 ) ;
#6117 = VECTOR ( 'NONE', #155, 1000.000000000000000 ) ;
#6118 = FILL_AREA_STYLE ('',( #5272 ) ) ;
#6119 = DIRECTION ( 'NONE',  ( 1.000000000000000000, -0.0000000000000000000, -0.0000000000000000000 ) ) ;
#6120 = MECHANICAL_DESIGN_GEOMETRIC_PRESENTATION_REPRESENTATION (  '', ( #4414 ), #6682 ) ;
#6121 = VERTEX_POINT ( 'NONE', #334 ) ;
#6122 = DIRECTION ( 'NONE',  ( 0.0000000000000000000, 1.000000000000000000, -0.0000000000000000000 ) ) ;
#6123 = CARTESIAN_POINT ( 'NONE',  ( 0.4726491990027723000, 0.6788453732475261400, 0.9300000000000000500 ) ) ;
#6124 = ORIENTED_EDGE ( 'NONE', *, *, #2970, .F. ) ;
#6125 = CARTESIAN_POINT ( 'NONE',  ( 0.7819719066338751700, 0.7034545273520029800, 0.9400000000000000600 ) ) ;
#6126 = LINE ( 'NONE', #1076, #5856 ) ;
#6127 = LINE ( 'NONE', #7640, #3852 ) ;
#6128 = COLOUR_RGB ( '',0.6666666666666666300, 0.6666666666666666300, 0.6666666666666666300 ) ;
#6129 = FILL_AREA_STYLE ('',( #302 ) ) ;
#6130 = PRESENTATION_STYLE_ASSIGNMENT (( #3480 ) ) ;
#6131 = ADVANCED_FACE ( 'NONE', ( #6894 ), #10199, .F. ) ;
#6132 = EDGE_CURVE ( 'NONE', #4796, #2522, #6078, .T. ) ;
#6133 = CARTESIAN_POINT ( 'NONE',  ( 0.6393180374672204900, 0.7744100964311586600, 0.9400000000000000600 ) ) ;
#6134 = DIRECTION ( 'NONE',  ( -1.000000000000000000, -0.0000000000000000000, -0.0000000000000000000 ) ) ;
#6135 = B_SPLINE_CURVE_WITH_KNOTS ( 'NONE', 3,
 ( #10139, #8621, #10342, #4422 ),
 .UNSPECIFIED., .F., .F.,
 ( 4, 4 ),
 ( 0.0000000000000000000, 1.000000000000000000 ),
 .UNSPECIFIED. ) ;
#6136 = DIRECTION ( 'NONE',  ( 1.000000000000000000, 0.0000000000000000000, 0.0000000000000000000 ) ) ;
#6137 = ORIENTED_EDGE ( 'NONE', *, *, #7240, .F. ) ;
#6138 = SURFACE_SIDE_STYLE ('',( #8684 ) ) ;
#6139 = STYLED_ITEM ( 'NONE', ( #6506 ), #4739 ) ;
#6140 = ORIENTED_EDGE ( 'NONE', *, *, #7466, .T. ) ;
#6141 = COLOUR_RGB ( '',0.4980392156862745200, 0.4980392156862745200, 0.4980392156862745200 ) ;
#6142 = CARTESIAN_POINT ( 'NONE',  ( 0.8750000000000001100, -0.6250000000000000000, -0.02000000000000000000 ) ) ;
#6143 = EDGE_CURVE ( 'NONE', #9379, #4400, #1905, .T. ) ;
#6144 = DIRECTION ( 'NONE',  ( 0.0000000000000000000, 0.0000000000000000000, -1.000000000000000000 ) ) ;
#6145 = ORIENTED_EDGE ( 'NONE', *, *, #9472, .T. ) ;
#6146 = EDGE_CURVE ( 'NONE', #3921, #1898, #3807, .T. ) ;
#6147 =( GEOMETRIC_REPRESENTATION_CONTEXT ( 3 ) GLOBAL_UNCERTAINTY_ASSIGNED_CONTEXT ( ( #1361 ) ) GLOBAL_UNIT_ASSIGNED_CONTEXT ( ( #9538, #4225, #9764 ) ) REPRESENTATION_CONTEXT ( 'NONE', 'WORKASPACE' ) );
#6148 = ORIENTED_EDGE ( 'NONE', *, *, #5440, .F. ) ;
#6149 = LINE ( 'NONE', #4512, #1970 ) ;
#6150 = CARTESIAN_POINT ( 'NONE',  ( 0.5710115423211616900, 0.6540876729407230100, 0.9400000000000000600 ) ) ;
#6151 = EDGE_CURVE ( 'NONE', #3145, #2522, #8877, .T. ) ;
#6152 = DIRECTION ( 'NONE',  ( -1.000000000000000000, 0.0000000000000000000, -0.0000000000000000000 ) ) ;
#6153 = ADVANCED_FACE ( 'NONE', ( #10316 ), #8936, .T. ) ;
#6154 =( LENGTH_UNIT ( ) NAMED_UNIT ( * ) SI_UNIT ( .MILLI., .METRE. ) );
#6155 = EDGE_CURVE ( 'NONE', #2244, #78, #1391, .T. ) ;
#6156 =( NAMED_UNIT ( * ) PLANE_ANGLE_UNIT ( ) SI_UNIT ( $, .RADIAN. ) );
#6157 = CARTESIAN_POINT ( 'NONE',  ( 0.4767342195533316200, 0.6511167489040078400, 0.9400000000000000600 ) ) ;
#6158 = VERTEX_POINT ( 'NONE', #9093 ) ;
#6159 = CARTESIAN_POINT ( 'NONE',  ( 0.03990357240602773100, 0.6700077142594130800, 0.9300000000000000500 ) ) ;
#6160 = COLOUR_RGB ( '',0.2980392156862745100, 0.2980392156862745100, 0.2980392156862745100 ) ;
#6161 = FACE_OUTER_BOUND ( 'NONE', #2022, .T. ) ;
#6162 = AXIS2_PLACEMENT_3D ( 'NONE', #715, #6548, #1572 ) ;
#6163 = CARTESIAN_POINT ( 'NONE',  ( 0.6126787519372730600, 0.8712622200305797400, 0.9400000000000000600 ) ) ;
#6164 =( GEOMETRIC_REPRESENTATION_CONTEXT ( 3 ) GLOBAL_UNCERTAINTY_ASSIGNED_CONTEXT ( ( #2780 ) ) GLOBAL_UNIT_ASSIGNED_CONTEXT ( ( #8969, #8996, #7238 ) ) REPRESENTATION_CONTEXT ( 'NONE', 'WORKASPACE' ) );
#6165 = ORIENTED_EDGE ( 'NONE', *, *, #9953, .T. ) ;
#6166 = CARTESIAN_POINT ( 'NONE',  ( 0.4896329814132432400, 0.6915213158045996300, 0.9400000000000000600 ) ) ;
#6167 = ORIENTED_EDGE ( 'NONE', *, *, #9052, .F. ) ;
#6168 = CARTESIAN_POINT ( 'NONE',  ( 0.8750000000000040000, 0.3749999999999909000, 0.0000000000000000000 ) ) ;
#6169 = EDGE_LOOP ( 'NONE', ( #9717, #10541, #10555, #8109 ) ) ;
#6170 = UNCERTAINTY_MEASURE_WITH_UNIT (LENGTH_MEASURE( 1.000000000000000100E-005 ), #9663, 'distance_accuracy_value', 'NONE');
#6171 = CARTESIAN_POINT ( 'NONE',  ( 0.7134673498856181100, 0.7176159319277641800, 0.9400000000000000600 ) ) ;
#6172 = ADVANCED_FACE ( 'NONE', ( #10038 ), #3883, .F. ) ;
#6173 = FACE_OUTER_BOUND ( 'NONE', #1534, .T. ) ;
#6174 = FACE_OUTER_BOUND ( 'NONE', #5721, .T. ) ;
#6175 = AXIS2_PLACEMENT_3D ( 'NONE', #2941, #8862, #3763 ) ;
#6176 = PLANE ( 'NONE',  #4697 ) ;
#6177 = VERTEX_POINT ( 'NONE', #488 ) ;
#6178 = ORIENTED_EDGE ( 'NONE', *, *, #8787, .F. ) ;
#6179 = LINE ( 'NONE', #8559, #3900 ) ;
#6180 = CARTESIAN_POINT ( 'NONE',  ( 0.5737348893547593600, 0.6510177181028996600, 0.9300000000000000500 ) ) ;
#6181 = PLANE ( 'NONE',  #9713 ) ;
#6182 = ORIENTED_EDGE ( 'NONE', *, *, #9339, .F. ) ;
#6183 = DIRECTION ( 'NONE',  ( 0.0000000000000000000, 1.000000000000000000, -0.0000000000000000000 ) ) ;
#6184 = EDGE_LOOP ( 'NONE', ( #8254, #10086, #8574, #9090 ) ) ;
#6185 = CARTESIAN_POINT ( 'NONE',  ( 0.5000807309426171800, 0.8616067169107740600, 0.9300000000000000500 ) ) ;
#6186 = PRESENTATION_STYLE_ASSIGNMENT (( #82 ) ) ;
#6187 = CARTESIAN_POINT ( 'NONE',  ( 0.7107192451514131600, 0.6643868762684275200, 0.9300000000000000500 ) ) ;
#6188 = SURFACE_SIDE_STYLE ('',( #8404 ) ) ;
#6189 = DIRECTION ( 'NONE',  ( -1.000000000000000000, -0.0000000000000000000, -0.0000000000000000000 ) ) ;
#6190 = CARTESIAN_POINT ( 'NONE',  ( 0.7611011652754009500, 0.7064749667899301600, 0.9400000000000000600 ) ) ;
#6191 = DIRECTION ( 'NONE',  ( 0.0000000000000000000, 1.000000000000000000, 0.0000000000000000000 ) ) ;
#6192 = VERTEX_POINT ( 'NONE', #8944 ) ;
#6193 = CARTESIAN_POINT ( 'NONE',  ( 0.6915320274138230200, 0.8240740432464388500, 0.9300000000000000500 ) ) ;
#6194 = DIRECTION ( 'NONE',  ( 0.0000000000000000000, 0.0000000000000000000, 1.000000000000000000 ) ) ;
#6195 = LINE ( 'NONE', #3161, #8467 ) ;
#6196 = DIRECTION ( 'NONE',  ( 0.0000000000000000000, 0.0000000000000000000, 1.000000000000000000 ) ) ;
#6197 = CARTESIAN_POINT ( 'NONE',  ( 0.1249999999999998900, 0.6250000000000000000, -0.02000000000000000000 ) ) ;
#6198 =( GEOMETRIC_REPRESENTATION_CONTEXT ( 3 ) GLOBAL_UNCERTAINTY_ASSIGNED_CONTEXT ( ( #5066 ) ) GLOBAL_UNIT_ASSIGNED_CONTEXT ( ( #7916, #7883, #7852 ) ) REPRESENTATION_CONTEXT ( 'NONE', 'WORKASPACE' ) );
#6199 = ADVANCED_FACE ( 'NONE', ( #7026 ), #8543, .F. ) ;
#6200 = B_SPLINE_CURVE_WITH_KNOTS ( 'NONE', 3,
 ( #1295, #3736, #111, #4401 ),
 .UNSPECIFIED., .F., .F.,
 ( 4, 4 ),
 ( 5.000000000000000000, 6.000000000000000000 ),
 .UNSPECIFIED. ) ;
#6201 =( LENGTH_UNIT ( ) NAMED_UNIT ( * ) SI_UNIT ( .MILLI., .METRE. ) );
#6202 = ORIENTED_EDGE ( 'NONE', *, *, #906, .F. ) ;
#6203 = ORIENTED_EDGE ( 'NONE', *, *, #3716, .F. ) ;
#6204 = ORIENTED_EDGE ( 'NONE', *, *, #2398, .F. ) ;
#6205 = LINE ( 'NONE', #1117, #7968 ) ;
#6206 = EDGE_CURVE ( 'NONE', #3318, #3697, #9252, .T. ) ;
#6207 = EDGE_CURVE ( 'NONE', #6691, #6251, #4738, .T. ) ;
#6208 = EDGE_CURVE ( 'NONE', #2796, #4204, #593, .T. ) ;
#6209 = CARTESIAN_POINT ( 'NONE',  ( 0.5710115423211616900, 0.6540876729407230100, 0.9400000000000000600 ) ) ;
#6210 = ORIENTED_EDGE ( 'NONE', *, *, #8235, .T. ) ;
#6211 = ORIENTED_EDGE ( 'NONE', *, *, #2335, .T. ) ;
#6212 = ORIENTED_EDGE ( 'NONE', *, *, #8090, .T. ) ;
#6213 = EDGE_CURVE ( 'NONE', #9690, #1112, #2517, .T. ) ;
#6214 = CARTESIAN_POINT ( 'NONE',  ( 0.5510320781737000400, 0.6290328802305755800, 0.9400000000000000600 ) ) ;
#6215 = ADVANCED_FACE ( 'NONE', ( #8743 ), #3893, .F. ) ;
#6216 = CARTESIAN_POINT ( 'NONE',  ( -0.1249999999999998900, -0.6250000000000000000, -0.02000000000000000000 ) ) ;
#6217 = CARTESIAN_POINT ( 'NONE',  ( 0.4078582973002071200, 0.6754783260056996800, 0.9400000000000000600 ) ) ;
#6218 = VECTOR ( 'NONE', #5635, 1000.000000000000000 ) ;
#6219 = EDGE_CURVE ( 'NONE', #2119, #4546, #4199, .T. ) ;
#6220 = STYLED_ITEM ( 'NONE', ( #10533 ), #1497 ) ;
#6221 = CARTESIAN_POINT ( 'NONE',  ( 0.3953556586454101700, 0.8712622200305797400, 0.9400000000000000600 ) ) ;
#6222 = CARTESIAN_POINT ( 'NONE',  ( 0.5639803554338372900, 0.6915213158045996300, 0.9400000000000000600 ) ) ;
#6223 = ORIENTED_EDGE ( 'NONE', *, *, #1115, .F. ) ;
#6224 = UNCERTAINTY_MEASURE_WITH_UNIT (LENGTH_MEASURE( 1.000000000000000100E-005 ), #3433, 'distance_accuracy_value', 'NONE');
#6225 = EDGE_CURVE ( 'NONE', #7328, #5522, #8985, .T. ) ;
#6226 = ORIENTED_EDGE ( 'NONE', *, *, #10585, .T. ) ;
#6227 = ORIENTED_EDGE ( 'NONE', *, *, #9110, .F. ) ;
#6228 = CARTESIAN_POINT ( 'NONE',  ( 0.8684505538054236900, 0.7176159319277641800, 0.9400000000000000600 ) ) ;
#6229 = SURFACE_STYLE_FILL_AREA ( #8071 ) ;
#6231 = CARTESIAN_POINT ( 'NONE',  ( 0.6635805837677987200, 0.7176159319277641800, 0.9300000000000000500 ) ) ;
#6230 = PRESENTATION_STYLE_ASSIGNMENT (( #9364 ) ) ;
#6232 = CARTESIAN_POINT ( 'NONE',  ( 0.6671952080124106100, 0.8670038955780724500, 0.9400000000000000600 ) ) ;
#6233 = CARTESIAN_POINT ( 'NONE',  ( 0.8621868556270615400, 0.7020185807345342700, 0.9300000000000000500 ) ) ;
#6234 = ADVANCED_FACE ( 'NONE', ( #6461 ), #4684, .F. ) ;
#6235 = ORIENTED_EDGE ( 'NONE', *, *, #288, .T. ) ;
#6236 = ORIENTED_EDGE ( 'NONE', *, *, #7165, .F. ) ;
#6237 = STYLED_ITEM ( 'NONE', ( #7520 ), #7337 ) ;
#6238 = DIRECTION ( 'NONE',  ( 0.0000000000000000000, -1.000000000000000000, 0.0000000000000000000 ) ) ;
#6239 = VECTOR ( 'NONE', #9009, 1000.000000000000000 ) ;
#6241 = CARTESIAN_POINT ( 'NONE',  ( 0.2733419037463276100, 0.7161445019787834300, 0.9400000000000000600 ) ) ;
#6240 = LINE ( 'NONE', #1526, #5969 ) ;
#6242 = PLANE ( 'NONE',  #140 ) ;
#6243 = ORIENTED_EDGE ( 'NONE', *, *, #6056, .T. ) ;
#6244 =( GEOMETRIC_REPRESENTATION_CONTEXT ( 3 ) GLOBAL_UNCERTAINTY_ASSIGNED_CONTEXT ( ( #7541 ) ) GLOBAL_UNIT_ASSIGNED_CONTEXT ( ( #1384, #7257, #2199 ) ) REPRESENTATION_CONTEXT ( 'NONE', 'WORKASPACE' ) );
#6245 = EDGE_LOOP ( 'NONE', ( #6165, #2086, #9236, #458, #5911, #2613, #9793, #2045, #798, #728, #9607, #4246 ) ) ;
#6246 = VECTOR ( 'NONE', #3456, 1000.000000000000000 ) ;
#6247 = CARTESIAN_POINT ( 'NONE',  ( 0.4979020533154743800, 0.7839170533486318200, 0.9300000000000000500 ) ) ;
#6248 = CARTESIAN_POINT ( 'NONE',  ( 0.2272051422956250000, 0.8462915358590125100, 0.9400000000000000600 ) ) ;
#6249 = ADVANCED_FACE ( 'NONE', ( #1261 ), #3700, .F. ) ;
#6250 = FILL_AREA_STYLE_COLOUR ( '', #448 ) ;
#6251 = VERTEX_POINT ( 'NONE', #7910 ) ;
#6252 = CARTESIAN_POINT ( 'NONE',  ( 0.4855727185629570300, 0.8728962282509370500, 0.9400000000000000600 ) ) ;
#6253 = ORIENTED_EDGE ( 'NONE', *, *, #2489, .F. ) ;
#6254 = VECTOR ( 'NONE', #6852, 1000.000000000000000 ) ;
#6255 = VECTOR ( 'NONE', #2136, 1000.000000000000000 ) ;
#6256 = CARTESIAN_POINT ( 'NONE',  ( -0.3749999999999998900, -0.6250000000000000000, -0.02000000000000000000 ) ) ;
#6257 = PLANE ( 'NONE',  #10027 ) ;
#6258 = CARTESIAN_POINT ( 'NONE',  ( 0.5146382587228371900, 0.6652781534791097900, 0.9300000000000000500 ) ) ;
#6259 = CARTESIAN_POINT ( 'NONE',  ( 0.6783856885514542000, 0.8237274354418796500, 0.9300000000000000500 ) ) ;
#6260 = ORIENTED_EDGE ( 'NONE', *, *, #1873, .T. ) ;
#6261 = ORIENTED_EDGE ( 'NONE', *, *, #5296, .F. ) ;
#6262 = DIRECTION ( 'NONE',  ( 0.0000000000000000000, -1.000000000000000000, 0.0000000000000000000 ) ) ;
#6263 = CARTESIAN_POINT ( 'NONE',  ( 0.4938665481654721500, 0.6309639808542710800, 0.9300000000000000500 ) ) ;
#6264 = VERTEX_POINT ( 'NONE', #7104 ) ;
#6265 = PRESENTATION_STYLE_ASSIGNMENT (( #5735 ) ) ;
#6266 = LINE ( 'NONE', #128, #3743 ) ;
#6267 =( LENGTH_UNIT ( ) NAMED_UNIT ( * ) SI_UNIT ( .MILLI., .METRE. ) );
#6268 = B_SPLINE_CURVE_WITH_KNOTS ( 'NONE', 3,
 ( #2446, #8375, #10239, #5182 ),
 .UNSPECIFIED., .F., .F.,
 ( 4, 4 ),
 ( 11.00000000000000000, 12.00000000000000000 ),
 .UNSPECIFIED. ) ;
#6269 = CARTESIAN_POINT ( 'NONE',  ( -0.8920589577662965100, 0.7972593383840376200, 0.9100000000000000300 ) ) ;
#6270 = DIRECTION ( 'NONE',  ( 0.3667976789509029800, 0.9303007377811920400, -0.0000000000000000000 ) ) ;
#6271 = AXIS2_PLACEMENT_3D ( 'NONE', #9921, #8147, #8165 ) ;
#6272 = EDGE_LOOP ( 'NONE', ( #4685, #8715, #3276, #8853 ) ) ;
#6273 = B_SPLINE_CURVE_WITH_KNOTS ( 'NONE', 3,
 ( #682, #2365, #9102, #4026 ),
 .UNSPECIFIED., .F., .F.,
 ( 4, 4 ),
 ( 15.00000000000000000, 16.00000000000000000 ),
 .UNSPECIFIED. ) ;
#6274 = ORIENTED_EDGE ( 'NONE', *, *, #6055, .F. ) ;
#6275 = DIRECTION ( 'NONE',  ( -0.0000000000000000000, -0.0000000000000000000, -1.000000000000000000 ) ) ;
#6276 = DIRECTION ( 'NONE',  ( -1.000000000000000000, 0.0000000000000000000, 0.0000000000000000000 ) ) ;
#6277 = EDGE_CURVE ( 'NONE', #3578, #4990, #7971, .T. ) ;
#6278 = MECHANICAL_DESIGN_GEOMETRIC_PRESENTATION_REPRESENTATION (  '', ( #2344 ), #6865 ) ;
#6279 = EDGE_LOOP ( 'NONE', ( #869, #8474, #4744, #170 ) ) ;
#6280 = CARTESIAN_POINT ( 'NONE',  ( 0.6546430539567265100, 0.7744100964311586600, 0.9300000000000000500 ) ) ;
#6281 = VERTEX_POINT ( 'NONE', #6258 ) ;
#6282 = CARTESIAN_POINT ( 'NONE',  ( 0.4730205645072783600, 0.7941172258752252600, 0.9400000000000000600 ) ) ;
#6283 = EDGE_CURVE ( 'NONE', #2409, #2135, #9895, .T. ) ;
#6284 = CARTESIAN_POINT ( 'NONE',  ( 0.2478634031010534800, 0.8070408416423106000, 0.9300000000000000500 ) ) ;
#6285 = VECTOR ( 'NONE', #3894, 1000.000000000000000 ) ;
#6286 = EDGE_CURVE ( 'NONE', #7602, #6536, #7702, .T. ) ;
#6287 = FILL_AREA_STYLE ('',( #8694 ) ) ;
#6288 = ORIENTED_EDGE ( 'NONE', *, *, #213, .T. ) ;
#6289 = DIRECTION ( 'NONE',  ( 0.0000000000000000000, 0.0000000000000000000, 1.000000000000000000 ) ) ;
#6290 = VECTOR ( 'NONE', #7406, 1000.000000000000000 ) ;
#6291 = VECTOR ( 'NONE', #8699, 1000.000000000000000 ) ;
#6292 = SURFACE_STYLE_USAGE ( .BOTH. , #469 ) ;
#6293 = FILL_AREA_STYLE_COLOUR ( '', #3535 ) ;
#6294 = CARTESIAN_POINT ( 'NONE',  ( 0.5480859118372697300, 0.6643373608678726500, 0.9400000000000000600 ) ) ;
#6295 = ADVANCED_FACE ( 'NONE', ( #3419 ), #7660, .T. ) ;
#6296 = LINE ( 'NONE', #5619, #3773 ) ;
#6297 = DIRECTION ( 'NONE',  ( -1.000000000000000000, 0.0000000000000000000, 0.0000000000000000000 ) ) ;
#6298 = CARTESIAN_POINT ( 'NONE',  ( 0.1672961807064048700, 0.6534810951081286800, 0.9300000000000000500 ) ) ;
#6299 = CARTESIAN_POINT ( 'NONE',  ( 0.6783856885514542000, 0.8237274354418796500, 0.9400000000000000600 ) ) ;
#6300 = CARTESIAN_POINT ( 'NONE',  ( 0.4474458600906227000, 0.6207638083283396600, 0.9300000000000000500 ) ) ;
#6301 = DIRECTION ( 'NONE',  ( 0.0000000000000000000, 0.0000000000000000000, -1.000000000000000000 ) ) ;
#6302 = ORIENTED_EDGE ( 'NONE', *, *, #609, .T. ) ;
#6303 = CARTESIAN_POINT ( 'NONE',  ( 0.8750000000000001100, -0.8750000000000000000, -0.02000000000000000000 ) ) ;
#6304 = ORIENTED_EDGE ( 'NONE', *, *, #7377, .F. ) ;
#6306 = CARTESIAN_POINT ( 'NONE',  ( 0.5693032609999676400, 0.6799842274616579900, 0.9400000000000000600 ) ) ;
#6305 = VECTOR ( 'NONE', #104, 1000.000000000000000 ) ;
#6307 = CARTESIAN_POINT ( 'NONE',  ( 0.1170277513332148400, 0.8972485831191486800, 0.9400000000000000600 ) ) ;
#6308 = ORIENTED_EDGE ( 'NONE', *, *, #10100, .F. ) ;
#6309 = SURFACE_STYLE_FILL_AREA ( #1002 ) ;
#6310 = ORIENTED_EDGE ( 'NONE', *, *, #354, .T. ) ;
#6311 = ORIENTED_EDGE ( 'NONE', *, *, #5665, .F. ) ;
#6312 = CARTESIAN_POINT ( 'NONE',  ( 0.2478634031010534800, 0.8070408416423106000, 0.9400000000000000600 ) ) ;
#6313 =( NAMED_UNIT ( * ) PLANE_ANGLE_UNIT ( ) SI_UNIT ( $, .RADIAN. ) );
#6314 = EDGE_CURVE ( 'NONE', #2402, #10047, #618, .T. ) ;
#6315 = CARTESIAN_POINT ( 'NONE',  ( 0.7824423029398259700, 0.6351727899062257200, 0.9300000000000000500 ) ) ;
#6316 = DIRECTION ( 'NONE',  ( -0.0000000000000000000, -1.000000000000000000, -0.0000000000000000000 ) ) ;
#6317 = VERTEX_POINT ( 'NONE', #4743 ) ;
#6318 = CARTESIAN_POINT ( 'NONE',  ( 0.5866088935143900500, 0.5891729827367686600, 0.9400000000000000600 ) ) ;
#6319 = CARTESIAN_POINT ( 'NONE',  ( -0.3750000000000001100, 0.6250000000000000000, -0.02000000000000000000 ) ) ;
#6320 = ORIENTED_EDGE ( 'NONE', *, *, #2675, .T. ) ;
#6321 = AXIS2_PLACEMENT_3D ( 'NONE', #10786, #10268, #8540 ) ;
#6322 = ORIENTED_EDGE ( 'NONE', *, *, #4355, .F. ) ;
#6323 = CARTESIAN_POINT ( 'NONE',  ( 0.6748453374070222400, 0.8449200269046338600, 0.9300000000000000500 ) ) ;
#6324 = ORIENTED_EDGE ( 'NONE', *, *, #8176, .F. ) ;
#6325 = B_SPLINE_CURVE_WITH_KNOTS ( 'NONE', 3,
 ( #8290, #9907, #9099, #4024 ),
 .UNSPECIFIED., .F., .F.,
 ( 4, 4 ),
 ( 3.000000000000000000, 4.000000000000000000 ),
 .UNSPECIFIED. ) ;
#6326 = PLANE ( 'NONE',  #994 ) ;
#6327 = B_SPLINE_CURVE_WITH_KNOTS ( 'NONE', 3,
 ( #3425, #7085, #6397, #3391 ),
 .UNSPECIFIED., .F., .F.,
 ( 4, 4 ),
 ( 8.000000000000000000, 9.000000000000000000 ),
 .UNSPECIFIED. ) ;
#6328 = CARTESIAN_POINT ( 'NONE',  ( 0.5648221172442943200, 0.6209618699305621300, 0.9400000000000000600 ) ) ;
#6329 = FACE_OUTER_BOUND ( 'NONE', #2004, .T. ) ;
#6330 = PRESENTATION_LAYER_ASSIGNMENT (  '', '', ( #5226 ) ) ;
#6331 =( NAMED_UNIT ( * ) SI_UNIT ( $, .STERADIAN. ) SOLID_ANGLE_UNIT ( ) );
#6332 = ORIENTED_EDGE ( 'NONE', *, *, #5665, .T. ) ;
#6333 = CARTESIAN_POINT ( 'NONE',  ( 0.4424943200293258200, 0.6754783260056996800, 0.9300000000000000500 ) ) ;
#6334 = EDGE_CURVE ( 'NONE', #10047, #4992, #9600, .T. ) ;
#6335 = VERTEX_POINT ( 'NONE', #6449 ) ;
#6336 = AXIS2_PLACEMENT_3D ( 'NONE', #2366, #2947, #2320 ) ;
#6337 = ORIENTED_EDGE ( 'NONE', *, *, #7371, .F. ) ;
#6338 = CARTESIAN_POINT ( 'NONE',  ( 0.5622225587120900400, 0.6449768392276955500, 0.9300000000000000500 ) ) ;
#6339 = VERTEX_POINT ( 'NONE', #6082 ) ;
#6340 = ORIENTED_EDGE ( 'NONE', *, *, #7509, .T. ) ;
#6341 = DIRECTION ( 'NONE',  ( -0.0000000000000000000, -0.0000000000000000000, -1.000000000000000000 ) ) ;
#6342 = EDGE_CURVE ( 'NONE', #9225, #4217, #3150, .T. ) ;
#6343 = PLANE ( 'NONE',  #10495 ) ;
#6344 = LINE ( 'NONE', #4326, #8368 ) ;
#6345 = LINE ( 'NONE', #318, #8369 ) ;
#6346 = ORIENTED_EDGE ( 'NONE', *, *, #1884, .F. ) ;
#6347 = ORIENTED_EDGE ( 'NONE', *, *, #8351, .F. ) ;
#6348 = ORIENTED_EDGE ( 'NONE', *, *, #7147, .T. ) ;
#6349 = CARTESIAN_POINT ( 'NONE',  ( 0.8597606009971351400, 0.6984534718904845700, 0.9300000000000000500 ) ) ;
#6350 = ADVANCED_FACE ( 'NONE', ( #9636 ), #4877, .T. ) ;
#6351 = VERTEX_POINT ( 'NONE', #5358 ) ;
#6352 = DIRECTION ( 'NONE',  ( -0.0000000000000000000, -0.0000000000000000000, -1.000000000000000000 ) ) ;
#6353 = DIRECTION ( 'NONE',  ( -0.0000000000000000000, -0.0000000000000000000, -1.000000000000000000 ) ) ;
#6354 = VECTOR ( 'NONE', #3369, 1000.000000000000000 ) ;
#6355 = EDGE_CURVE ( 'NONE', #4978, #7120, #9385, .T. ) ;
#6356 = MECHANICAL_DESIGN_GEOMETRIC_PRESENTATION_REPRESENTATION (  '', ( #4664 ), #6964 ) ;
#6357 = PRESENTATION_LAYER_ASSIGNMENT (  '', '', ( #4665 ) ) ;
#6358 = VECTOR ( 'NONE', #3117, 1000.000000000000000 ) ;
#6359 = CARTESIAN_POINT ( 'NONE',  ( -0.9999999999999997800, -1.000000000000000200, 0.9300000000000000500 ) ) ;
#6360 = DIRECTION ( 'NONE',  ( -1.000000000000000000, 4.336808689942017700E-016, 0.0000000000000000000 ) ) ;
#6361 = CARTESIAN_POINT ( 'NONE',  ( 0.5345929651700160900, 0.6603266134181407000, 0.9400000000000000600 ) ) ;
#6362 = ORIENTED_EDGE ( 'NONE', *, *, #9603, .T. ) ;
#6363 = PLANE ( 'NONE',  #1407 ) ;
#6364 = CARTESIAN_POINT ( 'NONE',  ( 0.6515483414186221700, 0.7854520307678748400, 0.9300000000000000500 ) ) ;
#6365 = VERTEX_POINT ( 'NONE', #1185 ) ;
#6366 = CARTESIAN_POINT ( 'NONE',  ( 0.05849601238471229000, 0.8876080615742205600, 0.9300000000000000500 ) ) ;
#6367 =( NAMED_UNIT ( * ) SI_UNIT ( $, .STERADIAN. ) SOLID_ANGLE_UNIT ( ) );
#6368 = LINE ( 'NONE', #6715, #4112 ) ;
#6369 = VECTOR ( 'NONE', #396, 1000.000000000000000 ) ;
#6370 = CARTESIAN_POINT ( 'NONE',  ( 0.5934915341993809400, 0.5985809088531275400, 0.9400000000000000600 ) ) ;
#6371 = SURFACE_STYLE_USAGE ( .BOTH. , #545 ) ;
#6372 = VECTOR ( 'NONE', #314, 1000.000000000000000 ) ;
#6373 = ORIENTED_EDGE ( 'NONE', *, *, #5870, .F. ) ;
#6374 = DIRECTION ( 'NONE',  ( -0.0000000000000000000, -0.0000000000000000000, -1.000000000000000000 ) ) ;
#6375 = DIRECTION ( 'NONE',  ( -1.000000000000000000, 0.0000000000000000000, 0.0000000000000000000 ) ) ;
#6376 = EDGE_LOOP ( 'NONE', ( #8889, #7119, #4275, #3347 ) ) ;
#6377 = CARTESIAN_POINT ( 'NONE',  ( 0.7840515534599025200, 0.7744100964311586600, 0.9400000000000000600 ) ) ;
#6378 = CARTESIAN_POINT ( 'NONE',  ( 0.5866088935143900500, 0.5999673400706993000, 0.9300000000000000500 ) ) ;
#6379 = CARTESIAN_POINT ( 'NONE',  ( 0.6680369698231981600, 0.7955531724926939700, 0.9400000000000000600 ) ) ;
#6380 = FACE_OUTER_BOUND ( 'NONE', #5942, .T. ) ;
#6381 = CARTESIAN_POINT ( 'NONE',  ( -0.1249999999999998900, -0.8750000000000000000, -0.02000000000000000000 ) ) ;
#6382 = VECTOR ( 'NONE', #3747, 1000.000000000000000 ) ;
#6383 = CARTESIAN_POINT ( 'NONE',  ( 0.6546430539567265100, 0.7744100964311586600, 0.9400000000000000600 ) ) ;
#6384 = CARTESIAN_POINT ( 'NONE',  ( 0.5894312713490678100, 0.8180331643712409600, 0.9400000000000000600 ) ) ;
#6385 = VERTEX_POINT ( 'NONE', #7701 ) ;
#6386 = VERTEX_POINT ( 'NONE', #707 ) ;
#6387 = ORIENTED_EDGE ( 'NONE', *, *, #2343, .F. ) ;
#6388 = VECTOR ( 'NONE', #1190, 1000.000000000000000 ) ;
#6389 = VECTOR ( 'NONE', #10275, 1000.000000000000000 ) ;
#6390 = CARTESIAN_POINT ( 'NONE',  ( -0.8749999999999995600, 0.1250000000000029400, 0.0000000000000000000 ) ) ;
#6391 = B_SPLINE_CURVE_WITH_KNOTS ( 'NONE', 3,
 ( #7943, #2034, #6233, #1248 ),
 .UNSPECIFIED., .F., .F.,
 ( 4, 4 ),
 ( 1.000000000000000000, 2.000000000000000000 ),
 .UNSPECIFIED. ) ;
#6392 = CARTESIAN_POINT ( 'NONE',  ( 0.5921793760833068400, 0.8712622200305797400, 0.9400000000000000600 ) ) ;
#6393 = FILL_AREA_STYLE ('',( #5437 ) ) ;
#6394 = ORIENTED_EDGE ( 'NONE', *, *, #3912, .F. ) ;
#6395 = CARTESIAN_POINT ( 'NONE',  ( 0.4649990696081569000, 0.6245764941751733600, 0.9400000000000000600 ) ) ;
#6396 =( GEOMETRIC_REPRESENTATION_CONTEXT ( 3 ) GLOBAL_UNCERTAINTY_ASSIGNED_CONTEXT ( ( #4802 ) ) GLOBAL_UNIT_ASSIGNED_CONTEXT ( ( #1182, #7041, #7122 ) ) REPRESENTATION_CONTEXT ( 'NONE', 'WORKASPACE' ) );
#6397 = CARTESIAN_POINT ( 'NONE',  ( 0.4892863736090102800, 0.8616067169107740600, 0.9400000000000000600 ) ) ;
#6398 = VERTEX_POINT ( 'NONE', #10401 ) ;
#6399 = FACE_OUTER_BOUND ( 'NONE', #1825, .T. ) ;
#6400 = VECTOR ( 'NONE', #5993, 1000.000000000000000 ) ;
#6401 = DIRECTION ( 'NONE',  ( 1.000000000000000000, 0.0000000000000000000, -0.0000000000000000000 ) ) ;
#6402 = CARTESIAN_POINT ( 'NONE',  ( 0.9053395272618594000, 0.6207638083283396600, 0.9300000000000000500 ) ) ;
#6403 = DIRECTION ( 'NONE',  ( 1.000000000000000000, 0.0000000000000000000, 0.0000000000000000000 ) ) ;
#6404 = CARTESIAN_POINT ( 'NONE',  ( 0.8749999999999958900, -0.3750000000000091000, -0.02000000000000000000 ) ) ;
#6405 = CARTESIAN_POINT ( 'NONE',  ( 0.4078582973002071200, 0.7854520307678748400, 0.9300000000000000500 ) ) ;
#6406 = CARTESIAN_POINT ( 'NONE',  ( 0.4590572215344044200, 0.6392825681577188900, 0.9400000000000000600 ) ) ;
#6407 = EDGE_CURVE ( 'NONE', #1898, #8720, #4870, .T. ) ;
#6408 = EDGE_CURVE ( 'NONE', #10844, #6177, #7151, .T. ) ;
#6409 = B_SPLINE_CURVE_WITH_KNOTS ( 'NONE', 3,
 ( #2579, #7665, #4247, #10170 ),
 .UNSPECIFIED., .F., .F.,
 ( 4, 4 ),
 ( 3.000000000000000000, 4.000000000000000000 ),
 .UNSPECIFIED. ) ;
#6410 = DIRECTION ( 'NONE',  ( -0.0000000000000000000, 1.000000000000000000, -0.0000000000000000000 ) ) ;
#6411 = FACE_BOUND ( 'NONE', #1646, .T. ) ;
#6412 = VECTOR ( 'NONE', #2591, 1000.000000000000000 ) ;
#6413 = ADVANCED_FACE ( 'NONE', ( #6881 ), #6678, .F. ) ;
#6414 = B_SPLINE_CURVE_WITH_KNOTS ( 'NONE', 3,
 ( #4819, #1007, #6993, #10399 ),
 .UNSPECIFIED., .F., .F.,
 ( 4, 4 ),
 ( 34.00000000000000000, 35.00000000000000000 ),
 .UNSPECIFIED. ) ;
#6415 = EDGE_CURVE ( 'NONE', #7278, #6351, #3349, .T. ) ;
#6416 = CARTESIAN_POINT ( 'NONE',  ( 0.1845113980440422100, 0.8841650181067611800, 0.9400000000000000600 ) ) ;
#6417 = CARTESIAN_POINT ( 'NONE',  ( 0.7418644321372838100, 0.8520997599932974600, 0.9400000000000000600 ) ) ;
#6418 =( NAMED_UNIT ( * ) SI_UNIT ( $, .STERADIAN. ) SOLID_ANGLE_UNIT ( ) );
#6419 = EDGE_LOOP ( 'NONE', ( #1876, #4675, #1846, #10032 ) ) ;
#6420 = DIRECTION ( 'NONE',  ( 0.9903286039881383800, 0.1387416884822467200, 0.0000000000000000000 ) ) ;
#6421 = VERTEX_POINT ( 'NONE', #8447 ) ;
#6422 = VECTOR ( 'NONE', #5741, 1000.000000000000000 ) ;
#6423 = VECTOR ( 'NONE', #5727, 1000.000000000000000 ) ;
#6424 = CARTESIAN_POINT ( 'NONE',  ( 0.0000000000000000000, 0.0000000000000000000, 0.9300000000000000500 ) ) ;
#6425 = EDGE_CURVE ( 'NONE', #1956, #951, #6179, .T. ) ;
#6426 = AXIS2_PLACEMENT_3D ( 'NONE', #1668, #6671, #2473 ) ;
#6427 = CARTESIAN_POINT ( 'NONE',  ( 0.7239893725158002000, 0.8118437392950346200, 0.9300000000000000500 ) ) ;
#6428 = EDGE_CURVE ( 'NONE', #6821, #8537, #1994, .T. ) ;
#6429 = CARTESIAN_POINT ( 'NONE',  ( 0.7413940358313312300, 0.8534366758096491000, 0.9400000000000000600 ) ) ;
#6430 = ORIENTED_EDGE ( 'NONE', *, *, #3993, .F. ) ;
#6431 = CARTESIAN_POINT ( 'NONE',  ( 0.4550464740846773000, 0.8491288359565890600, 0.9400000000000000600 ) ) ;
#6432 = CARTESIAN_POINT ( 'NONE',  ( 0.4736890224157845300, 0.8508618749780546600, 0.9300000000000000500 ) ) ;
#6433 = CARTESIAN_POINT ( 'NONE',  ( 0.5605637927917853600, 0.6290328802305755800, 0.9300000000000000500 ) ) ;
#6434 = ORIENTED_EDGE ( 'NONE', *, *, #1148, .F. ) ;
#6435 = AXIS2_PLACEMENT_3D ( 'NONE', #10461, #188, #7283 ) ;
#6436 = ORIENTED_EDGE ( 'NONE', *, *, #8717, .F. ) ;
#6437 = LINE ( 'NONE', #4791, #8460 ) ;
#6438 = CARTESIAN_POINT ( 'NONE',  ( 0.4745802996267991000, 0.6490371020779830400, 0.9300000000000000500 ) ) ;
#6439 = SURFACE_SIDE_STYLE ('',( #4475 ) ) ;
#6440 = CARTESIAN_POINT ( 'NONE',  ( 0.4724511374002142700, 0.6469574552526142800, 0.9400000000000000600 ) ) ;
#6441 = CARTESIAN_POINT ( 'NONE',  ( 0.6249999999999986700, -0.1250000000000064100, -0.02000000000000000000 ) ) ;
#6442 = AXIS2_PLACEMENT_3D ( 'NONE', #10267, #5212, #230 ) ;
#6443 = ORIENTED_EDGE ( 'NONE', *, *, #10109, .F. ) ;
#6444 = DIRECTION ( 'NONE',  ( -1.000000000000000000, 0.0000000000000000000, 0.0000000000000000000 ) ) ;
#6445 = CARTESIAN_POINT ( 'NONE',  ( 0.6866547604536918900, 0.7970386345113781300, 0.9400000000000000600 ) ) ;
#6446 = VECTOR ( 'NONE', #8049, 1000.000000000000000 ) ;
#6447 = PLANE ( 'NONE',  #7911 ) ;
#6448 = ORIENTED_EDGE ( 'NONE', *, *, #6711, .T. ) ;
#6449 = CARTESIAN_POINT ( 'NONE',  ( 0.5311516448273563300, 0.6712695169537451500, 0.9300000000000000500 ) ) ;
#6450 = LINE ( 'NONE', #2372, #5921 ) ;
#6451 = CARTESIAN_POINT ( 'NONE',  ( 0.6748453374070222400, 0.8449200269046338600, 0.9400000000000000600 ) ) ;
#6452 = PLANE ( 'NONE',  #9375 ) ;
#6453 = ORIENTED_EDGE ( 'NONE', *, *, #8297, .F. ) ;
#6454 = ORIENTED_EDGE ( 'NONE', *, *, #8490, .F. ) ;
#6455 = ORIENTED_EDGE ( 'NONE', *, *, #7430, .T. ) ;
#6456 = CARTESIAN_POINT ( 'NONE',  ( -0.1250000000000001100, 0.8749999999999998900, -0.02000000000000000000 ) ) ;
#6457 = LINE ( 'NONE', #4174, #8477 ) ;
#6458 = CARTESIAN_POINT ( 'NONE',  ( 1.000000000000000200, 1.000000000000000000, 0.0000000000000000000 ) ) ;
#6459 = MECHANICAL_DESIGN_GEOMETRIC_PRESENTATION_REPRESENTATION (  '', ( #4194 ), #7061 ) ;
#6460 = CARTESIAN_POINT ( 'NONE',  ( 0.6677646351194723700, 0.8510104211797279200, 0.9300000000000000500 ) ) ;
#6461 = FACE_OUTER_BOUND ( 'NONE', #9441, .T. ) ;
#6462 = ADVANCED_FACE ( 'NONE', ( #10404 ), #8649, .F. ) ;
#6463 =( NAMED_UNIT ( * ) PLANE_ANGLE_UNIT ( ) SI_UNIT ( $, .RADIAN. ) );
#6464 = ORIENTED_EDGE ( 'NONE', *, *, #2841, .T. ) ;
#6465 = ORIENTED_EDGE ( 'NONE', *, *, #4939, .T. ) ;
#6466 = DIRECTION ( 'NONE',  ( -1.000000000000000000, 0.0000000000000000000, -0.0000000000000000000 ) ) ;
#6467 = ORIENTED_EDGE ( 'NONE', *, *, #1731, .T. ) ;
#6468 = CARTESIAN_POINT ( 'NONE',  ( 0.02544278721532577900, 0.6162962151507489500, 0.9300000000000000500 ) ) ;
#6470 = SURFACE_SIDE_STYLE ('',( #4384 ) ) ;
#6469 = LINE ( 'NONE', #4755, #6218 ) ;
#6471 = CARTESIAN_POINT ( 'NONE',  ( 0.4737137801160609100, 0.8681427497922001900, 0.9400000000000000600 ) ) ;
#6472 = CARTESIAN_POINT ( 'NONE',  ( 0.4689603016569947600, 0.6209618699305621300, 0.9300000000000000500 ) ) ;
#6473 = PRESENTATION_LAYER_ASSIGNMENT (  '', '', ( #5370 ) ) ;
#6474 = ORIENTED_EDGE ( 'NONE', *, *, #6563, .F. ) ;
#6475 = ORIENTED_EDGE ( 'NONE', *, *, #3591, .F. ) ;
#6476 = CARTESIAN_POINT ( 'NONE',  ( 0.6783856885514542000, 0.8358091931916126200, 0.9300000000000000500 ) ) ;
#6477 = CARTESIAN_POINT ( 'NONE',  ( -0.9999999999999997800, -1.000000000000000200, 0.9300000000000000500 ) ) ;
#6478 = ORIENTED_EDGE ( 'NONE', *, *, #10037, .T. ) ;
#6479 = ADVANCED_FACE ( 'NONE', ( #5904 ), #5607, .F. ) ;
#6480 = B_SPLINE_CURVE_WITH_KNOTS ( 'NONE', 3,
 ( #5240, #6416, #1897, #6910 ),
 .UNSPECIFIED., .F., .F.,
 ( 4, 4 ),
 ( 1.000000000000000000, 2.000000000000000000 ),
 .UNSPECIFIED. ) ;
#6481 = PLANE ( 'NONE',  #5390 ) ;
#6482 = STYLED_ITEM ( 'NONE', ( #7353 ), #8123 ) ;
#6483 = COLOUR_RGB ( '',0.2980392156862745100, 0.2980392156862745100, 0.2980392156862745100 ) ;
#6484 = CARTESIAN_POINT ( 'NONE',  ( 0.9053395272618591800, 0.6207638083283396600, 0.9400000000000000600 ) ) ;
#6485 = LINE ( 'NONE', #3754, #4232 ) ;
#6486 = VECTOR ( 'NONE', #4209, 1000.000000000000000 ) ;
#6487 = CARTESIAN_POINT ( 'NONE',  ( 0.6392437643663834200, 0.7854520307678748400, 0.9400000000000000600 ) ) ;
#6488 = EDGE_CURVE ( 'NONE', #10294, #7278, #7947, .T. ) ;
#6489 = PRESENTATION_LAYER_ASSIGNMENT (  '', '', ( #4214 ) ) ;
#6490 = CARTESIAN_POINT ( 'NONE',  ( 0.4713617985869710800, 0.6440360466164558600, 0.9400000000000000600 ) ) ;
#6491 = CARTESIAN_POINT ( 'NONE',  ( 0.5311516448273563300, 0.6712695169537451500, 0.9400000000000000600 ) ) ;
#6492 = EDGE_LOOP ( 'NONE', ( #7080, #7034, #6816, #8214 ) ) ;
#6493 = EDGE_CURVE ( 'NONE', #5867, #456, #2677, .T. ) ;
#6495 = EDGE_LOOP ( 'NONE', ( #211, #3071, #8084, #7261 ) ) ;
#6494 =( NAMED_UNIT ( * ) SI_UNIT ( $, .STERADIAN. ) SOLID_ANGLE_UNIT ( ) );
#6496 = FACE_OUTER_BOUND ( 'NONE', #6991, .T. ) ;
#6497 = LINE ( 'NONE', #9145, #10454 ) ;
#6498 = EDGE_CURVE ( 'NONE', #145, #8133, #9609, .T. ) ;
#6499 = CARTESIAN_POINT ( 'NONE',  ( 0.0000000000000000000, 0.0000000000000000000, 0.9300000000000000500 ) ) ;
#6500 = CARTESIAN_POINT ( 'NONE',  ( 0.4635136075897990400, 0.8339276079684738700, 0.9300000000000000500 ) ) ;
#6501 = VERTEX_POINT ( 'NONE', #5204 ) ;
#6502 = PLANE ( 'NONE',  #9334 ) ;
#6503 = EDGE_LOOP ( 'NONE', ( #10214, #7538, #4950, #6310 ) ) ;
#6504 = AXIS2_PLACEMENT_3D ( 'NONE', #8668, #8577, #5507 ) ;
#6505 = DIRECTION ( 'NONE',  ( -0.0000000000000000000, -0.0000000000000000000, -1.000000000000000000 ) ) ;
#6506 = PRESENTATION_STYLE_ASSIGNMENT (( #2739 ) ) ;
#6507 = FACE_OUTER_BOUND ( 'NONE', #10681, .T. ) ;
#6508 = CARTESIAN_POINT ( 'NONE',  ( -0.8750000000000013300, -0.3749999999999970600, 0.0000000000000000000 ) ) ;
#6509 = FACE_OUTER_BOUND ( 'NONE', #7265, .T. ) ;
#6510 = DIRECTION ( 'NONE',  ( -0.0000000000000000000, -0.0000000000000000000, -1.000000000000000000 ) ) ;
#6511 = DIRECTION ( 'NONE',  ( 0.8840949502479010800, 0.4673073067545181500, 0.0000000000000000000 ) ) ;
#6512 = MECHANICAL_DESIGN_GEOMETRIC_PRESENTATION_REPRESENTATION (  '', ( #4242 ), #7114 ) ;
#6513 = ORIENTED_EDGE ( 'NONE', *, *, #5587, .F. ) ;
#6514 = CARTESIAN_POINT ( 'NONE',  ( 0.4841367719451629700, 0.6290823956311254500, 0.9300000000000000500 ) ) ;
#6515 = ORIENTED_EDGE ( 'NONE', *, *, #278, .F. ) ;
#6516 = VECTOR ( 'NONE', #4824, 1000.000000000000000 ) ;
#6517 = VECTOR ( 'NONE', #6297, 1000.000000000000000 ) ;
#6518 = CARTESIAN_POINT ( 'NONE',  ( 0.6126787519372730600, 0.8712622200305797400, 0.9400000000000000600 ) ) ;
#6519 = COLOUR_RGB ( '',0.6666666666666666300, 0.6666666666666666300, 0.6666666666666666300 ) ;
#6520 = B_SPLINE_SURFACE_WITH_KNOTS ( 'NONE', 3, 1, ( 
 ( #5262, #6059 ),
 ( #8991, #1517 ),
 ( #8249, #2322 ),
 ( #3939, #1823 ) ),
 .UNSPECIFIED., .F., .F., .F.,
 ( 4, 4 ),
 ( 2, 2 ),
 ( 4.000000000000000000, 5.000000000000000000 ),
 ( 0.0000000000000000000, 1.000000000000000000 ),
 .UNSPECIFIED. ) ;
#6521 =( LENGTH_UNIT ( ) NAMED_UNIT ( * ) SI_UNIT ( .MILLI., .METRE. ) );
#6522 = ADVANCED_FACE ( 'NONE', ( #2875 ), #409, .T. ) ;
#6523 = CARTESIAN_POINT ( 'NONE',  ( 0.6175560188974045200, 0.6322513812700694100, 0.9300000000000000500 ) ) ;
#6524 = CARTESIAN_POINT ( 'NONE',  ( 0.7403542124183174500, 0.8588833698775091300, 0.9399999999999998400 ) ) ;
#6525 = VERTEX_POINT ( 'NONE', #6468 ) ;
#6526 = CARTESIAN_POINT ( 'NONE',  ( 0.4669054125315760800, 0.8436326264881792700, 0.9400000000000000600 ) ) ;
#6527 = ORIENTED_EDGE ( 'NONE', *, *, #9885, .F. ) ;
#6528 = VECTOR ( 'NONE', #7350, 1000.000000000000000 ) ;
#6529 = LINE ( 'NONE', #7901, #8539 ) ;
#6530 = CARTESIAN_POINT ( 'NONE',  ( -0.09437512939602889200, 0.6548583440168537200, 0.9300000000000000500 ) ) ;
#6531 = PRESENTATION_LAYER_ASSIGNMENT (  '', '', ( #10340 ) ) ;
#6532 =( NAMED_UNIT ( * ) PLANE_ANGLE_UNIT ( ) SI_UNIT ( $, .RADIAN. ) );
#6533 = B_SPLINE_CURVE_WITH_KNOTS ( 'NONE', 3,
 ( #622, #1016, #6028, #7325 ),
 .UNSPECIFIED., .F., .F.,
 ( 4, 4 ),
 ( 23.00000000000000000, 24.00000000000000000 ),
 .UNSPECIFIED. ) ;
#6534 = CARTESIAN_POINT ( 'NONE',  ( 0.07433400708163313800, 0.8559320615082910400, 0.9400000000000000600 ) ) ;
#6535 = VERTEX_POINT ( 'NONE', #3195 ) ;
#6536 = VERTEX_POINT ( 'NONE', #5954 ) ;
#6537 = B_SPLINE_SURFACE_WITH_KNOTS ( 'NONE', 3, 1, ( 
 ( #3012, #548 ),
 ( #1436, #3704 ),
 ( #1894, #8628 ),
 ( #5568, #10595 ) ),
 .UNSPECIFIED., .F., .F., .F.,
 ( 4, 4 ),
 ( 2, 2 ),
 ( 6.000000000000000000, 7.000000000000000000 ),
 ( 0.0000000000000000000, 1.000000000000000000 ),
 .UNSPECIFIED. ) ;
#6538 = COLOUR_RGB ( '',0.6666666666666666300, 0.6666666666666666300, 0.6666666666666666300 ) ;
#6539 = CARTESIAN_POINT ( 'NONE',  ( 0.8777842068209502600, 0.6581974511915668100, 0.9400000000000000600 ) ) ;
#6540 = CARTESIAN_POINT ( 'NONE',  ( 0.8128200012164387100, 0.6554245887570808700, 0.9300000000000000500 ) ) ;
#6541 = CARTESIAN_POINT ( 'NONE',  ( 0.3953556586454101700, 0.8712622200305797400, 0.9400000000000000600 ) ) ;
#6542 = ORIENTED_EDGE ( 'NONE', *, *, #4584, .F. ) ;
#6543 = CARTESIAN_POINT ( 'NONE',  ( 0.5921793760833068400, 0.8712622200305797400, 0.9400000000000000600 ) ) ;
#6544 = VECTOR ( 'NONE', #4865, 1000.000000000000000 ) ;
#6545 = PRESENTATION_STYLE_ASSIGNMENT (( #10093 ) ) ;
#6546 = CARTESIAN_POINT ( 'NONE',  ( 0.4078582973002071200, 0.8712622200305797400, 0.9400000000000000600 ) ) ;
#6547 = CARTESIAN_POINT ( 'NONE',  ( 0.4742832072231295500, 0.6191298001079786900, 0.9300000000000000500 ) ) ;
#6548 = DIRECTION ( 'NONE',  ( -4.336808689942018200E-016, -1.000000000000000000, 0.0000000000000000000 ) ) ;
#6549 = EDGE_CURVE ( 'NONE', #8604, #9596, #10571, .T. ) ;
#6550 = EDGE_CURVE ( 'NONE', #951, #9365, #7121, .T. ) ;
#6551 = SURFACE_SIDE_STYLE ('',( #7601 ) ) ;
#6552 = B_SPLINE_CURVE_WITH_KNOTS ( 'NONE', 3,
 ( #10201, #2311, #5661, #2484 ),
 .UNSPECIFIED., .F., .F.,
 ( 4, 4 ),
 ( 28.00000000000000000, 29.00000000000000000 ),
 .UNSPECIFIED. ) ;
#6553 = DIRECTION ( 'NONE',  ( -0.0000000000000000000, -0.0000000000000000000, -1.000000000000000000 ) ) ;
#6554 = ORIENTED_EDGE ( 'NONE', *, *, #10512, .F. ) ;
#6555 = EDGE_CURVE ( 'NONE', #9141, #8678, #1784, .T. ) ;
#6556 = ORIENTED_EDGE ( 'NONE', *, *, #5992, .F. ) ;
#6557 = CARTESIAN_POINT ( 'NONE',  ( 0.5025069855725459200, 0.6554741041582921000, 0.9300000000000000500 ) ) ;
#6558 = VECTOR ( 'NONE', #2330, 1000.000000000000000 ) ;
#6559 = LINE ( 'NONE', #7300, #8829 ) ;
#6560 = CARTESIAN_POINT ( 'NONE',  ( 0.7824423029398259700, 0.6351727899062257200, 0.9400000000000000600 ) ) ;
#6561 = CARTESIAN_POINT ( 'NONE',  ( 0.7464693643943523000, 0.7064749667899301600, 0.9300000000000000500 ) ) ;
#6562 = DIRECTION ( 'NONE',  ( 0.0000000000000000000, -1.000000000000000000, 0.0000000000000000000 ) ) ;
#6563 = EDGE_CURVE ( 'NONE', #10314, #5676, #966, .T. ) ;
#6564 = DIRECTION ( 'NONE',  ( -1.090812488552360200E-014, -1.000000000000000000, 0.0000000000000000000 ) ) ;
#6565 = CARTESIAN_POINT ( 'NONE',  ( 0.5866088935143900500, 0.5891729827367686600, 0.9300000000000000500 ) ) ;
#6566 = ORIENTED_EDGE ( 'NONE', *, *, #3368, .T. ) ;
#6567 = FACE_OUTER_BOUND ( 'NONE', #10568, .T. ) ;
#6568 = EDGE_CURVE ( 'NONE', #6840, #6899, #341, .T. ) ;
#6569 = PRESENTATION_LAYER_ASSIGNMENT (  '', '', ( #5453 ) ) ;
#6570 = AXIS2_PLACEMENT_3D ( 'NONE', #10767, #1763, #2768 ) ;
#6571 = CARTESIAN_POINT ( 'NONE',  ( -0.8749999999999995600, 0.1250000000000029400, -0.02000000000000000000 ) ) ;
#6572 =( NAMED_UNIT ( * ) PLANE_ANGLE_UNIT ( ) SI_UNIT ( $, .RADIAN. ) );
#6573 = EDGE_CURVE ( 'NONE', #6899, #8181, #9352, .T. ) ;
#6574 = ADVANCED_FACE ( 'NONE', ( #6844 ), #441, .T. ) ;
#6575 = CARTESIAN_POINT ( 'NONE',  ( 0.6515483414186221700, 0.7854520307678748400, 0.9400000000000000600 ) ) ;
#6576 = CARTESIAN_POINT ( 'NONE',  ( 0.8613450938169312500, 0.7052370817740308800, 0.9300000000000000500 ) ) ;
#6577 = EDGE_LOOP ( 'NONE', ( #2259, #1156, #6060, #9389 ) ) ;
#6578 = CARTESIAN_POINT ( 'NONE',  ( 0.5422926099655147600, 0.7744100964311524400, 0.9300000000000000500 ) ) ;
#6579 = CARTESIAN_POINT ( 'NONE',  ( -0.07922573945254762800, 0.6383317248649100800, 0.9300000000000000500 ) ) ;
#6580 = VECTOR ( 'NONE', #67, 1000.000000000000000 ) ;
#6581 = CARTESIAN_POINT ( 'NONE',  ( 0.7200281404666326600, 0.8009008357594299400, 0.9400000000000000600 ) ) ;
#6582 = CARTESIAN_POINT ( 'NONE',  ( 0.5894312713490678100, 0.8180331643712409600, 0.9300000000000000500 ) ) ;
#6583 = CARTESIAN_POINT ( 'NONE',  ( 0.5559093451341604600, 0.6487895250751982700, 0.9400000000000000600 ) ) ;
#6584 = CARTESIAN_POINT ( 'NONE',  ( 0.4667073509293496200, 0.6597324286108028300, 0.9400000000000000600 ) ) ;
#6585 = EDGE_LOOP ( 'NONE', ( #7893, #2325, #8745, #5186 ) ) ;
#6586 = ORIENTED_EDGE ( 'NONE', *, *, #5375, .T. ) ;
#6587 = DIRECTION ( 'NONE',  ( 0.0000000000000000000, 0.0000000000000000000, 1.000000000000000000 ) ) ;
#6588 = LINE ( 'NONE', #7724, #2648 ) ;
#6589 = VERTEX_POINT ( 'NONE', #5809 ) ;
#6590 = B_SPLINE_SURFACE_WITH_KNOTS ( 'NONE', 3, 1, ( 
 ( #53, #7474 ),
 ( #6820, #1793 ),
 ( #9360, #4280 ),
 ( #10408, #340 ) ),
 .UNSPECIFIED., .F., .F., .F.,
 ( 4, 4 ),
 ( 2, 2 ),
 ( 1.000000000000000000, 2.000000000000000000 ),
 ( 0.0000000000000000000, 1.000000000000000000 ),
 .UNSPECIFIED. ) ;
#6591 = CARTESIAN_POINT ( 'NONE',  ( 0.6190414809160874600, 0.6378466215395937100, 0.9300000000000000500 ) ) ;
#6592 = DIRECTION ( 'NONE',  ( -0.0000000000000000000, -0.0000000000000000000, -1.000000000000000000 ) ) ;
#6593 = DIRECTION ( 'NONE',  ( 1.000000000000000000, 0.0000000000000000000, -0.0000000000000000000 ) ) ;
#6594 = CARTESIAN_POINT ( 'NONE',  ( 0.6392437643663834200, 0.7854520307678748400, 0.9300000000000000500 ) ) ;
#6595 = VERTEX_POINT ( 'NONE', #6822 ) ;
#6596 = ORIENTED_EDGE ( 'NONE', *, *, #623, .F. ) ;
#6597 = CARTESIAN_POINT ( 'NONE',  ( 0.4424943200293258200, 0.6754783260056996800, 0.9300000000000000500 ) ) ;
#6598 = VERTEX_POINT ( 'NONE', #6611 ) ;
#6599 = DIRECTION ( 'NONE',  ( -0.0000000000000000000, -1.000000000000000000, -0.0000000000000000000 ) ) ;
#6600 =( LENGTH_UNIT ( ) NAMED_UNIT ( * ) SI_UNIT ( .MILLI., .METRE. ) );
#6601 = VECTOR ( 'NONE', #9170, 1000.000000000000000 ) ;
#6602 = B_SPLINE_CURVE_WITH_KNOTS ( 'NONE', 3,
 ( #9409, #10250, #1874, #5612 ),
 .UNSPECIFIED., .F., .F.,
 ( 4, 4 ),
 ( 8.000000000000000000, 9.000000000000000000 ),
 .UNSPECIFIED. ) ;
#6603 = ORIENTED_EDGE ( 'NONE', *, *, #159, .F. ) ;
#6604 = DIRECTION ( 'NONE',  ( -1.090812488552360200E-014, -1.000000000000000000, 0.0000000000000000000 ) ) ;
#6605 = ORIENTED_EDGE ( 'NONE', *, *, #5495, .F. ) ;
#6606 = ORIENTED_EDGE ( 'NONE', *, *, #3783, .T. ) ;
#6607 =( GEOMETRIC_REPRESENTATION_CONTEXT ( 3 ) GLOBAL_UNCERTAINTY_ASSIGNED_CONTEXT ( ( #4672 ) ) GLOBAL_UNIT_ASSIGNED_CONTEXT ( ( #7133, #2123, #5686 ) ) REPRESENTATION_CONTEXT ( 'NONE', 'WORKASPACE' ) );
#6608 = CARTESIAN_POINT ( 'NONE',  ( 0.2175646100789337100, 0.7698559748191087200, 0.9400000000000000600 ) ) ;
#6609 = ORIENTED_EDGE ( 'NONE', *, *, #9683, .F. ) ;
#6610 = ORIENTED_EDGE ( 'NONE', *, *, #7830, .T. ) ;
#6611 = CARTESIAN_POINT ( 'NONE',  ( 0.5025069855725459200, 0.6488390404757544700, 0.9400000000000000600 ) ) ;
#6612 = PLANE ( 'NONE',  #9755 ) ;
#6613 = LINE ( 'NONE', #5120, #9659 ) ;
#6614 = CARTESIAN_POINT ( 'NONE',  ( 0.0000000000000000000, 0.0000000000000000000, -0.001000000000000000000 ) ) ;
#6615 = EDGE_CURVE ( 'NONE', #4884, #8106, #2618, .T. ) ;
#6616 = ORIENTED_EDGE ( 'NONE', *, *, #6949, .F. ) ;
#6617 = EDGE_CURVE ( 'NONE', #9789, #2914, #2358, .T. ) ;
#6618 = VERTEX_POINT ( 'NONE', #6402 ) ;
#6619 = VERTEX_POINT ( 'NONE', #5990 ) ;
#6620 = CARTESIAN_POINT ( 'NONE',  ( 0.5777951522050398500, 0.6332416892825238900, 0.9400000000000000600 ) ) ;
#6621 = EDGE_CURVE ( 'NONE', #4822, #3613, #4309, .T. ) ;
#6622 = SURFACE_STYLE_FILL_AREA ( #5701 ) ;
#6623 = FACE_OUTER_BOUND ( 'NONE', #7340, .T. ) ;
#6624 = CARTESIAN_POINT ( 'NONE',  ( -0.1232966932103497500, 0.7023723281082751000, 0.9400000000000000600 ) ) ;
#6625 =( LENGTH_UNIT ( ) NAMED_UNIT ( * ) SI_UNIT ( .MILLI., .METRE. ) );
#6626 = DIRECTION ( 'NONE',  ( 0.0000000000000000000, 0.0000000000000000000, 1.000000000000000000 ) ) ;
#6627 = AXIS2_PLACEMENT_3D ( 'NONE', #7251, #7272, #7326 ) ;
#6628 = VECTOR ( 'NONE', #3550, 1000.000000000000000 ) ;
#6629 = VECTOR ( 'NONE', #9000, 1000.000000000000000 ) ;
#6630 = CARTESIAN_POINT ( 'NONE',  ( 1.000000000000000200, -1.000000000000000200, 0.9300000000000000500 ) ) ;
#6631 = CARTESIAN_POINT ( 'NONE',  ( 0.06538211245380874700, 0.7044381883378546500, 0.9300000000000000500 ) ) ;
#6632 = ADVANCED_FACE ( 'NONE', ( #9073 ), #7736, .F. ) ;
#6633 = EDGE_LOOP ( 'NONE', ( #8412, #9135, #7313, #6260 ) ) ;
#6634 = UNCERTAINTY_MEASURE_WITH_UNIT (LENGTH_MEASURE( 1.000000000000000100E-005 ), #8416, 'distance_accuracy_value', 'NONE');
#6635 = AXIS2_PLACEMENT_3D ( 'NONE', #1184, #7028, #1991 ) ;
#6637 = DIRECTION ( 'NONE',  ( -0.0000000000000000000, -0.0000000000000000000, -1.000000000000000000 ) ) ;
#6636 = CARTESIAN_POINT ( 'NONE',  ( 0.5473431808279249900, 0.6790929502503110200, 0.9400000000000000600 ) ) ;
#6638 = ORIENTED_EDGE ( 'NONE', *, *, #916, .F. ) ;
#6639 = CARTESIAN_POINT ( 'NONE',  ( 0.4726739567030484600, 0.6893921535780167500, 0.9300000000000000500 ) ) ;
#6640 = CARTESIAN_POINT ( 'NONE',  ( 0.8631524059392393600, 0.6984534718904845700, 0.9400000000000000600 ) ) ;
#6641 = DIRECTION ( 'NONE',  ( -0.0000000000000000000, -0.0000000000000000000, -1.000000000000000000 ) ) ;
#6642 = VECTOR ( 'NONE', #10680, 1000.000000000000000 ) ;
#6643 = LINE ( 'NONE', #2027, #10837 ) ;
#6644 = EDGE_CURVE ( 'NONE', #7052, #9644, #6559, .T. ) ;
#6645 = AXIS2_PLACEMENT_3D ( 'NONE', #4399, #5902, #87 ) ;
#6646 = LINE ( 'NONE', #514, #2184 ) ;
#6647 = CARTESIAN_POINT ( 'NONE',  ( 0.02544280034949358100, 0.7898256637061896700, 0.9300000000000000500 ) ) ;
#6648 = EDGE_CURVE ( 'NONE', #8836, #993, #8565, .T. ) ;
#6649 = SURFACE_STYLE_USAGE ( .BOTH. , #6722 ) ;
#6650 = ORIENTED_EDGE ( 'NONE', *, *, #7092, .T. ) ;
#6651 = ORIENTED_EDGE ( 'NONE', *, *, #4064, .T. ) ;
#6652 = EDGE_CURVE ( 'NONE', #4375, #10790, #7294, .T. ) ;
#6653 = CARTESIAN_POINT ( 'NONE',  ( 0.5229073306253952900, 0.7784208438808782900, 0.9400000000000000600 ) ) ;
#6654 = DIRECTION ( 'NONE',  ( 0.3667976789509029800, 0.9303007377811920400, -0.0000000000000000000 ) ) ;
#6655 = COLOUR_RGB ( '',0.6666666666666666300, 0.6666666666666666300, 0.6666666666666666300 ) ;
#6656 = B_SPLINE_SURFACE_WITH_KNOTS ( 'NONE', 3, 1, ( 
 ( #2142, #6530 ),
 ( #8054, #9051 ),
 ( #2960, #3776 ),
 ( #8876, #8814 ) ),
 .UNSPECIFIED., .F., .F., .F.,
 ( 4, 4 ),
 ( 2, 2 ),
 ( 8.000000000000000000, 9.000000000000000000 ),
 ( 0.0000000000000000000, 1.000000000000000000 ),
 .UNSPECIFIED. ) ;
#6657 = FILL_AREA_STYLE_COLOUR ( '', #9111 ) ;
#6658 = DIRECTION ( 'NONE',  ( 0.0000000000000000000, 0.0000000000000000000, -1.000000000000000000 ) ) ;
#6659 = CARTESIAN_POINT ( 'NONE',  ( 0.5777951522050398500, 0.6395796605610599700, 0.9300000000000000500 ) ) ;
#6660 = ORIENTED_EDGE ( 'NONE', *, *, #632, .F. ) ;
#6661 = CARTESIAN_POINT ( 'NONE',  ( 0.3160356479979080600, 0.6927318221602552000, 0.9400000000000000600 ) ) ;
#6662 = ORIENTED_EDGE ( 'NONE', *, *, #5847, .F. ) ;
#6663 = FACE_OUTER_BOUND ( 'NONE', #9285, .T. ) ;
#6664 = LINE ( 'NONE', #3588, #6389 ) ;
#6665 = DIRECTION ( 'NONE',  ( -0.0000000000000000000, -0.0000000000000000000, -1.000000000000000000 ) ) ;
#6666 = DIRECTION ( 'NONE',  ( 0.0000000000000000000, -1.000000000000000000, 0.0000000000000000000 ) ) ;
#6667 = CARTESIAN_POINT ( 'NONE',  ( 0.8603547858051363600, 0.7000379647096211000, 0.9300000000000000500 ) ) ;
#6668 = CARTESIAN_POINT ( 'NONE',  ( 0.4464307943782164800, 0.7744100964311524400, 0.9400000000000000600 ) ) ;
#6669 = DIRECTION ( 'NONE',  ( -0.0000000000000000000, -0.0000000000000000000, -1.000000000000000000 ) ) ;
#6670 = CARTESIAN_POINT ( 'NONE',  ( 0.4736890224157845300, 0.8508618749780546600, 0.9400000000000000600 ) ) ;
#6671 = DIRECTION ( 'NONE',  ( 1.000000000000000000, 0.0000000000000000000, 0.0000000000000000000 ) ) ;
#6672 = EDGE_LOOP ( 'NONE', ( #1618, #9105, #1730, #2749, #1656, #1428, #2161, #596, #9403, #8701, #7962, #3623, #6893, #10725, #9324, #6434, #9536, #9019, #2097, #7838, #4471, #863, #4073, #908, #9622, #4028, #9233, #8686, #8274, #1173, #7156, #2708, #4662 ) ) ;
#6673 = SURFACE_STYLE_FILL_AREA ( #8132 ) ;
#6674 = VECTOR ( 'NONE', #5108, 1000.000000000000200 ) ;
#6675 = CARTESIAN_POINT ( 'NONE',  ( 0.5580880227609703600, 0.6599800056135877200, 0.9300000000000000500 ) ) ;
#6676 = CARTESIAN_POINT ( 'NONE',  ( 0.7996736623527519500, 0.6700811473390668700, 0.9300000000000000500 ) ) ;
#6677 = CARTESIAN_POINT ( 'NONE',  ( 0.8631524059392393600, 0.6984534718904845700, 0.9300000000000000500 ) ) ;
#6678 = PLANE ( 'NONE',  #7847 ) ;
#6679 = ORIENTED_EDGE ( 'NONE', *, *, #5865, .F. ) ;
#6680 = VERTEX_POINT ( 'NONE', #4807 ) ;
#6681 = DIRECTION ( 'NONE',  ( -0.0000000000000000000, -0.0000000000000000000, 1.000000000000000000 ) ) ;
#6682 =( GEOMETRIC_REPRESENTATION_CONTEXT ( 3 ) GLOBAL_UNCERTAINTY_ASSIGNED_CONTEXT ( ( #6634 ) ) GLOBAL_UNIT_ASSIGNED_CONTEXT ( ( #8416, #10155, #5095 ) ) REPRESENTATION_CONTEXT ( 'NONE', 'WORKASPACE' ) );
#6683 = FACE_BOUND ( 'NONE', #8108, .T. ) ;
#6684 = LINE ( 'NONE', #8141, #21 ) ;
#6685 = B_SPLINE_CURVE_WITH_KNOTS ( 'NONE', 3,
 ( #9691, #8364, #757, #4624 ),
 .UNSPECIFIED., .F., .F.,
 ( 4, 4 ),
 ( 19.00000000000000000, 20.00000000000000000 ),
 .UNSPECIFIED. ) ;
#6686 = CARTESIAN_POINT ( 'NONE',  ( 0.05229852363548511500, 0.6431519647050799600, 0.9400000000000000600 ) ) ;
#6687 = CARTESIAN_POINT ( 'NONE',  ( 0.3953556586454114500, 0.7744100964311524400, 0.9400000000000000600 ) ) ;
#6688 = CARTESIAN_POINT ( 'NONE',  ( 0.4960947411931701000, 0.7727760882107978000, 0.9300000000000000500 ) ) ;
#6689 = EDGE_CURVE ( 'NONE', #221, #7592, #4033, .T. ) ;
#6690 = ADVANCED_FACE ( 'NONE', ( #8313 ), #8103, .F. ) ;
#6691 = VERTEX_POINT ( 'NONE', #4801 ) ;
#6692 = B_SPLINE_CURVE_WITH_KNOTS ( 'NONE', 3,
 ( #10672, #3116, #1529, #7407 ),
 .UNSPECIFIED., .F., .F.,
 ( 4, 4 ),
 ( 12.00000000000000000, 13.00000000000000000 ),
 .UNSPECIFIED. ) ;
#6693 = CARTESIAN_POINT ( 'NONE',  ( 0.4802002975962708100, 0.6816677510825681600, 0.9300000000000000500 ) ) ;
#6694 = VECTOR ( 'NONE', #4977, 1000.000000000000000 ) ;
#6695 = VECTOR ( 'NONE', #10059, 1000.000000000000100 ) ;
#6696 = CARTESIAN_POINT ( 'NONE',  ( -0.03928643391532113400, 0.6218051319819646300, 0.9300000000000000500 ) ) ;
#6697 = AXIS2_PLACEMENT_3D ( 'NONE', #2661, #2586, #2545 ) ;
#6698 = UNCERTAINTY_MEASURE_WITH_UNIT (LENGTH_MEASURE( 1.000000000000000100E-005 ), #1810, 'distance_accuracy_value', 'NONE');
#6699 = VERTEX_POINT ( 'NONE', #3380 ) ;
#6700 = ORIENTED_EDGE ( 'NONE', *, *, #977, .T. ) ;
#6701 = ORIENTED_EDGE ( 'NONE', *, *, #9333, .T. ) ;
#6702 = CARTESIAN_POINT ( 'NONE',  ( 0.7996736623527519500, 0.6700811473390668700, 0.9400000000000000600 ) ) ;
#6703 = ORIENTED_EDGE ( 'NONE', *, *, #9175, .F. ) ;
#6704 = PRESENTATION_STYLE_ASSIGNMENT (( #4453 ) ) ;
#6705 =( NAMED_UNIT ( * ) PLANE_ANGLE_UNIT ( ) SI_UNIT ( $, .RADIAN. ) );
#6706 = CARTESIAN_POINT ( 'NONE',  ( 0.7982129580350048000, 0.7047914431690173200, 0.9300000000000000500 ) ) ;
#6707 = CARTESIAN_POINT ( 'NONE',  ( 0.5510320781737000400, 0.6290328802305755800, 0.9400000000000000600 ) ) ;
#6708 = EDGE_CURVE ( 'NONE', #921, #9222, #4899, .T. ) ;
#6709 = CARTESIAN_POINT ( 'NONE',  ( 0.2278937404819794100, 0.6204279093409176300, 0.9400000000000000600 ) ) ;
#6710 = DIRECTION ( 'NONE',  ( -1.000000000000000000, 0.0000000000000000000, 0.0000000000000000000 ) ) ;
#6711 = EDGE_CURVE ( 'NONE', #724, #2523, #4578, .T. ) ;
#6712 = CARTESIAN_POINT ( 'NONE',  ( 0.1249999999999998900, 0.8750000000000000000, 0.0000000000000000000 ) ) ;
#6713 = ORIENTED_EDGE ( 'NONE', *, *, #5379, .F. ) ;
#6714 = CARTESIAN_POINT ( 'NONE',  ( -0.1232966932103497500, 0.7595268444160593300, 0.9300000000000000500 ) ) ;
#6715 = CARTESIAN_POINT ( 'NONE',  ( 0.6760832224229499400, 0.6643868762684275200, 0.9400000000000000600 ) ) ;
#6716 = EDGE_LOOP ( 'NONE', ( #3395, #6679, #2930, #8682 ) ) ;
#6717 = DIRECTION ( 'NONE',  ( 1.000000000000000000, -1.047444401652940000E-014, -0.0000000000000000000 ) ) ;
#6718 = VECTOR ( 'NONE', #6931, 1000.000000000000000 ) ;
#6719 = EDGE_CURVE ( 'NONE', #3590, #2738, #10764, .T. ) ;
#6720 = CARTESIAN_POINT ( 'NONE',  ( 0.7611011652754009500, 0.7064749667899301600, 0.9300000000000000500 ) ) ;
#6721 = CARTESIAN_POINT ( 'NONE',  ( 0.6392437643663834200, 0.7854520307678748400, 0.9400000000000000600 ) ) ;
#6722 = SURFACE_SIDE_STYLE ('',( #9581 ) ) ;
#6723 =( GEOMETRIC_REPRESENTATION_CONTEXT ( 3 ) GLOBAL_UNCERTAINTY_ASSIGNED_CONTEXT ( ( #5895 ) ) GLOBAL_UNIT_ASSIGNED_CONTEXT ( ( #948, #6789, #1768 ) ) REPRESENTATION_CONTEXT ( 'NONE', 'WORKASPACE' ) );
#6724 = ORIENTED_EDGE ( 'NONE', *, *, #1062, .T. ) ;
#6725 = ORIENTED_EDGE ( 'NONE', *, *, #1340, .T. ) ;
#6726 = VECTOR ( 'NONE', #8808, 1000.000000000000000 ) ;
#6727 = DIRECTION ( 'NONE',  ( 0.0000000000000000000, -1.000000000000000000, 0.0000000000000000000 ) ) ;
#6728 = VECTOR ( 'NONE', #10684, 1000.000000000000000 ) ;
#6729 = CARTESIAN_POINT ( 'NONE',  ( -0.001412936070664888900, 0.8407826715644759500, 0.9300000000000000500 ) ) ;
#6730 = CARTESIAN_POINT ( 'NONE',  ( -0.09093206622731372900, 0.8084180577156119300, 0.9400000000000000600 ) ) ;
#6731 = B_SPLINE_SURFACE_WITH_KNOTS ( 'NONE', 3, 1, ( 
 ( #5981, #848 ),
 ( #1006, #6849 ),
 ( #4971, #1827 ),
 ( #7729, #7537 ) ),
 .UNSPECIFIED., .F., .F., .F.,
 ( 4, 4 ),
 ( 2, 2 ),
 ( 20.00000000000000000, 21.00000000000000000 ),
 ( 0.0000000000000000000, 1.000000000000000000 ),
 .UNSPECIFIED. ) ;
#6732 = CARTESIAN_POINT ( 'NONE',  ( 0.7418644321372838100, 0.8520997599932974600, 0.9400000000000000600 ) ) ;
#6733 = CARTESIAN_POINT ( 'NONE',  ( 0.2519950447545432600, 0.6224937301679918100, 0.9400000000000000600 ) ) ;
#6734 = VECTOR ( 'NONE', #8958, 1000.000000000000100 ) ;
#6735 = CARTESIAN_POINT ( 'NONE',  ( 0.09499226788739424700, 0.6438406154277834800, 0.9300000000000000500 ) ) ;
#6736 = PRESENTATION_LAYER_ASSIGNMENT (  '', '', ( #5617 ) ) ;
#6737 = ORIENTED_EDGE ( 'NONE', *, *, #8289, .F. ) ;
#6738 = ORIENTED_EDGE ( 'NONE', *, *, #5737, .T. ) ;
#6739 = VECTOR ( 'NONE', #3137, 1000.000000000000000 ) ;
#6740 =( LENGTH_UNIT ( ) NAMED_UNIT ( * ) SI_UNIT ( .MILLI., .METRE. ) );
#6741 = VECTOR ( 'NONE', #8227, 1000.000000000000000 ) ;
#6742 = SURFACE_STYLE_USAGE ( .BOTH. , #907 ) ;
#6744 = CARTESIAN_POINT ( 'NONE',  ( 0.7890526089214275900, 0.6973641330769089200, 0.9300000000000000500 ) ) ;
#6743 = COLOUR_RGB ( '',0.6666666666666666300, 0.6666666666666666300, 0.6666666666666666300 ) ;
#6745 = CARTESIAN_POINT ( 'NONE',  ( 0.6251813905923989700, 0.8601212548927491500, 0.9300000000000000500 ) ) ;
#6746 = ORIENTED_EDGE ( 'NONE', *, *, #2485, .T. ) ;
#6747 = ORIENTED_EDGE ( 'NONE', *, *, #8436, .F. ) ;
#6748 = CARTESIAN_POINT ( 'NONE',  ( -0.6249999999999998900, -0.6250000000000000000, -0.02000000000000000000 ) ) ;
#6749 = ORIENTED_EDGE ( 'NONE', *, *, #6689, .T. ) ;
#6750 = ADVANCED_FACE ( 'NONE', ( #10272 ), #4023, .T. ) ;
#6751 = DIRECTION ( 'NONE',  ( -1.000000000000000000, 4.336808689942017700E-016, 0.0000000000000000000 ) ) ;
#6752 = PRESENTATION_STYLE_ASSIGNMENT (( #1120 ) ) ;
#6754 = CARTESIAN_POINT ( 'NONE',  ( 0.7200281404666326600, 0.8009008357594299400, 0.9300000000000000500 ) ) ;
#6753 =( NAMED_UNIT ( * ) SI_UNIT ( $, .STERADIAN. ) SOLID_ANGLE_UNIT ( ) );
#6755 = CARTESIAN_POINT ( 'NONE',  ( 0.5436542834821478400, 0.6695859933328316400, 0.9300000000000000500 ) ) ;
#6756 = DIRECTION ( 'NONE',  ( -0.0000000000000000000, -0.0000000000000000000, -1.000000000000000000 ) ) ;
#6757 = FACE_OUTER_BOUND ( 'NONE', #6245, .T. ) ;
#6758 = DIRECTION ( 'NONE',  ( -0.0000000000000000000, -0.0000000000000000000, -1.000000000000000000 ) ) ;
#6759 = CARTESIAN_POINT ( 'NONE',  ( 0.2740305282010213100, 0.6335114850253961100, 0.9400000000000000600 ) ) ;
#6760 = VERTEX_POINT ( 'NONE', #3004 ) ;
#6761 = FILL_AREA_STYLE_COLOUR ( '', #2005 ) ;
#6762 = VERTEX_POINT ( 'NONE', #7395 ) ;
#6764 = EDGE_LOOP ( 'NONE', ( #8349, #2692, #5060, #6211 ) ) ;
#6763 = FILL_AREA_STYLE ('',( #7011 ) ) ;
#6765 = VECTOR ( 'NONE', #3267, 1000.000000000000000 ) ;
#6766 = B_SPLINE_CURVE_WITH_KNOTS ( 'NONE', 3,
 ( #2953, #7189, #3774, #9714 ),
 .UNSPECIFIED., .F., .F.,
 ( 4, 4 ),
 ( 11.00000000000000000, 12.00000000000000000 ),
 .UNSPECIFIED. ) ;
#6767 = LINE ( 'NONE', #9990, #8763 ) ;
#6768 = VECTOR ( 'NONE', #3367, 1000.000000000000000 ) ;
#6769 = DIRECTION ( 'NONE',  ( -1.000000000000000000, -0.0000000000000000000, -0.0000000000000000000 ) ) ;
#6770 = CARTESIAN_POINT ( 'NONE',  ( 0.6611543291378714200, 0.7888190780096977500, 0.9400000000000000600 ) ) ;
#6771 = DIRECTION ( 'NONE',  ( -0.0000000000000000000, 1.000000000000000000, -0.0000000000000000000 ) ) ;
#6772 = CARTESIAN_POINT ( 'NONE',  ( 0.7982129580350048000, 0.6343310280960995400, 0.9400000000000000600 ) ) ;
#6773 = B_SPLINE_SURFACE_WITH_KNOTS ( 'NONE', 3, 1, ( 
 ( #1778, #8478 ),
 ( #6805, #5937 ),
 ( #961, #118 ),
 ( #5087, #10149 ) ),
 .UNSPECIFIED., .F., .F., .F.,
 ( 4, 4 ),
 ( 2, 2 ),
 ( 4.000000000000000000, 5.000000000000000000 ),
 ( 0.0000000000000000000, 1.000000000000000000 ),
 .UNSPECIFIED. ) ;
#6774 = VERTEX_POINT ( 'NONE', #7544 ) ;
#6775 = PLANE ( 'NONE',  #972 ) ;
#6776 = CARTESIAN_POINT ( 'NONE',  ( 0.5445455606931641800, 0.6674568311062515400, 0.9400000000000000600 ) ) ;
#6777 = VERTEX_POINT ( 'NONE', #157 ) ;
#6778 = FACE_OUTER_BOUND ( 'NONE', #7663, .T. ) ;
#6779 = LINE ( 'NONE', #9514, #4517 ) ;
#6780 = FACE_OUTER_BOUND ( 'NONE', #3616, .T. ) ;
#6781 = EDGE_CURVE ( 'NONE', #8836, #8240, #8056, .T. ) ;
#6782 = EDGE_CURVE ( 'NONE', #7304, #5319, #5776, .T. ) ;
#6783 = CARTESIAN_POINT ( 'NONE',  ( 0.5777951522050398500, 0.6441350774175737000, 0.9300000000000000500 ) ) ;
#6784 = CARTESIAN_POINT ( 'NONE',  ( 0.5547952486203071600, 0.8601212548927491500, 0.9400000000000000600 ) ) ;
#6785 = ORIENTED_EDGE ( 'NONE', *, *, #10517, .T. ) ;
#6786 = DIRECTION ( 'NONE',  ( -0.0000000000000000000, -0.0000000000000000000, -1.000000000000000000 ) ) ;
#6787 = EDGE_CURVE ( 'NONE', #3896, #6774, #3526, .T. ) ;
#6788 = ORIENTED_EDGE ( 'NONE', *, *, #569, .T. ) ;
#6789 =( NAMED_UNIT ( * ) PLANE_ANGLE_UNIT ( ) SI_UNIT ( $, .RADIAN. ) );
#6790 = PRESENTATION_STYLE_ASSIGNMENT (( #4945 ) ) ;
#6791 = VECTOR ( 'NONE', #462, 1000.000000000000000 ) ;
#6792 = LINE ( 'NONE', #2441, #4527 ) ;
#6793 = LINE ( 'NONE', #5478, #9029 ) ;
#6794 = DIRECTION ( 'NONE',  ( 0.0000000000000000000, 1.000000000000000000, -0.0000000000000000000 ) ) ;
#6795 = EDGE_CURVE ( 'NONE', #3236, #8008, #3762, .T. ) ;
#6797 = CARTESIAN_POINT ( 'NONE',  ( 0.4643801271002033200, 0.8586357928740651100, 0.9300000000000000500 ) ) ;
#6796 = CARTESIAN_POINT ( 'NONE',  ( 0.1700506259875117500, 0.7381800116929384500, 0.9400000000000000600 ) ) ;
#6798 = DIRECTION ( 'NONE',  ( -0.0000000000000000000, 1.000000000000000000, -0.0000000000000000000 ) ) ;
#6799 = ORIENTED_EDGE ( 'NONE', *, *, #413, .F. ) ;
#6800 = EDGE_CURVE ( 'NONE', #4027, #5916, #5517, .T. ) ;
#6801 = AXIS2_PLACEMENT_3D ( 'NONE', #5189, #6940, #8644 ) ;
#6802 = CARTESIAN_POINT ( 'NONE',  ( 0.2740305282010213100, 0.6335114850253961100, 0.9300000000000000500 ) ) ;
#6803 = VERTEX_POINT ( 'NONE', #176 ) ;
#6804 = VECTOR ( 'NONE', #7843, 1000.000000000000100 ) ;
#6805 = CARTESIAN_POINT ( 'NONE',  ( 0.8079427342556492200, 0.6433923464085591300, 0.9400000000000000600 ) ) ;
#6807 = EDGE_CURVE ( 'NONE', #6365, #2582, #1104, .T. ) ;
#6806 = LINE ( 'NONE', #40, #138 ) ;
#6808 = ORIENTED_EDGE ( 'NONE', *, *, #7812, .F. ) ;
#6809 = CARTESIAN_POINT ( 'NONE',  ( 0.5580880227609703600, 0.6599800056135877200, 0.9300000000000000500 ) ) ;
#6810 = ORIENTED_EDGE ( 'NONE', *, *, #549, .F. ) ;
#6811 = CARTESIAN_POINT ( 'NONE',  ( 0.6760832224229544900, 0.7064749667899301600, 0.9400000000000000600 ) ) ;
#6812 = CARTESIAN_POINT ( 'NONE',  ( 0.5990372590683527000, 0.5985809088531275400, 0.9300000000000000500 ) ) ;
#6813 = DIRECTION ( 'NONE',  ( -0.0000000000000000000, -0.0000000000000000000, 1.000000000000000000 ) ) ;
#6814 = CARTESIAN_POINT ( 'NONE',  ( 0.5547952486202794000, 0.8180331643712409600, 0.9400000000000000600 ) ) ;
#6815 = B_SPLINE_SURFACE_WITH_KNOTS ( 'NONE', 3, 1, ( 
 ( #9808, #8043 ),
 ( #3837, #8930 ),
 ( #3007, #8117 ),
 ( #2198, #1383 ) ),
 .UNSPECIFIED., .F., .F., .F.,
 ( 4, 4 ),
 ( 2, 2 ),
 ( 18.00000000000000000, 19.00000000000000000 ),
 ( 0.0000000000000000000, 1.000000000000000000 ),
 .UNSPECIFIED. ) ;
#6816 = ORIENTED_EDGE ( 'NONE', *, *, #3930, .F. ) ;
#6817 = CARTESIAN_POINT ( 'NONE',  ( 0.5310773717265184800, 0.6231900629582662900, 0.9400000000000000600 ) ) ;
#6818 = CARTESIAN_POINT ( 'NONE',  ( 0.5610713256479045200, 0.6205038524749162400, 0.9400000000000000600 ) ) ;
#6819 = AXIS2_PLACEMENT_3D ( 'NONE', #9700, #9963, #7938 ) ;
#6820 = CARTESIAN_POINT ( 'NONE',  ( 0.4724511374002142700, 0.6469574552526142800, 0.9400000000000000600 ) ) ;
#6821 = VERTEX_POINT ( 'NONE', #2064 ) ;
#6822 = CARTESIAN_POINT ( 'NONE',  ( 0.5568996531462886400, 0.6816677510825681600, 0.9400000000000000600 ) ) ;
#6823 = LINE ( 'NONE', #4467, #8813 ) ;
#6824 = PRESENTATION_STYLE_ASSIGNMENT (( #4991 ) ) ;
#6825 = CARTESIAN_POINT ( 'NONE',  ( -0.3420636973039750700, 0.3834854731493751400, -0.001000000000000000000 ) ) ;
#6826 =( LENGTH_UNIT ( ) NAMED_UNIT ( * ) SI_UNIT ( .MILLI., .METRE. ) );
#6827 = ADVANCED_FACE ( 'NONE', ( #7532 ), #4043, .T. ) ;
#6828 = CARTESIAN_POINT ( 'NONE',  ( -0.6249999999999978900, 0.6250000000000021100, -0.02000000000000000000 ) ) ;
#6829 = B_SPLINE_SURFACE_WITH_KNOTS ( 'NONE', 3, 1, ( 
 ( #4385, #6863 ),
 ( #5311, #2877 ),
 ( #8803, #3702 ),
 ( #9626, #4561 ) ),
 .UNSPECIFIED., .F., .F., .F.,
 ( 4, 4 ),
 ( 2, 2 ),
 ( 12.00000000000000000, 13.00000000000000000 ),
 ( 0.0000000000000000000, 1.000000000000000000 ),
 .UNSPECIFIED. ) ;
#6830 = CARTESIAN_POINT ( 'NONE',  ( 0.5744776203641002200, 0.6884513609661171400, 0.9400000000000000600 ) ) ;
#6831 = CARTESIAN_POINT ( 'NONE',  ( 0.4078582973002071200, 0.8712622200305797400, 0.9300000000000000500 ) ) ;
#6832 = ORIENTED_EDGE ( 'NONE', *, *, #1411, .T. ) ;
#6833 = ORIENTED_EDGE ( 'NONE', *, *, #6213, .T. ) ;
#6834 = CARTESIAN_POINT ( 'NONE',  ( 0.7418644321372838100, 0.8520997599932974600, 0.9400000000000000600 ) ) ;
#6835 = LINE ( 'NONE', #3738, #173 ) ;
#6836 = CARTESIAN_POINT ( 'NONE',  ( 0.3160356479979080600, 0.7168331264331474500, 0.9300000000000000500 ) ) ;
#6837 = CARTESIAN_POINT ( 'NONE',  ( 0.1886430396978598700, 0.6631216273244853200, 0.9300000000000000500 ) ) ;
#6838 = CARTESIAN_POINT ( 'NONE',  ( 0.4884941271991148900, 0.6816677510825681600, 0.9300000000000000500 ) ) ;
#6839 = AXIS2_PLACEMENT_3D ( 'NONE', #6668, #8402, #9218 ) ;
#6840 = VERTEX_POINT ( 'NONE', #6732 ) ;
#6841 = DIRECTION ( 'NONE',  ( 3.925162207837335100E-015, 1.000000000000000000, 0.0000000000000000000 ) ) ;
#6842 = EDGE_LOOP ( 'NONE', ( #3190, #5476, #6202, #7098 ) ) ;
#6843 = VECTOR ( 'NONE', #9149, 1000.000000000000000 ) ;
#6844 = FACE_OUTER_BOUND ( 'NONE', #9788, .T. ) ;
#6845 = ADVANCED_FACE ( 'NONE', ( #820 ), #7327, .F. ) ;
#6846 = B_SPLINE_CURVE_WITH_KNOTS ( 'NONE', 3,
 ( #1782, #1999, #1682, #1641 ),
 .UNSPECIFIED., .F., .F.,
 ( 4, 4 ),
 ( 19.00000000000000000, 20.00000000000000000 ),
 .UNSPECIFIED. ) ;
#6847 = DIRECTION ( 'NONE',  ( -0.0000000000000000000, 1.000000000000000000, -0.0000000000000000000 ) ) ;
#6848 = PLANE ( 'NONE',  #2008 ) ;
#6849 = CARTESIAN_POINT ( 'NONE',  ( 0.03852634976530600700, 0.8283877137679336300, 0.9300000000000000500 ) ) ;
#6850 = CARTESIAN_POINT ( 'NONE',  ( 0.6250000000000001100, -0.8749999999999998900, -0.02000000000000000000 ) ) ;
#6851 = CARTESIAN_POINT ( 'NONE',  ( 0.4973078685081360800, 0.6347271513012086000, 0.9400000000000000600 ) ) ;
#6852 = DIRECTION ( 'NONE',  ( -0.0000000000000000000, -1.000000000000000000, -0.0000000000000000000 ) ) ;
#6853 = ORIENTED_EDGE ( 'NONE', *, *, #3217, .T. ) ;
#6854 = ORIENTED_EDGE ( 'NONE', *, *, #8156, .F. ) ;
#6855 = ORIENTED_EDGE ( 'NONE', *, *, #2017, .T. ) ;
#6856 = CARTESIAN_POINT ( 'NONE',  ( 0.5311516448273563300, 0.6712695169537451500, 0.9300000000000000500 ) ) ;
#6857 = LINE ( 'NONE', #970, #190 ) ;
#6858 = ORIENTED_EDGE ( 'NONE', *, *, #4006, .T. ) ;
#6859 = DIRECTION ( 'NONE',  ( 0.0000000000000000000, 0.0000000000000000000, -1.000000000000000000 ) ) ;
#6860 = STYLED_ITEM ( 'NONE', ( #5611 ), #8326 ) ;
#6861 = CARTESIAN_POINT ( 'NONE',  ( 0.7840515534599025200, 0.7744100964311586600, 0.9400000000000000600 ) ) ;
#6862 = ORIENTED_EDGE ( 'NONE', *, *, #9758, .F. ) ;
#6863 = CARTESIAN_POINT ( 'NONE',  ( 0.5436542834821478400, 0.6723588557673174600, 0.9300000000000000500 ) ) ;
#6864 = EDGE_CURVE ( 'NONE', #284, #1912, #9482, .T. ) ;
#6865 =( GEOMETRIC_REPRESENTATION_CONTEXT ( 3 ) GLOBAL_UNCERTAINTY_ASSIGNED_CONTEXT ( ( #346 ) ) GLOBAL_UNIT_ASSIGNED_CONTEXT ( ( #2806, #6156, #1985 ) ) REPRESENTATION_CONTEXT ( 'NONE', 'WORKASPACE' ) );
#6866 = CARTESIAN_POINT ( 'NONE',  ( 0.09499226788739424700, 0.6459064362548575500, 0.9300000000000000500 ) ) ;
#6867 = CARTESIAN_POINT ( 'NONE',  ( 0.7200281404666326600, 0.8009008357594299400, 0.9400000000000000600 ) ) ;
#6868 = LINE ( 'NONE', #4917, #450 ) ;
#6869 = EDGE_CURVE ( 'NONE', #4487, #5599, #2993, .T. ) ;
#6870 = CARTESIAN_POINT ( 'NONE',  ( 0.8750000000000040000, 0.3749999999999909000, -0.02000000000000000000 ) ) ;
#6871 = CARTESIAN_POINT ( 'NONE',  ( -0.07991432450440462400, 0.7691674029014183800, 0.9400000000000000600 ) ) ;
#6872 = CARTESIAN_POINT ( 'NONE',  ( 0.5894312713490678100, 0.8291246141085187900, 0.9400000000000000600 ) ) ;
#6873 = VERTEX_POINT ( 'NONE', #2028 ) ;
#6874 = FACE_OUTER_BOUND ( 'NONE', #3502, .T. ) ;
#6875 = CARTESIAN_POINT ( 'NONE',  ( 0.5643022055381180500, 0.6432438002062300700, 0.9300000000000000500 ) ) ;
#6876 = ORIENTED_EDGE ( 'NONE', *, *, #2150, .F. ) ;
#6877 = ORIENTED_EDGE ( 'NONE', *, *, #4145, .F. ) ;
#6878 = COLOUR_RGB ( '',0.6666666666666666300, 0.6666666666666666300, 0.6666666666666666300 ) ;
#6879 = CARTESIAN_POINT ( 'NONE',  ( 0.5944323268112803300, 0.5881826747243045200, 0.9300000000000000500 ) ) ;
#6880 = PLANE ( 'NONE',  #6442 ) ;
#6881 = FACE_OUTER_BOUND ( 'NONE', #3643, .T. ) ;
#6882 = FACE_OUTER_BOUND ( 'NONE', #3728, .T. ) ;
#6883 = PLANE ( 'NONE',  #2971 ) ;
#6884 = ADVANCED_FACE ( 'NONE', ( #561 ), #497, .F. ) ;
#6885 = DIRECTION ( 'NONE',  ( 0.0000000000000000000, 1.000000000000000000, -0.0000000000000000000 ) ) ;
#6886 = CARTESIAN_POINT ( 'NONE',  ( 0.5146382587228371900, 0.6828066052966959000, 0.9400000000000000600 ) ) ;
#6887 = EDGE_LOOP ( 'NONE', ( #4627, #5888, #6124, #1817 ) ) ;
#6888 = ORIENTED_EDGE ( 'NONE', *, *, #2481, .F. ) ;
#6889 = CARTESIAN_POINT ( 'NONE',  ( 1.745740669421566700E-015, 0.5000000000000000000, -0.02000000000000000000 ) ) ;
#6890 = CARTESIAN_POINT ( 'NONE',  ( 0.1927746813516781300, 0.6624330291384651300, 0.9400000000000000600 ) ) ;
#6891 = ORIENTED_EDGE ( 'NONE', *, *, #5064, .F. ) ;
#6892 = CARTESIAN_POINT ( 'NONE',  ( 0.5622225587120900400, 0.6449768392276955500, 0.9400000000000000600 ) ) ;
#6893 = ORIENTED_EDGE ( 'NONE', *, *, #9811, .F. ) ;
#6894 = FACE_OUTER_BOUND ( 'NONE', #1197, .T. ) ;
#6895 = LINE ( 'NONE', #7507, #479 ) ;
#6896 = CARTESIAN_POINT ( 'NONE',  ( 0.5368706735982712300, 0.6573061739808761000, 0.9300000000000000500 ) ) ;
#6897 = ORIENTED_EDGE ( 'NONE', *, *, #1214, .F. ) ;
#6898 = EDGE_LOOP ( 'NONE', ( #2668, #6308, #712, #5185 ) ) ;
#6899 = VERTEX_POINT ( 'NONE', #9804 ) ;
#6900 = DIRECTION ( 'NONE',  ( -0.0000000000000000000, -0.0000000000000000000, -1.000000000000000000 ) ) ;
#6901 = ORIENTED_EDGE ( 'NONE', *, *, #4909, .T. ) ;
#6902 = ORIENTED_EDGE ( 'NONE', *, *, #8919, .T. ) ;
#6903 = CARTESIAN_POINT ( 'NONE',  ( 0.7759310277593419700, 0.6207638083283396600, 0.9300000000000000500 ) ) ;
#6904 = B_SPLINE_SURFACE_WITH_KNOTS ( 'NONE', 3, 1, ( 
 ( #5490, #621 ),
 ( #537, #5134 ),
 ( #200, #3884 ),
 ( #3847, #5117 ) ),
 .UNSPECIFIED., .F., .F., .F.,
 ( 4, 4 ),
 ( 2, 2 ),
 ( 3.000000000000000000, 4.000000000000000000 ),
 ( 0.0000000000000000000, 1.000000000000000000 ),
 .UNSPECIFIED. ) ;
#6905 = ORIENTED_EDGE ( 'NONE', *, *, #8228, .F. ) ;
#6906 = CARTESIAN_POINT ( 'NONE',  ( 0.4806459362019426300, 0.6525031801209211200, 0.9400000000000000600 ) ) ;
#6907 = EDGE_LOOP ( 'NONE', ( #1437, #8493, #1031, #232 ) ) ;
#6908 = STYLED_ITEM ( 'NONE', ( #5791 ), #2383 ) ;
#6910 = CARTESIAN_POINT ( 'NONE',  ( 0.1170277513332148400, 0.8972485831191486800, 0.9400000000000000600 ) ) ;
#6909 = CARTESIAN_POINT ( 'NONE',  ( -0.09093206622731372900, 0.8084180577156119300, 0.9400000000000000600 ) ) ;
#6911 = ORIENTED_EDGE ( 'NONE', *, *, #6807, .T. ) ;
#6912 = CARTESIAN_POINT ( 'NONE',  ( 0.5007739465510748800, 0.6384408063469314600, 0.9400000000000000600 ) ) ;
#6913 = CARTESIAN_POINT ( 'NONE',  ( -0.01105345515318837700, 0.8001547941092382900, 0.9400000000000000600 ) ) ;
#6914 =( NAMED_UNIT ( * ) SI_UNIT ( $, .STERADIAN. ) SOLID_ANGLE_UNIT ( ) );
#6915 = PRESENTATION_STYLE_ASSIGNMENT (( #7909 ) ) ;
#6916 = LINE ( 'NONE', #6784, #243 ) ;
#6917 = CARTESIAN_POINT ( 'NONE',  ( 0.5580880227609703600, 0.6191298001079786900, 0.9400000000000000600 ) ) ;
#6918 = CARTESIAN_POINT ( 'NONE',  ( 0.7890526089214275900, 0.6973641330769089200, 0.9400000000000000600 ) ) ;
#6919 = FACE_OUTER_BOUND ( 'NONE', #6764, .T. ) ;
#6920 = DIRECTION ( 'NONE',  ( 1.000000000000000000, -0.0000000000000000000, 0.0000000000000000000 ) ) ;
#6921 = EDGE_CURVE ( 'NONE', #10162, #3580, #2338, .T. ) ;
#6922 = CARTESIAN_POINT ( 'NONE',  ( -0.8749999999999995600, 0.1250000000000029400, -0.02000000000000000000 ) ) ;
#6923 = ORIENTED_EDGE ( 'NONE', *, *, #7244, .T. ) ;
#6924 = DIRECTION ( 'NONE',  ( 1.000000000000000000, 2.574713804965530900E-014, -0.0000000000000000000 ) ) ;
#6925 = ORIENTED_EDGE ( 'NONE', *, *, #998, .F. ) ;
#6926 = B_SPLINE_CURVE_WITH_KNOTS ( 'NONE', 3,
 ( #10648, #10661, #6001, #8575 ),
 .UNSPECIFIED., .F., .F.,
 ( 4, 4 ),
 ( 21.00000000000000000, 22.00000000000000000 ),
 .UNSPECIFIED. ) ;
#6927 = VECTOR ( 'NONE', #7177, 1000.000000000000000 ) ;
#6929 = CARTESIAN_POINT ( 'NONE',  ( 0.02544278721532577900, 0.6162962151507489500, 0.9300000000000000500 ) ) ;
#6928 = LINE ( 'NONE', #6190, #4656 ) ;
#6930 = CARTESIAN_POINT ( 'NONE',  ( 0.08672897144559160700, 0.8972485831191486800, 0.9400000000000000600 ) ) ;
#6931 = DIRECTION ( 'NONE',  ( 0.0000000000000000000, 1.000000000000000000, 0.0000000000000000000 ) ) ;
#6932 = CARTESIAN_POINT ( 'NONE',  ( 0.6059198997533431500, 0.6083354427740475000, 0.9300000000000000500 ) ) ;
#6933 = CARTESIAN_POINT ( 'NONE',  ( 0.5547952486202794000, 0.8180331643712409600, 0.9400000000000000600 ) ) ;
#6934 = SURFACE_STYLE_FILL_AREA ( #9267 ) ;
#6935 = VERTEX_POINT ( 'NONE', #1097 ) ;
#6936 = VERTEX_POINT ( 'NONE', #9794 ) ;
#6937 = CARTESIAN_POINT ( 'NONE',  ( 0.2237620725598240000, 0.6624330291384651300, 0.9300000000000000500 ) ) ;
#6938 = VERTEX_POINT ( 'NONE', #9867 ) ;
#6939 = MECHANICAL_DESIGN_GEOMETRIC_PRESENTATION_REPRESENTATION (  '', ( #5226 ), #7522 ) ;
#6940 = DIRECTION ( 'NONE',  ( -8.602582885162283700E-014, 1.000000000000000000, 0.0000000000000000000 ) ) ;
#6941 = ORIENTED_EDGE ( 'NONE', *, *, #6493, .F. ) ;
#6942 = FACE_OUTER_BOUND ( 'NONE', #6048, .T. ) ;
#6943 = PRESENTATION_STYLE_ASSIGNMENT (( #7341 ) ) ;
#6944 = EDGE_CURVE ( 'NONE', #2982, #811, #1193, .T. ) ;
#6945 = PRESENTATION_LAYER_ASSIGNMENT (  '', '', ( #5785 ) ) ;
#6946 = LINE ( 'NONE', #3867, #2192 ) ;
#6947 =( NAMED_UNIT ( * ) PLANE_ANGLE_UNIT ( ) SI_UNIT ( $, .RADIAN. ) );
#6948 =( NAMED_UNIT ( * ) SI_UNIT ( $, .STERADIAN. ) SOLID_ANGLE_UNIT ( ) );
#6949 = EDGE_CURVE ( 'NONE', #1165, #1328, #6987, .T. ) ;
#6950 = CARTESIAN_POINT ( 'NONE',  ( 0.7962323420107516600, 0.6485914634729695900, 0.9300000000000000500 ) ) ;
#6951 = ADVANCED_FACE ( 'NONE', ( #2479 ), #10213, .F. ) ;
#6952 = DIRECTION ( 'NONE',  ( -1.343328941721107700E-014, 1.000000000000000000, 0.0000000000000000000 ) ) ;
#6953 = VERTEX_POINT ( 'NONE', #9834 ) ;
#6954 = ORIENTED_EDGE ( 'NONE', *, *, #6355, .T. ) ;
#6955 = B_SPLINE_SURFACE_WITH_KNOTS ( 'NONE', 3, 1, ( 
 ( #6241, #8612 ),
 ( #9578, #780 ),
 ( #327, #7100 ),
 ( #5416, #3827 ) ),
 .UNSPECIFIED., .F., .F., .F.,
 ( 4, 4 ),
 ( 2, 2 ),
 ( 24.00000000000000000, 25.00000000000000000 ),
 ( 0.0000000000000000000, 1.000000000000000000 ),
 .UNSPECIFIED. ) ;
#6956 = CARTESIAN_POINT ( 'NONE',  ( -1.047444401652940000E-014, -1.000000000000000000, -0.02000000000000000000 ) ) ;
#6957 = ORIENTED_EDGE ( 'NONE', *, *, #4842, .T. ) ;
#6958 = FACE_OUTER_BOUND ( 'NONE', #95, .T. ) ;
#6959 = FILL_AREA_STYLE_COLOUR ( '', #2307 ) ;
#6960 = CARTESIAN_POINT ( 'NONE',  ( 0.8079427342556492200, 0.6962252788627831800, 0.9300000000000000500 ) ) ;
#6961 = DIRECTION ( 'NONE',  ( 1.000000000000000000, 0.0000000000000000000, 0.0000000000000000000 ) ) ;
#6962 = CARTESIAN_POINT ( 'NONE',  ( 0.5311516448273563300, 0.6712695169537451500, 0.9400000000000000600 ) ) ;
#6963 = EDGE_CURVE ( 'NONE', #1328, #2293, #4700, .T. ) ;
#6964 =( GEOMETRIC_REPRESENTATION_CONTEXT ( 3 ) GLOBAL_UNCERTAINTY_ASSIGNED_CONTEXT ( ( #3830 ) ) GLOBAL_UNIT_ASSIGNED_CONTEXT ( ( #1505, #5170, #4304 ) ) REPRESENTATION_CONTEXT ( 'NONE', 'WORKASPACE' ) );
#6965 = CARTESIAN_POINT ( 'NONE',  ( 0.5311516448273537700, 0.6774094266293947400, 0.9400000000000000600 ) ) ;
#6966 = CARTESIAN_POINT ( 'NONE',  ( 0.4667073509293496200, 0.6597324286108028300, 0.9300000000000000500 ) ) ;
#6967 = CARTESIAN_POINT ( 'NONE',  ( 0.0000000000000000000, 0.0000000000000000000, 0.9400000000000000600 ) ) ;
#6968 = ORIENTED_EDGE ( 'NONE', *, *, #976, .T. ) ;
#6969 = LINE ( 'NONE', #9786, #2454 ) ;
#6970 = CARTESIAN_POINT ( 'NONE',  ( 0.2733419037463276100, 0.7161445019787834300, 0.9300000000000000500 ) ) ;
#6971 = CARTESIAN_POINT ( 'NONE',  ( 0.5422926099655147600, 0.8712622200305797400, 0.9400000000000000600 ) ) ;
#6972 = CARTESIAN_POINT ( 'NONE',  ( 0.4979020533154743800, 0.7839170533486318200, 0.9400000000000000600 ) ) ;
#6973 = CARTESIAN_POINT ( 'NONE',  ( 0.4999569424408943900, 0.8728962282509370500, 0.9300000000000000500 ) ) ;
#6974 = DIRECTION ( 'NONE',  ( 0.0000000000000000000, 0.0000000000000000000, 1.000000000000000000 ) ) ;
#6975 = DIRECTION ( 'NONE',  ( 1.000000000000000000, -0.0000000000000000000, -0.0000000000000000000 ) ) ;
#6976 = ORIENTED_EDGE ( 'NONE', *, *, #3665, .F. ) ;
#6977 = CARTESIAN_POINT ( 'NONE',  ( 0.4960947411931701000, 0.7727760882107978000, 0.9400000000000000600 ) ) ;
#6978 = CARTESIAN_POINT ( 'NONE',  ( 0.02613141167001858900, 0.7133900960998563700, 0.9400000000000000600 ) ) ;
#6979 = VECTOR ( 'NONE', #1364, 1000.000000000000000 ) ;
#6980 = DIRECTION ( 'NONE',  ( -0.0000000000000000000, -0.0000000000000000000, 1.000000000000000000 ) ) ;
#6981 = ORIENTED_EDGE ( 'NONE', *, *, #7897, .T. ) ;
#6982 = SURFACE_STYLE_USAGE ( .BOTH. , #5825 ) ;
#6983 = ORIENTED_EDGE ( 'NONE', *, *, #6208, .F. ) ;
#6984 = CARTESIAN_POINT ( 'NONE',  ( 0.9053395272618591800, 0.6207638083283396600, 0.9400000000000000600 ) ) ;
#6985 = EDGE_LOOP ( 'NONE', ( #9911, #7508, #7173, #5048 ) ) ;
#6986 = CARTESIAN_POINT ( 'NONE',  ( 0.5777951522050398500, 0.6441350774175737000, 0.9400000000000000600 ) ) ;
#6987 = LINE ( 'NONE', #864, #7806 ) ;
#6988 = CARTESIAN_POINT ( 'NONE',  ( 0.01098200202495516600, 0.6162962151507489500, 0.9400000000000000600 ) ) ;
#6989 = UNCERTAINTY_MEASURE_WITH_UNIT (LENGTH_MEASURE( 1.000000000000000100E-005 ), #8960, 'distance_accuracy_value', 'NONE');
#6990 = SURFACE_STYLE_USAGE ( .BOTH. , #290 ) ;
#6991 = EDGE_LOOP ( 'NONE', ( #9606, #962, #8995, #3251 ) ) ;
#6992 = CARTESIAN_POINT ( 'NONE',  ( 0.3953556586454101700, 0.8712622200305797400, 0.9400000000000000600 ) ) ;
#6993 = CARTESIAN_POINT ( 'NONE',  ( 0.3160356479979080600, 0.6927318221602552000, 0.9300000000000000500 ) ) ;
#6994 = COLOUR_RGB ( '',0.6666666666666666300, 0.6666666666666666300, 0.6666666666666666300 ) ;
#6995 = CARTESIAN_POINT ( 'NONE',  ( 0.5777951522050398500, 0.6395796605610599700, 0.9400000000000000600 ) ) ;
#6996 = CARTESIAN_POINT ( 'NONE',  ( 0.7819719066338751700, 0.7034545273520029800, 0.9300000000000000500 ) ) ;
#6997 = DIRECTION ( 'NONE',  ( 0.0000000000000000000, 0.0000000000000000000, 1.000000000000000000 ) ) ;
#6998 = SURFACE_STYLE_USAGE ( .BOTH. , #1154 ) ;
#6999 = CARTESIAN_POINT ( 'NONE',  ( 0.6249999999999986700, -0.1250000000000064100, 0.0000000000000000000 ) ) ;
#7000 = ADVANCED_FACE ( 'NONE', ( #8942 ), #517, .F. ) ;
#7001 = VERTEX_POINT ( 'NONE', #3218 ) ;
#7002 = B_SPLINE_CURVE_WITH_KNOTS ( 'NONE', 3,
 ( #2457, #6579, #56, #6696 ),
 .UNSPECIFIED., .F., .F.,
 ( 4, 4 ),
 ( 8.000000000000000000, 9.000000000000000000 ),
 .UNSPECIFIED. ) ;
#7003 = VERTEX_POINT ( 'NONE', #5551 ) ;
#7004 = CARTESIAN_POINT ( 'NONE',  ( 0.4503920264270551700, 0.8210040884079528000, 0.9400000000000000600 ) ) ;
#7005 = VECTOR ( 'NONE', #26, 1000.000000000000000 ) ;
#7006 =( LENGTH_UNIT ( ) NAMED_UNIT ( * ) SI_UNIT ( .MILLI., .METRE. ) );
#7007 = CARTESIAN_POINT ( 'NONE',  ( 0.6546430539567265100, 0.7744100964311586600, 0.9400000000000000600 ) ) ;
#7008 = B_SPLINE_SURFACE_WITH_KNOTS ( 'NONE', 3, 1, ( 
 ( #5078, #6797 ),
 ( #5302, #2208 ),
 ( #929, #2757 ),
 ( #7004, #1203 ) ),
 .UNSPECIFIED., .F., .F., .F.,
 ( 4, 4 ),
 ( 2, 2 ),
 ( 3.000000000000000000, 4.000000000000000000 ),
 ( 0.0000000000000000000, 1.000000000000000000 ),
 .UNSPECIFIED. ) ;
#7009 = EDGE_CURVE ( 'NONE', #9213, #7324, #4452, .T. ) ;
#7010 = EDGE_CURVE ( 'NONE', #1165, #4746, #2231, .T. ) ;
#7011 = FILL_AREA_STYLE_COLOUR ( '', #7364 ) ;
#7012 = CARTESIAN_POINT ( 'NONE',  ( 0.2733419037463276100, 0.6879115429175741700, 0.9400000000000000600 ) ) ;
#7013 = EDGE_CURVE ( 'NONE', #2431, #8692, #1539, .T. ) ;
#7014 = EDGE_LOOP ( 'NONE', ( #5395, #3680, #3778, #816 ) ) ;
#7015 = ORIENTED_EDGE ( 'NONE', *, *, #1273, .F. ) ;
#7016 = LINE ( 'NONE', #7258, #9234 ) ;
#7017 = LINE ( 'NONE', #696, #8730 ) ;
#7018 = VECTOR ( 'NONE', #4703, 1000.000000000000000 ) ;
#7019 = CARTESIAN_POINT ( 'NONE',  ( 0.4078582973002071200, 0.7854520307678748400, 0.9300000000000000500 ) ) ;
#7020 = DIRECTION ( 'NONE',  ( -0.0000000000000000000, -0.0000000000000000000, 1.000000000000000000 ) ) ;
#7021 = EDGE_CURVE ( 'NONE', #1412, #6398, #8480, .T. ) ;
#7022 = ORIENTED_EDGE ( 'NONE', *, *, #8351, .T. ) ;
#7023 = CARTESIAN_POINT ( 'NONE',  ( 0.5000807309426171800, 0.8616067169107740600, 0.9400000000000000600 ) ) ;
#7024 = ORIENTED_EDGE ( 'NONE', *, *, #7812, .T. ) ;
#7025 = EDGE_CURVE ( 'NONE', #8965, #3896, #37, .T. ) ;
#7026 = FACE_OUTER_BOUND ( 'NONE', #3257, .T. ) ;
#7027 = CARTESIAN_POINT ( 'NONE',  ( 0.7107192451514131600, 0.6643868762684275200, 0.9400000000000000600 ) ) ;
#7028 = DIRECTION ( 'NONE',  ( 1.000000000000000000, 0.0000000000000000000, 0.0000000000000000000 ) ) ;
#7029 = CARTESIAN_POINT ( 'NONE',  ( 0.8613450938169312500, 0.7052370817740308800, 0.9300000000000000500 ) ) ;
#7030 = VECTOR ( 'NONE', #5292, 1000.000000000000000 ) ;
#7031 = EDGE_CURVE ( 'NONE', #4375, #1779, #8707, .T. ) ;
#7032 = ORIENTED_EDGE ( 'NONE', *, *, #10393, .T. ) ;
#7033 = CARTESIAN_POINT ( 'NONE',  ( 0.6251813905923989700, 0.7854520307678748400, 0.9400000000000000600 ) ) ;
#7034 = ORIENTED_EDGE ( 'NONE', *, *, #9249, .F. ) ;
#7035 = ADVANCED_FACE ( 'NONE', ( #4172 ), #534, .F. ) ;
#7036 = ORIENTED_EDGE ( 'NONE', *, *, #1670, .F. ) ;
#7037 = CARTESIAN_POINT ( 'NONE',  ( 0.2733419037463276100, 0.6879115429175741700, 0.9300000000000000500 ) ) ;
#7038 = CARTESIAN_POINT ( 'NONE',  ( 0.5311516448273563300, 0.6670111925005779400, 0.9300000000000000500 ) ) ;
#7039 = COLOUR_RGB ( '',0.6666666666666666300, 0.6666666666666666300, 0.6666666666666666300 ) ;
#7040 = LINE ( 'NONE', #4692, #3045 ) ;
#7041 =( NAMED_UNIT ( * ) PLANE_ANGLE_UNIT ( ) SI_UNIT ( $, .RADIAN. ) );
#7042 = CARTESIAN_POINT ( 'NONE',  ( 0.4503920264270551700, 0.8210040884079528000, 0.9300000000000000500 ) ) ;
#7043 = CARTESIAN_POINT ( 'NONE',  ( 0.8608746975109852200, 0.7023156731378780200, 0.9400000000000000600 ) ) ;
#7044 = ORIENTED_EDGE ( 'NONE', *, *, #9050, .F. ) ;
#7045 = ORIENTED_EDGE ( 'NONE', *, *, #8578, .T. ) ;
#7046 = EDGE_LOOP ( 'NONE', ( #2098, #7503, #564, #7674 ) ) ;
#7047 =( NAMED_UNIT ( * ) SI_UNIT ( $, .STERADIAN. ) SOLID_ANGLE_UNIT ( ) );
#7048 = ORIENTED_EDGE ( 'NONE', *, *, #8792, .T. ) ;
#7049 = STYLED_ITEM ( 'NONE', ( #5684 ), #10464 ) ;
#7050 = FACE_OUTER_BOUND ( 'NONE', #3026, .T. ) ;
#7051 = CARTESIAN_POINT ( 'NONE',  ( 0.02613139853584862300, 0.5749797460765683200, 0.9400000000000000600 ) ) ;
#7052 = VERTEX_POINT ( 'NONE', #2124 ) ;
#7053 = PLANE ( 'NONE',  #5590 ) ;
#7054 = ADVANCED_FACE ( 'NONE', ( #6174 ), #7832, .F. ) ;
#7055 = EDGE_LOOP ( 'NONE', ( #9427, #2998, #5220, #1230 ) ) ;
#7056 = LINE ( 'NONE', #792, #377 ) ;
#7057 = LINE ( 'NONE', #2121, #2556 ) ;
#7058 = VECTOR ( 'NONE', #4525, 999.9999999999998900 ) ;
#7059 = CARTESIAN_POINT ( 'NONE',  ( 0.5062949137194319200, 0.6915213158045996300, 0.9400000000000000600 ) ) ;
#7060 =( LENGTH_UNIT ( ) NAMED_UNIT ( * ) SI_UNIT ( .MILLI., .METRE. ) );
#7061 =( GEOMETRIC_REPRESENTATION_CONTEXT ( 3 ) GLOBAL_UNCERTAINTY_ASSIGNED_CONTEXT ( ( #9742 ) ) GLOBAL_UNIT_ASSIGNED_CONTEXT ( ( #6154, #9449, #10364 ) ) REPRESENTATION_CONTEXT ( 'NONE', 'WORKASPACE' ) );
#7062 = CARTESIAN_POINT ( 'NONE',  ( -0.6249999999999995600, 0.1250000000000020500, 0.0000000000000000000 ) ) ;
#7063 = EDGE_LOOP ( 'NONE', ( #893, #2187, #7989, #5777 ) ) ;
#7064 = CARTESIAN_POINT ( 'NONE',  ( 0.3750000000000001100, -0.6250000000000000000, -0.02000000000000000000 ) ) ;
#7065 = PLANE ( 'NONE',  #3987 ) ;
#7066 = FILL_AREA_STYLE ('',( #5711 ) ) ;
#7067 = VERTEX_POINT ( 'NONE', #5321 ) ;
#7068 = DIRECTION ( 'NONE',  ( -0.9910683662997356000, -0.1333547648941455200, 0.0000000000000000000 ) ) ;
#7069 = VECTOR ( 'NONE', #9989, 1000.000000000000000 ) ;
#7070 = LINE ( 'NONE', #2624, #640 ) ;
#7071 = VECTOR ( 'NONE', #3232, 1000.000000000000000 ) ;
#7072 = CARTESIAN_POINT ( 'NONE',  ( -0.8749999999999995600, 0.1250000000000029400, 0.0000000000000000000 ) ) ;
#7073 = DIRECTION ( 'NONE',  ( 0.0000000000000000000, -0.0000000000000000000, 1.000000000000000000 ) ) ;
#7074 = VECTOR ( 'NONE', #5059, 1000.000000000000000 ) ;
#7075 = ADVANCED_FACE ( 'NONE', ( #3891 ), #4118, .F. ) ;
#7076 = B_SPLINE_CURVE_WITH_KNOTS ( 'NONE', 3,
 ( #3131, #2117, #3935, #10076 ),
 .UNSPECIFIED., .F., .F.,
 ( 4, 4 ),
 ( 3.000000000000000000, 4.000000000000000000 ),
 .UNSPECIFIED. ) ;
#7077 = ORIENTED_EDGE ( 'NONE', *, *, #9263, .T. ) ;
#7078 = MECHANICAL_DESIGN_GEOMETRIC_PRESENTATION_REPRESENTATION (  '', ( #5370 ), #7661 ) ;
#7079 = B_SPLINE_SURFACE_WITH_KNOTS ( 'NONE', 3, 1, ( 
 ( #9760, #9437 ),
 ( #9426, #9395 ),
 ( #9356, #9350 ),
 ( #9321, #9313 ) ),
 .UNSPECIFIED., .F., .F., .F.,
 ( 4, 4 ),
 ( 2, 2 ),
 ( 4.000000000000000000, 5.000000000000000000 ),
 ( 0.0000000000000000000, 1.000000000000000000 ),
 .UNSPECIFIED. ) ;
#7080 = ORIENTED_EDGE ( 'NONE', *, *, #6488, .T. ) ;
#7081 =( NAMED_UNIT ( * ) PLANE_ANGLE_UNIT ( ) SI_UNIT ( $, .RADIAN. ) );
#7082 = LINE ( 'NONE', #1403, #395 ) ;
#7083 = EDGE_CURVE ( 'NONE', #9815, #9306, #1251, .T. ) ;
#7084 = AXIS2_PLACEMENT_3D ( 'NONE', #8710, #3622, #9535 ) ;
#7085 = CARTESIAN_POINT ( 'NONE',  ( 0.4804973899999419600, 0.8580416080667182500, 0.9400000000000000600 ) ) ;
#7086 = EDGE_LOOP ( 'NONE', ( #8940, #7804, #3017, #3411, #6586, #8263, #8361 ) ) ;
#7087 = EDGE_CURVE ( 'NONE', #10441, #9510, #10636, .T. ) ;
#7088 = MECHANICAL_DESIGN_GEOMETRIC_PRESENTATION_REPRESENTATION (  '', ( #4214 ), #7669 ) ;
#7089 = ADVANCED_FACE ( 'NONE', ( #8184 ), #9376, .F. ) ;
#7090 = VERTEX_POINT ( 'NONE', #9173 ) ;
#7091 = CARTESIAN_POINT ( 'NONE',  ( 0.1177163495195692300, 0.8559320615082910400, 0.9300000000000000500 ) ) ;
#7092 = EDGE_CURVE ( 'NONE', #4716, #1956, #8445, .T. ) ;
#7093 = DIRECTION ( 'NONE',  ( -0.0000000000000000000, -0.0000000000000000000, 1.000000000000000000 ) ) ;
#7094 = DIRECTION ( 'NONE',  ( 0.0000000000000000000, 0.0000000000000000000, -1.000000000000000000 ) ) ;
#7095 = EDGE_CURVE ( 'NONE', #8733, #4864, #5892, .T. ) ;
#7096 = CARTESIAN_POINT ( 'NONE',  ( 0.2740305282010213100, 0.6335114850253961100, 0.9400000000000000600 ) ) ;
#7097 = ORIENTED_EDGE ( 'NONE', *, *, #4350, .F. ) ;
#7098 = ORIENTED_EDGE ( 'NONE', *, *, #8787, .T. ) ;
#7099 = PLANE ( 'NONE',  #4434 ) ;
#7100 = CARTESIAN_POINT ( 'NONE',  ( 0.2519950447545432600, 0.6644988499655392100, 0.9300000000000000500 ) ) ;
#7101 = VECTOR ( 'NONE', #4544, 1000.000000000000000 ) ;
#7102 = LINE ( 'NONE', #507, #5373 ) ;
#7103 = DIRECTION ( 'NONE',  ( -0.3559357243643238600, 0.9345104387438613000, -0.0000000000000000000 ) ) ;
#7104 = CARTESIAN_POINT ( 'NONE',  ( 0.4820076097185750900, 0.6618615908373892700, 0.9300000000000000500 ) ) ;
#7105 = DIRECTION ( 'NONE',  ( 1.000000000000000000, -0.0000000000000000000, -0.0000000000000000000 ) ) ;
#7106 = CARTESIAN_POINT ( 'NONE',  ( 0.4590572215344044200, 0.6522060877175773800, 0.9300000000000000500 ) ) ;
#7107 = CARTESIAN_POINT ( 'NONE',  ( 0.4841367719451629700, 0.6290823956311254500, 0.9300000000000000500 ) ) ;
#7108 = ORIENTED_EDGE ( 'NONE', *, *, #6719, .T. ) ;
#7109 = ORIENTED_EDGE ( 'NONE', *, *, #5379, .T. ) ;
#7110 = ORIENTED_EDGE ( 'NONE', *, *, #693, .F. ) ;
#7111 = SURFACE_SIDE_STYLE ('',( #8729 ) ) ;
#7112 = LINE ( 'NONE', #5387, #5099 ) ;
#7113 = ADVANCED_FACE ( 'NONE', ( #10131 ), #568, .F. ) ;
#7114 =( GEOMETRIC_REPRESENTATION_CONTEXT ( 3 ) GLOBAL_UNCERTAINTY_ASSIGNED_CONTEXT ( ( #5207 ) ) GLOBAL_UNIT_ASSIGNED_CONTEXT ( ( #2467, #8400, #3286 ) ) REPRESENTATION_CONTEXT ( 'NONE', 'WORKASPACE' ) );
#7115 = DIRECTION ( 'NONE',  ( -0.0000000000000000000, -0.0000000000000000000, -1.000000000000000000 ) ) ;
#7116 = CARTESIAN_POINT ( 'NONE',  ( 0.3953556586454127200, 0.6207638083283396600, 0.9300000000000000500 ) ) ;
#7117 = CARTESIAN_POINT ( 'NONE',  ( 0.0000000000000000000, 0.0000000000000000000, -0.02000000000000000000 ) ) ;
#7118 = CARTESIAN_POINT ( 'NONE',  ( 0.6769249842330500300, 0.8584377312718356500, 0.9400000000000000600 ) ) ;
#7119 = ORIENTED_EDGE ( 'NONE', *, *, #354, .F. ) ;
#7120 = VERTEX_POINT ( 'NONE', #10099 ) ;
#7121 = LINE ( 'NONE', #3824, #7397 ) ;
#7122 =( NAMED_UNIT ( * ) SI_UNIT ( $, .STERADIAN. ) SOLID_ANGLE_UNIT ( ) );
#7123 = CARTESIAN_POINT ( 'NONE',  ( -0.8750000000000013300, -0.3749999999999970600, 0.0000000000000000000 ) ) ;
#7124 = MECHANICAL_DESIGN_GEOMETRIC_PRESENTATION_REPRESENTATION (  '', ( #10340 ), #7711 ) ;
#7125 = CARTESIAN_POINT ( 'NONE',  ( 0.2106785231440085300, 0.8614409290860360900, 0.9400000000000000600 ) ) ;
#7126 = ORIENTED_EDGE ( 'NONE', *, *, #9618, .F. ) ;
#7127 = CARTESIAN_POINT ( 'NONE',  ( 0.6398131914727888100, 0.8601212548927491500, 0.9300000000000000500 ) ) ;
#7128 = B_SPLINE_CURVE_WITH_KNOTS ( 'NONE', 3,
 ( #7732, #1008, #10240, #5184 ),
 .UNSPECIFIED., .F., .F.,
 ( 4, 4 ),
 ( 12.00000000000000000, 13.00000000000000000 ),
 .UNSPECIFIED. ) ;
#7129 = ORIENTED_EDGE ( 'NONE', *, *, #10326, .F. ) ;
#7130 = DIRECTION ( 'NONE',  ( 0.0000000000000000000, 1.000000000000000000, -0.0000000000000000000 ) ) ;
#7131 = CARTESIAN_POINT ( 'NONE',  ( 0.4669054125315760800, 0.8436326264881792700, 0.9300000000000000500 ) ) ;
#7132 = B_SPLINE_SURFACE_WITH_KNOTS ( 'NONE', 3, 1, ( 
 ( #4124, #2452 ),
 ( #10046, #4979 ),
 ( #11, #5836 ),
 ( #855, #6688 ) ),
 .UNSPECIFIED., .F., .F., .F.,
 ( 4, 4 ),
 ( 2, 2 ),
 ( 1.000000000000000000, 2.000000000000000000 ),
 ( 0.0000000000000000000, 1.000000000000000000 ),
 .UNSPECIFIED. ) ;
#7133 =( LENGTH_UNIT ( ) NAMED_UNIT ( * ) SI_UNIT ( .MILLI., .METRE. ) );
#7134 = DIRECTION ( 'NONE',  ( -0.0000000000000000000, 1.000000000000000000, -0.0000000000000000000 ) ) ;
#7135 = CARTESIAN_POINT ( 'NONE',  ( 0.7605317381683398500, 0.6318057426650612900, 0.9300000000000000500 ) ) ;
#7136 = CARTESIAN_POINT ( 'NONE',  ( 0.1249999999999998900, 0.6250000000000000000, -0.02000000000000000000 ) ) ;
#7137 = VERTEX_POINT ( 'NONE', #10324 ) ;
#7138 = LINE ( 'NONE', #390, #7690 ) ;
#7139 = CARTESIAN_POINT ( 'NONE',  ( 0.4973078685081360800, 0.6347271513012086000, 0.9300000000000000500 ) ) ;
#7140 = ORIENTED_EDGE ( 'NONE', *, *, #2684, .F. ) ;
#7141 = VECTOR ( 'NONE', #3226, 1000.000000000000000 ) ;
#7142 = B_SPLINE_CURVE_WITH_KNOTS ( 'NONE', 3,
 ( #6970, #7037, #7269, #6937 ),
 .UNSPECIFIED., .F., .F.,
 ( 4, 4 ),
 ( 24.00000000000000000, 25.00000000000000000 ),
 .UNSPECIFIED. ) ;
#7143 = DIRECTION ( 'NONE',  ( -1.000000000000000000, 0.0000000000000000000, -0.0000000000000000000 ) ) ;
#7144 = FILL_AREA_STYLE_COLOUR ( '', #6483 ) ;
#7145 = ORIENTED_EDGE ( 'NONE', *, *, #8105, .T. ) ;
#7146 = VECTOR ( 'NONE', #2594, 1000.000000000000000 ) ;
#7147 = EDGE_CURVE ( 'NONE', #5491, #8604, #124, .T. ) ;
#7148 = EDGE_CURVE ( 'NONE', #8181, #3792, #3378, .T. ) ;
#7149 = ORIENTED_EDGE ( 'NONE', *, *, #1419, .F. ) ;
#7150 = B_SPLINE_SURFACE_WITH_KNOTS ( 'NONE', 3, 1, ( 
 ( #3314, #2492 ),
 ( #9239, #4167 ),
 ( #10090, #5017 ),
 ( #48, #5875 ) ),
 .UNSPECIFIED., .F., .F., .F.,
 ( 4, 4 ),
 ( 2, 2 ),
 ( 0.0000000000000000000, 1.000000000000000000 ),
 ( 0.0000000000000000000, 1.000000000000000000 ),
 .UNSPECIFIED. ) ;
#7151 = LINE ( 'NONE', #8726, #721 ) ;
#7152 = CARTESIAN_POINT ( 'NONE',  ( -0.1232966932103497500, 0.7299166758492917600, 0.9300000000000000500 ) ) ;
#7153 = CARTESIAN_POINT ( 'NONE',  ( 0.8616421862209343600, 0.7052370817740308800, 0.9400000000000000600 ) ) ;
#7154 = VECTOR ( 'NONE', #3619, 1000.000000000000000 ) ;
#7155 = EDGE_CURVE ( 'NONE', #2659, #5923, #10392, .T. ) ;
#7156 = ORIENTED_EDGE ( 'NONE', *, *, #8792, .F. ) ;
#7157 = EDGE_LOOP ( 'NONE', ( #1189, #7615, #433, #7749 ) ) ;
#7158 = VERTEX_POINT ( 'NONE', #3850 ) ;
#7159 = EDGE_CURVE ( 'NONE', #7001, #6386, #7659, .T. ) ;
#7160 = CARTESIAN_POINT ( 'NONE',  ( 0.7996736623527519500, 0.6821629050887998400, 0.9400000000000000600 ) ) ;
#7161 = CARTESIAN_POINT ( 'NONE',  ( 0.5580880227609703600, 0.6915213158045996300, 0.9400000000000000600 ) ) ;
#7162 = FACE_OUTER_BOUND ( 'NONE', #5584, .T. ) ;
#7163 = ADVANCED_FACE ( 'NONE', ( #5644 ), #3111, .F. ) ;
#7164 = FILL_AREA_STYLE ('',( #6657 ) ) ;
#7165 = EDGE_CURVE ( 'NONE', #8491, #9506, #957, .T. ) ;
#7166 = MECHANICAL_DESIGN_GEOMETRIC_PRESENTATION_REPRESENTATION (  '', ( #5453 ), #7762 ) ;
#7167 = STYLED_ITEM ( 'NONE', ( #5451 ), #9018 ) ;
#7168 = B_SPLINE_SURFACE_WITH_KNOTS ( 'NONE', 3, 1, ( 
 ( #2217, #2143 ),
 ( #2642, #1903 ),
 ( #1892, #1865 ),
 ( #1853, #1822 ) ),
 .UNSPECIFIED., .F., .F., .F.,
 ( 4, 4 ),
 ( 2, 2 ),
 ( 1.000000000000000000, 2.000000000000000000 ),
 ( 0.0000000000000000000, 1.000000000000000000 ),
 .UNSPECIFIED. ) ;
#7169 = CARTESIAN_POINT ( 'NONE',  ( 0.5229073306253952900, 0.8558629304402384200, 0.9400000000000000600 ) ) ;
#7170 = EDGE_LOOP ( 'NONE', ( #6017, #5424, #4436, #3758 ) ) ;
#7171 = EDGE_LOOP ( 'NONE', ( #2593, #7646, #401, #3974 ) ) ;
#7172 = EDGE_CURVE ( 'NONE', #5217, #4041, #9858, .T. ) ;
#7173 = ORIENTED_EDGE ( 'NONE', *, *, #427, .F. ) ;
#7174 = CARTESIAN_POINT ( 'NONE',  ( 0.1927746813516781300, 0.6624330291384651300, 0.9400000000000000600 ) ) ;
#7175 = ORIENTED_EDGE ( 'NONE', *, *, #6055, .T. ) ;
#7176 = DIRECTION ( 'NONE',  ( -0.0000000000000000000, -0.0000000000000000000, -1.000000000000000000 ) ) ;
#7177 = DIRECTION ( 'NONE',  ( -0.0000000000000000000, -1.000000000000000000, -0.0000000000000000000 ) ) ;
#7178 = FILL_AREA_STYLE ('',( #7213 ) ) ;
#7179 = FACE_OUTER_BOUND ( 'NONE', #8335, .T. ) ;
#7181 =( NAMED_UNIT ( * ) PLANE_ANGLE_UNIT ( ) SI_UNIT ( $, .RADIAN. ) );
#7180 = COLOUR_RGB ( '',0.6666666666666666300, 0.6666666666666666300, 0.6666666666666666300 ) ;
#7182 = DIRECTION ( 'NONE',  ( -0.0000000000000000000, -0.0000000000000000000, -1.000000000000000000 ) ) ;
#7183 = CARTESIAN_POINT ( 'NONE',  ( 0.03439470811148989000, 0.8703928434151132500, 0.9300000000000000500 ) ) ;
#7184 = ORIENTED_EDGE ( 'NONE', *, *, #58, .T. ) ;
#7185 = CARTESIAN_POINT ( 'NONE',  ( 0.5463033574149133200, 0.6659218536876677600, 0.9400000000000000600 ) ) ;
#7186 = ORIENTED_EDGE ( 'NONE', *, *, #5649, .T. ) ;
#7187 = LINE ( 'NONE', #10557, #4898 ) ;
#7188 = CARTESIAN_POINT ( 'NONE',  ( 0.5146382587228371900, 0.6828066052966959000, 0.9300000000000000500 ) ) ;
#7189 = CARTESIAN_POINT ( 'NONE',  ( 0.5497941931581259400, 0.6808259892717772900, 0.9400000000000000600 ) ) ;
#7190 = UNCERTAINTY_MEASURE_WITH_UNIT (LENGTH_MEASURE( 1.000000000000000100E-005 ), #9696, 'distance_accuracy_value', 'NONE');
#7191 = DIRECTION ( 'NONE',  ( 8.394732939219097700E-014, -1.000000000000000000, 0.0000000000000000000 ) ) ;
#7192 = B_SPLINE_SURFACE_WITH_KNOTS ( 'NONE', 3, 1, ( 
 ( #2070, #7107 ),
 ( #10469, #5421 ),
 ( #437, #6263 ),
 ( #1289, #7139 ) ),
 .UNSPECIFIED., .F., .F., .F.,
 ( 4, 4 ),
 ( 2, 2 ),
 ( 4.000000000000000000, 5.000000000000000000 ),
 ( 0.0000000000000000000, 1.000000000000000000 ),
 .UNSPECIFIED. ) ;
#7193 = ORIENTED_EDGE ( 'NONE', *, *, #159, .T. ) ;
#7194 = ORIENTED_EDGE ( 'NONE', *, *, #4904, .T. ) ;
#7195 = VECTOR ( 'NONE', #5709, 1000.000000000000000 ) ;
#7196 = LINE ( 'NONE', #4149, #7478 ) ;
#7197 = ORIENTED_EDGE ( 'NONE', *, *, #330, .T. ) ;
#7198 = CARTESIAN_POINT ( 'NONE',  ( 0.7339667257398868600, 0.7176159319277641800, 0.9400000000000000600 ) ) ;
#7199 = UNCERTAINTY_MEASURE_WITH_UNIT (LENGTH_MEASURE( 1.000000000000000100E-005 ), #6067, 'distance_accuracy_value', 'NONE');
#7200 = CARTESIAN_POINT ( 'NONE',  ( 0.5744776203641002200, 0.6766666956203898400, 0.9400000000000000600 ) ) ;
#7201 = VERTEX_POINT ( 'NONE', #10602 ) ;
#7202 = EDGE_LOOP ( 'NONE', ( #4718, #3654, #10366, #9132 ) ) ;
#7203 = B_SPLINE_SURFACE_WITH_KNOTS ( 'NONE', 3, 1, ( 
 ( #4306, #6018 ),
 ( #5010, #4461 ),
 ( #5213, #4386 ),
 ( #4278, #4239 ) ),
 .UNSPECIFIED., .F., .F., .F.,
 ( 4, 4 ),
 ( 2, 2 ),
 ( 18.00000000000000000, 19.00000000000000000 ),
 ( 0.0000000000000000000, 1.000000000000000000 ),
 .UNSPECIFIED. ) ;
#7204 = CARTESIAN_POINT ( 'NONE',  ( 0.6635805837677987200, 0.7176159319277641800, 0.9400000000000000600 ) ) ;
#7205 = VERTEX_POINT ( 'NONE', #10592 ) ;
#7206 = VECTOR ( 'NONE', #10457, 1000.000000000000000 ) ;
#7207 = VECTOR ( 'NONE', #1397, 1000.000000000000000 ) ;
#7208 = CARTESIAN_POINT ( 'NONE',  ( 0.5345929651700160900, 0.6603266134181407000, 0.9300000000000000500 ) ) ;
#7209 = CARTESIAN_POINT ( 'NONE',  ( 0.6783856885514542000, 0.8358091931916126200, 0.9300000000000000500 ) ) ;
#7210 = VECTOR ( 'NONE', #7381, 1000.000000000000000 ) ;
#7211 = CARTESIAN_POINT ( 'NONE',  ( 0.7893249436251499300, 0.6419068843898757500, 0.9300000000000000500 ) ) ;
#7212 = CARTESIAN_POINT ( 'NONE',  ( 0.4938665481654721500, 0.6309639808542710800, 0.9400000000000000600 ) ) ;
#7213 = FILL_AREA_STYLE_COLOUR ( '', #2349 ) ;
#7214 = DIRECTION ( 'NONE',  ( -1.000000000000000000, -0.0000000000000000000, -0.0000000000000000000 ) ) ;
#7215 = EDGE_LOOP ( 'NONE', ( #7645, #9100, #1456, #9032 ) ) ;
#7216 = CARTESIAN_POINT ( 'NONE',  ( 0.004095928223868394700, 0.8400940602442806800, 0.9300000000000000500 ) ) ;
#7217 = VERTEX_POINT ( 'NONE', #10548 ) ;
#7218 = VECTOR ( 'NONE', #4078, 1000.000000000000000 ) ;
#7219 = EDGE_CURVE ( 'NONE', #9970, #1803, #6926, .T. ) ;
#7220 = EDGE_CURVE ( 'NONE', #2788, #4227, #9599, .T. ) ;
#7221 = PLANE ( 'NONE',  #10446 ) ;
#7222 = B_SPLINE_CURVE_WITH_KNOTS ( 'NONE', 3,
 ( #3183, #6584, #2394, #8320 ),
 .UNSPECIFIED., .F., .F.,
 ( 4, 4 ),
 ( 9.000000000000000000, 10.00000000000000000 ),
 .UNSPECIFIED. ) ;
#7223 = ADVANCED_FACE ( 'NONE', ( #9342 ), #10577, .F. ) ;
#7224 = B_SPLINE_CURVE_WITH_KNOTS ( 'NONE', 3,
 ( #585, #4333, #3708, #2694 ),
 .UNSPECIFIED., .F., .F.,
 ( 4, 4 ),
 ( 3.000000000000000000, 4.000000000000000000 ),
 .UNSPECIFIED. ) ;
#7225 = EDGE_CURVE ( 'NONE', #2857, #7137, #7112, .T. ) ;
#7226 = SURFACE_SIDE_STYLE ('',( #7929 ) ) ;
#7227 = SURFACE_SIDE_STYLE ('',( #3990 ) ) ;
#7228 = CARTESIAN_POINT ( 'NONE',  ( 0.8626820096339490300, 0.6997903877068363300, 0.9400000000000000600 ) ) ;
#7229 = PRESENTATION_LAYER_ASSIGNMENT (  '', '', ( #6062 ) ) ;
#7230 = EDGE_CURVE ( 'NONE', #10228, #2347, #678, .T. ) ;
#7231 = EDGE_LOOP ( 'NONE', ( #161, #2629, #734, #9861 ) ) ;
#7232 = FACE_OUTER_BOUND ( 'NONE', #8873, .T. ) ;
#7233 = DIRECTION ( 'NONE',  ( -0.0000000000000000000, -0.0000000000000000000, -1.000000000000000000 ) ) ;
#7234 = CARTESIAN_POINT ( 'NONE',  ( 0.4078582973002103900, 0.6643868762684275200, 0.9400000000000000600 ) ) ;
#7235 = EDGE_CURVE ( 'NONE', #1112, #5678, #3114, .T. ) ;
#7236 = PRESENTATION_LAYER_ASSIGNMENT (  '', '', ( #6072 ) ) ;
#7237 = ORIENTED_EDGE ( 'NONE', *, *, #7900, .F. ) ;
#7238 =( NAMED_UNIT ( * ) SI_UNIT ( $, .STERADIAN. ) SOLID_ANGLE_UNIT ( ) );
#7239 = CARTESIAN_POINT ( 'NONE',  ( 0.7840515534599025200, 0.7744100964311586600, 0.9400000000000000600 ) ) ;
#7240 = EDGE_CURVE ( 'NONE', #8053, #8892, #4823, .T. ) ;
#7241 = VECTOR ( 'NONE', #6375, 1000.000000000000000 ) ;
#7242 = CARTESIAN_POINT ( 'NONE',  ( 0.7726382536183515900, 0.7064749667899301600, 0.9400000000000000600 ) ) ;
#7243 = DIRECTION ( 'NONE',  ( -0.0000000000000000000, 1.000000000000000000, -0.0000000000000000000 ) ) ;
#7244 = EDGE_CURVE ( 'NONE', #2798, #5363, #6835, .T. ) ;
#7245 = B_SPLINE_SURFACE_WITH_KNOTS ( 'NONE', 3, 1, ( 
 ( #8795, #8006 ),
 ( #6906, #952 ),
 ( #6157, #5355 ),
 ( #4327, #8569 ) ),
 .UNSPECIFIED., .F., .F., .F.,
 ( 4, 4 ),
 ( 2, 2 ),
 ( 0.0000000000000000000, 1.000000000000000000 ),
 ( 0.0000000000000000000, 1.000000000000000000 ),
 .UNSPECIFIED. ) ;
#7246 = CARTESIAN_POINT ( 'NONE',  ( 0.4464307943782164800, 0.7744100964311524400, 0.9400000000000000600 ) ) ;
#7247 = ORIENTED_EDGE ( 'NONE', *, *, #2830, .T. ) ;
#7248 = CARTESIAN_POINT ( 'NONE',  ( 0.1177163495195692300, 0.8559320615082910400, 0.9400000000000000600 ) ) ;
#7249 = ORIENTED_EDGE ( 'NONE', *, *, #10508, .T. ) ;
#7250 = CARTESIAN_POINT ( 'NONE',  ( 0.4978277802146428600, 0.6816677510825681600, 0.9300000000000000500 ) ) ;
#7251 = CARTESIAN_POINT ( 'NONE',  ( 0.7107192451514131600, 0.6754783260056996800, 0.9400000000000000600 ) ) ;
#7252 = VERTEX_POINT ( 'NONE', #16 ) ;
#7253 = DIRECTION ( 'NONE',  ( 1.000000000000000000, -4.336808689942018200E-016, 0.0000000000000000000 ) ) ;
#7254 = VECTOR ( 'NONE', #114, 1000.000000000000000 ) ;
#7255 = CARTESIAN_POINT ( 'NONE',  ( -0.8749999999999995600, 0.1250000000000029400, -0.02000000000000000000 ) ) ;
#7256 = CARTESIAN_POINT ( 'NONE',  ( -0.6250000000000013300, -0.3749999999999979500, -0.02000000000000000000 ) ) ;
#7257 =( NAMED_UNIT ( * ) PLANE_ANGLE_UNIT ( ) SI_UNIT ( $, .RADIAN. ) );
#7258 = CARTESIAN_POINT ( 'NONE',  ( 1.000000000000000200, 1.000000000000000000, 0.9300000000000000500 ) ) ;
#7259 = VERTEX_POINT ( 'NONE', #4169 ) ;
#7260 = DIRECTION ( 'NONE',  ( 1.000000000000000000, -0.0000000000000000000, -0.0000000000000000000 ) ) ;
#7261 = ORIENTED_EDGE ( 'NONE', *, *, #10565, .T. ) ;
#7262 = CARTESIAN_POINT ( 'NONE',  ( -0.09437512939602889200, 0.6548583440168537200, 0.9400000000000000600 ) ) ;
#7263 = CARTESIAN_POINT ( 'NONE',  ( 0.8613450938169312500, 0.7052370817740308800, 0.9400000000000000600 ) ) ;
#7264 = B_SPLINE_SURFACE_WITH_KNOTS ( 'NONE', 3, 1, ( 
 ( #7969, #8501 ),
 ( #9374, #7933 ),
 ( #7906, #7870 ),
 ( #5488, #7791 ) ),
 .UNSPECIFIED., .F., .F., .F.,
 ( 4, 4 ),
 ( 2, 2 ),
 ( 10.00000000000000000, 11.00000000000000000 ),
 ( 0.0000000000000000000, 1.000000000000000000 ),
 .UNSPECIFIED. ) ;
#7265 = EDGE_LOOP ( 'NONE', ( #8867, #1040, #5588, #3781 ) ) ;
#7266 = CARTESIAN_POINT ( 'NONE',  ( 0.6760832224229499400, 0.6643868762684275200, 0.9300000000000000500 ) ) ;
#7267 = VERTEX_POINT ( 'NONE', #5839 ) ;
#7268 = B_SPLINE_SURFACE_WITH_KNOTS ( 'NONE', 3, 1, ( 
 ( #5814, #10067 ),
 ( #4994, #27 ),
 ( #5855, #868 ),
 ( #6707, #1703 ) ),
 .UNSPECIFIED., .F., .F., .F.,
 ( 4, 4 ),
 ( 2, 2 ),
 ( 1.000000000000000000, 2.000000000000000000 ),
 ( 0.0000000000000000000, 1.000000000000000000 ),
 .UNSPECIFIED. ) ;
#7269 = CARTESIAN_POINT ( 'NONE',  ( 0.2519950447545432600, 0.6644988499655392100, 0.9300000000000000500 ) ) ;
#7270 = ORIENTED_EDGE ( 'NONE', *, *, #283, .T. ) ;
#7271 = LINE ( 'NONE', #8588, #9227 ) ;
#7272 = DIRECTION ( 'NONE',  ( -1.000000000000000000, 0.0000000000000000000, 0.0000000000000000000 ) ) ;
#7273 = DIRECTION ( 'NONE',  ( -0.0000000000000000000, -0.0000000000000000000, -1.000000000000000000 ) ) ;
#7274 = ADVANCED_FACE ( 'NONE', ( #8820 ), #3155, .F. ) ;
#7275 = CARTESIAN_POINT ( 'NONE',  ( 0.4474458600906227000, 0.6207638083283396600, 0.9400000000000000600 ) ) ;
#7276 = UNCERTAINTY_MEASURE_WITH_UNIT (LENGTH_MEASURE( 1.000000000000000100E-005 ), #8580, 'distance_accuracy_value', 'NONE');
#7277 = EDGE_CURVE ( 'NONE', #3135, #9022, #10828, .T. ) ;
#7278 = VERTEX_POINT ( 'NONE', #7581 ) ;
#7279 = ORIENTED_EDGE ( 'NONE', *, *, #1477, .T. ) ;
#7280 = VECTOR ( 'NONE', #578, 1000.000000000000000 ) ;
#7281 = EDGE_CURVE ( 'NONE', #6421, #1878, #5767, .T. ) ;
#7282 = CARTESIAN_POINT ( 'NONE',  ( -0.003478770031579850700, 0.7133900960998563700, 0.9400000000000000600 ) ) ;
#7283 = DIRECTION ( 'NONE',  ( 0.0000000000000000000, -0.0000000000000000000, -1.000000000000000000 ) ) ;
#7284 = CARTESIAN_POINT ( 'NONE',  ( 0.7400571200149771400, 0.8588833698775091300, 0.9400000000000000600 ) ) ;
#7285 = EDGE_LOOP ( 'NONE', ( #10806, #7517, #5401, #2561 ) ) ;
#7286 = CARTESIAN_POINT ( 'NONE',  ( 0.2175646100789337100, 0.7698559748191087200, 0.9300000000000000500 ) ) ;
#7287 = CARTESIAN_POINT ( 'NONE',  ( 0.4610378375589885800, 0.6281911184197853700, 0.9400000000000000600 ) ) ;
#7288 = PRESENTATION_LAYER_ASSIGNMENT (  '', '', ( #6139 ) ) ;
#7289 = ORIENTED_EDGE ( 'NONE', *, *, #4841, .F. ) ;
#7290 = CARTESIAN_POINT ( 'NONE',  ( 0.8413161142685853200, 0.6472545476559552500, 0.9400000000000000600 ) ) ;
#7291 = VERTEX_POINT ( 'NONE', #634 ) ;
#7292 = B_SPLINE_CURVE_WITH_KNOTS ( 'NONE', 3,
 ( #750, #6583, #1592, #10704 ),
 .UNSPECIFIED., .F., .F.,
 ( 4, 4 ),
 ( 3.000000000000000000, 4.000000000000000000 ),
 .UNSPECIFIED. ) ;
#7293 = DIRECTION ( 'NONE',  ( -3.491481338843133400E-015, -1.000000000000000000, 0.0000000000000000000 ) ) ;
#7294 = B_SPLINE_CURVE_WITH_KNOTS ( 'NONE', 3,
 ( #8288, #10372, #4853, #4332 ),
 .UNSPECIFIED., .F., .F.,
 ( 4, 4 ),
 ( 19.00000000000000000, 20.00000000000000000 ),
 .UNSPECIFIED. ) ;
#7295 = LINE ( 'NONE', #8681, #595 ) ;
#7296 = AXIS2_PLACEMENT_3D ( 'NONE', #6068, #7862, #9512 ) ;
#7297 = CARTESIAN_POINT ( 'NONE',  ( 0.6760832224229499400, 0.6643868762684275200, 0.9400000000000000600 ) ) ;
#7298 = VERTEX_POINT ( 'NONE', #10720 ) ;
#7299 = DIRECTION ( 'NONE',  ( -0.0000000000000000000, 1.000000000000000000, -0.0000000000000000000 ) ) ;
#7300 = CARTESIAN_POINT ( 'NONE',  ( -0.3420636973039750700, 0.3834854731493751400, -0.001000000000000000000 ) ) ;
#7301 = EDGE_CURVE ( 'NONE', #2982, #4750, #1346, .T. ) ;
#7302 = VERTEX_POINT ( 'NONE', #1745 ) ;
#7303 = STYLED_ITEM ( 'NONE', ( #1316 ), #406 ) ;
#7304 = VERTEX_POINT ( 'NONE', #1728 ) ;
#7305 = CARTESIAN_POINT ( 'NONE',  ( 0.1900202360702399100, 0.6631216273244853200, 0.9300000000000000500 ) ) ;
#7306 = EDGE_LOOP ( 'NONE', ( #1854, #4894, #240, #10226 ) ) ;
#7307 = CARTESIAN_POINT ( 'NONE',  ( 0.6393180374672204900, 0.7744100964311586600, 0.9400000000000000600 ) ) ;
#7308 = EDGE_CURVE ( 'NONE', #221, #5953, #5505, .T. ) ;
#7309 = VECTOR ( 'NONE', #7260, 1000.000000000000000 ) ;
#7310 = LINE ( 'NONE', #10544, #5023 ) ;
#7311 = EDGE_CURVE ( 'NONE', #7259, #7442, #7794, .T. ) ;
#7312 = ORIENTED_EDGE ( 'NONE', *, *, #2403, .F. ) ;
#7313 = ORIENTED_EDGE ( 'NONE', *, *, #9546, .F. ) ;
#7314 = CARTESIAN_POINT ( 'NONE',  ( 0.6671952080124106100, 0.7789159978871099700, 0.9300000000000000500 ) ) ;
#7315 = DIRECTION ( 'NONE',  ( 1.000000000000000000, 0.0000000000000000000, 0.0000000000000000000 ) ) ;
#7316 = ORIENTED_EDGE ( 'NONE', *, *, #5730, .F. ) ;
#7317 = AXIS2_PLACEMENT_3D ( 'NONE', #10805, #797, #6626 ) ;
#7318 = CARTESIAN_POINT ( 'NONE',  ( 0.5311516448273563300, 0.6712695169537451500, 0.9300000000000000500 ) ) ;
#7319 = PLANE ( 'NONE',  #4445 ) ;
#7320 = VECTOR ( 'NONE', #10633, 1000.000000000000000 ) ;
#7321 = STYLED_ITEM ( 'NONE', ( #8629 ), #5758 ) ;
#7322 = DIRECTION ( 'NONE',  ( 0.3385350343141482800, 0.9409537876760570900, 0.0000000000000000000 ) ) ;
#7323 = ORIENTED_EDGE ( 'NONE', *, *, #10248, .T. ) ;
#7324 = VERTEX_POINT ( 'NONE', #9883 ) ;
#7325 = CARTESIAN_POINT ( 'NONE',  ( 0.2733419037463276100, 0.7161445019787834300, 0.9300000000000000500 ) ) ;
#7326 = DIRECTION ( 'NONE',  ( 0.0000000000000000000, 0.0000000000000000000, 1.000000000000000000 ) ) ;
#7327 = PLANE ( 'NONE',  #6435 ) ;
#7328 = VERTEX_POINT ( 'NONE', #370 ) ;
#7329 = CARTESIAN_POINT ( 'NONE',  ( 0.6513502798157353400, 0.8601212548927491500, 0.9300000000000000500 ) ) ;
#7330 = MECHANICAL_DESIGN_GEOMETRIC_PRESENTATION_REPRESENTATION (  '', ( #5617 ), #7919 ) ;
#7331 = SURFACE_STYLE_FILL_AREA ( #8760 ) ;
#7332 = VECTOR ( 'NONE', #5673, 1000.000000000000000 ) ;
#7333 = CARTESIAN_POINT ( 'NONE',  ( 0.7603584342663902700, 0.8009008357594334900, 0.9300000000000000500 ) ) ;
#7334 =( LENGTH_UNIT ( ) NAMED_UNIT ( * ) SI_UNIT ( .MILLI., .METRE. ) );
#7335 = VECTOR ( 'NONE', #1029, 1000.000000000000000 ) ;
#7336 = DIRECTION ( 'NONE',  ( -0.0000000000000000000, -0.0000000000000000000, -1.000000000000000000 ) ) ;
#7337 = ADVANCED_FACE ( 'NONE', ( #1094 ), #8012, .F. ) ;
#7338 = ORIENTED_EDGE ( 'NONE', *, *, #9110, .T. ) ;
#7339 = CARTESIAN_POINT ( 'NONE',  ( 0.4452424247632018100, 0.7176159319277641800, 0.9400000000000000600 ) ) ;
#7340 = EDGE_LOOP ( 'NONE', ( #10056, #5739, #1487, #625 ) ) ;
#7341 = SURFACE_STYLE_USAGE ( .BOTH. , #1471 ) ;
#7342 = CARTESIAN_POINT ( 'NONE',  ( 0.6671952080124106100, 0.7789159978871099700, 0.9400000000000000600 ) ) ;
#7343 = B_SPLINE_SURFACE_WITH_KNOTS ( 'NONE', 3, 1, ( 
 ( #5880, #4948 ),
 ( #8145, #1378 ),
 ( #1421, #572 ),
 ( #6395, #2191 ) ),
 .UNSPECIFIED., .F., .F., .F.,
 ( 4, 4 ),
 ( 2, 2 ),
 ( 8.000000000000000000, 9.000000000000000000 ),
 ( 0.0000000000000000000, 1.000000000000000000 ),
 .UNSPECIFIED. ) ;
#7344 = CARTESIAN_POINT ( 'NONE',  ( 0.02544278721532577900, 0.6162962151507489500, 0.9300000000000000500 ) ) ;
#7345 = LINE ( 'NONE', #2483, #914 ) ;
#7346 = LINE ( 'NONE', #108, #9297 ) ;
#7347 = DIRECTION ( 'NONE',  ( -0.9434452330799542000, 0.3315284183576288600, 0.0000000000000000000 ) ) ;
#7348 = FACE_OUTER_BOUND ( 'NONE', #2965, .T. ) ;
#7349 = FILL_AREA_STYLE_COLOUR ( '', #7839 ) ;
#7350 = DIRECTION ( 'NONE',  ( -0.0000000000000000000, -0.0000000000000000000, -1.000000000000000000 ) ) ;
#7351 = ORIENTED_EDGE ( 'NONE', *, *, #9543, .T. ) ;
#7352 = ORIENTED_EDGE ( 'NONE', *, *, #9823, .T. ) ;
#7354 = CARTESIAN_POINT ( 'NONE',  ( -0.1250000000000001100, 0.6250000000000000000, -0.02000000000000000000 ) ) ;
#7353 = PRESENTATION_STYLE_ASSIGNMENT (( #4569 ) ) ;
#7355 = CARTESIAN_POINT ( 'NONE',  ( 0.5580880227609703600, 0.6191298001079786900, 0.9300000000000000500 ) ) ;
#7356 = CARTESIAN_POINT ( 'NONE',  ( -0.8749999999999985600, 0.3750000000000029400, -0.02000000000000000000 ) ) ;
#7357 = CARTESIAN_POINT ( 'NONE',  ( 0.5311516448273537700, 0.6774094266293947400, 0.9300000000000000500 ) ) ;
#7358 = B_SPLINE_SURFACE_WITH_KNOTS ( 'NONE', 3, 1, ( 
 ( #9281, #6837 ),
 ( #563, #592 ),
 ( #7577, #6298 ),
 ( #4647, #9418 ) ),
 .UNSPECIFIED., .F., .F., .F.,
 ( 4, 4 ),
 ( 2, 2 ),
 ( 27.00000000000000000, 28.00000000000000000 ),
 ( 0.0000000000000000000, 1.000000000000000000 ),
 .UNSPECIFIED. ) ;
#7359 = CARTESIAN_POINT ( 'NONE',  ( 0.1886430396978598700, 0.6631216273244853200, 0.9400000000000000600 ) ) ;
#7360 = ORIENTED_EDGE ( 'NONE', *, *, #280, .T. ) ;
#7361 = CARTESIAN_POINT ( 'NONE',  ( 0.4590572215344044200, 0.6392825681577188900, 0.9300000000000000500 ) ) ;
#7362 = STYLED_ITEM ( 'NONE', ( #5075 ), #4011 ) ;
#7363 = EDGE_LOOP ( 'NONE', ( #7077, #1761, #4930, #9670 ) ) ;
#7364 = COLOUR_RGB ( '',0.2980392156862745100, 0.2980392156862745100, 0.2980392156862745100 ) ;
#7365 = PRESENTATION_STYLE_ASSIGNMENT (( #3691 ) ) ;
#7366 = CARTESIAN_POINT ( 'NONE',  ( 0.4730205645072783600, 0.7941172258752252600, 0.9300000000000000500 ) ) ;
#7367 =( LENGTH_UNIT ( ) NAMED_UNIT ( * ) SI_UNIT ( .MILLI., .METRE. ) );
#7368 = CARTESIAN_POINT ( 'NONE',  ( 0.4855727185629570300, 0.8728962282509370500, 0.9400000000000000600 ) ) ;
#7369 = CARTESIAN_POINT ( 'NONE',  ( 0.4742832072231295500, 0.6191298001079786900, 0.9300000000000000500 ) ) ;
#7370 = EDGE_CURVE ( 'NONE', #4726, #8047, #8051, .T. ) ;
#7371 = EDGE_CURVE ( 'NONE', #9558, #5676, #2003, .T. ) ;
#7372 = PLANE ( 'NONE',  #4203 ) ;
#7373 = DIRECTION ( 'NONE',  ( 1.000000000000000000, -0.0000000000000000000, -0.0000000000000000000 ) ) ;
#7374 = LINE ( 'NONE', #5356, #667 ) ;
#7375 = SURFACE_STYLE_FILL_AREA ( #4141 ) ;
#7376 = B_SPLINE_CURVE_WITH_KNOTS ( 'NONE', 3,
 ( #3583, #2751, #10824, #9825 ),
 .UNSPECIFIED., .F., .F.,
 ( 4, 4 ),
 ( 5.000000000000000000, 6.000000000000000000 ),
 .UNSPECIFIED. ) ;
#7377 = EDGE_CURVE ( 'NONE', #1783, #3613, #296, .T. ) ;
#7378 = CARTESIAN_POINT ( 'NONE',  ( 0.6866547604536918900, 0.7970386345113781300, 0.9300000000000000500 ) ) ;
#7379 = DIRECTION ( 'NONE',  ( 0.0000000000000000000, 0.0000000000000000000, 1.000000000000000000 ) ) ;
#7380 = CARTESIAN_POINT ( 'NONE',  ( 0.4666825932287401700, 0.8009503511599862500, 0.9300000000000000500 ) ) ;
#7381 = DIRECTION ( 'NONE',  ( 0.0000000000000000000, -1.000000000000000000, 0.0000000000000000000 ) ) ;
#7382 = EDGE_CURVE ( 'NONE', #456, #5006, #6684, .T. ) ;
#7383 = ORIENTED_EDGE ( 'NONE', *, *, #8642, .T. ) ;
#7384 = CARTESIAN_POINT ( 'NONE',  ( 0.6769249842330500300, 0.8584377312718356500, 0.9400000000000000600 ) ) ;
#7385 = PRESENTATION_STYLE_ASSIGNMENT (( #3350 ) ) ;
#7386 = VECTOR ( 'NONE', #10558, 1000.000000000000000 ) ;
#7387 = EDGE_CURVE ( 'NONE', #993, #9925, #8935, .T. ) ;
#7388 = ORIENTED_EDGE ( 'NONE', *, *, #1062, .F. ) ;
#7389 = CARTESIAN_POINT ( 'NONE',  ( 0.8452773463184134500, 0.6581974511915668100, 0.9300000000000000500 ) ) ;
#7390 = CARTESIAN_POINT ( 'NONE',  ( 0.4841367719451629700, 0.6290823956311254500, 0.9400000000000000600 ) ) ;
#7391 = CARTESIAN_POINT ( 'NONE',  ( 0.4669054125315760800, 0.8436326264881792700, 0.9300000000000000500 ) ) ;
#7392 = EDGE_CURVE ( 'NONE', #8328, #9126, #2223, .T. ) ;
#7393 = ADVANCED_FACE ( 'NONE', ( #8430 ), #2653, .F. ) ;
#7394 = VERTEX_POINT ( 'NONE', #2533 ) ;
#7395 = CARTESIAN_POINT ( 'NONE',  ( 0.8749999999999998900, 0.8749999999999998900, -0.02000000000000000000 ) ) ;
#7396 = CARTESIAN_POINT ( 'NONE',  ( 0.6398131914727888100, 0.8601212548927491500, 0.9400000000000000600 ) ) ;
#7397 = VECTOR ( 'NONE', #3753, 1000.000000000000000 ) ;
#7398 = CARTESIAN_POINT ( 'NONE',  ( 0.5737348893547593600, 0.6510177181028996600, 0.9400000000000000600 ) ) ;
#7399 = CARTESIAN_POINT ( 'NONE',  ( 0.5580880227609703600, 0.6915213158045996300, 0.9400000000000000600 ) ) ;
#7400 = DIRECTION ( 'NONE',  ( -4.336808689942018200E-016, -1.000000000000000000, 0.0000000000000000000 ) ) ;
#7401 = ORIENTED_EDGE ( 'NONE', *, *, #7430, .F. ) ;
#7402 = CARTESIAN_POINT ( 'NONE',  ( -0.7990646368227771700, 0.7972593383840376200, 0.9100000000000000300 ) ) ;
#7403 = PRESENTATION_LAYER_ASSIGNMENT (  '', '', ( #6237 ) ) ;
#7404 = CARTESIAN_POINT ( 'NONE',  ( 0.02544278721532577900, 0.6162962151507489500, 0.9400000000000000600 ) ) ;
#7405 = DIRECTION ( 'NONE',  ( -1.000000000000000000, -0.0000000000000000000, -0.0000000000000000000 ) ) ;
#7406 = DIRECTION ( 'NONE',  ( -1.000000000000000000, -0.0000000000000000000, -0.0000000000000000000 ) ) ;
#7407 = CARTESIAN_POINT ( 'NONE',  ( 0.4884941271991148900, 0.6816677510825681600, 0.9400000000000000600 ) ) ;
#7408 = CARTESIAN_POINT ( 'NONE',  ( 0.5976755855513886700, 0.6899368229848047400, 0.9300000000000000500 ) ) ;
#7409 = DIRECTION ( 'NONE',  ( -3.491481338843134100E-015, -1.000000000000000000, 0.0000000000000000000 ) ) ;
#7410 = DIRECTION ( 'NONE',  ( -0.0000000000000000000, -0.0000000000000000000, -1.000000000000000000 ) ) ;
#7411 = STYLED_ITEM ( 'NONE', ( #8734 ), #10659 ) ;
#7412 = VERTEX_POINT ( 'NONE', #6110 ) ;
#7413 = EDGE_LOOP ( 'NONE', ( #6475, #10191, #10085, #400 ) ) ;
#7414 = FILL_AREA_STYLE_COLOUR ( '', #5842 ) ;
#7415 = VERTEX_POINT ( 'NONE', #2429 ) ;
#7416 = CARTESIAN_POINT ( 'NONE',  ( 0.4474458600906227000, 0.6318057426650551800, 0.9400000000000000600 ) ) ;
#7417 = VECTOR ( 'NONE', #4478, 1000.000000000000000 ) ;
#7418 = CARTESIAN_POINT ( 'NONE',  ( 0.6769249842330500300, 0.8584377312718356500, 0.9300000000000000500 ) ) ;
#7419 = CARTESIAN_POINT ( 'NONE',  ( -0.03859780289354117200, 0.6679419197013349900, 0.9300000000000000500 ) ) ;
#7420 = ORIENTED_EDGE ( 'NONE', *, *, #9125, .T. ) ;
#7421 = B_SPLINE_CURVE_WITH_KNOTS ( 'NONE', 3,
 ( #1950, #6986, #3600, #9448 ),
 .UNSPECIFIED., .F., .F.,
 ( 4, 4 ),
 ( 16.00000000000000000, 17.00000000000000000 ),
 .UNSPECIFIED. ) ;
#7422 = ORIENTED_EDGE ( 'NONE', *, *, #2351, .F. ) ;
#7423 = DIRECTION ( 'NONE',  ( 0.0000000000000000000, -0.0000000000000000000, -1.000000000000000000 ) ) ;
#7424 = VECTOR ( 'NONE', #6134, 1000.000000000000000 ) ;
#7425 = DIRECTION ( 'NONE',  ( -1.000000000000000000, 3.491481338843134100E-015, 0.0000000000000000000 ) ) ;
#7426 = STYLED_ITEM ( 'NONE', ( #819 ), #3189 ) ;
#7427 = VECTOR ( 'NONE', #7783, 1000.000000000000000 ) ;
#7428 = B_SPLINE_CURVE_WITH_KNOTS ( 'NONE', 3,
 ( #8259, #3186, #5754, #755 ),
 .UNSPECIFIED., .F., .F.,
 ( 4, 4 ),
 ( 1.000000000000000000, 2.000000000000000000 ),
 .UNSPECIFIED. ) ;
#7429 = CARTESIAN_POINT ( 'NONE',  ( 0.6249999999999998900, 0.8750000000000000000, -0.02000000000000000000 ) ) ;
#7430 = EDGE_CURVE ( 'NONE', #5363, #447, #8696, .T. ) ;
#7431 = CARTESIAN_POINT ( 'NONE',  ( 0.5372667968030555600, 0.6312610732582671900, 0.9400000000000000600 ) ) ;
#7432 = ORIENTED_EDGE ( 'NONE', *, *, #5734, .T. ) ;
#7433 = EDGE_LOOP ( 'NONE', ( #7664, #7036, #4358, #1639 ) ) ;
#7434 = DIRECTION ( 'NONE',  ( -0.0000000000000000000, -0.0000000000000000000, 1.000000000000000000 ) ) ;
#7435 = ORIENTED_EDGE ( 'NONE', *, *, #693, .T. ) ;
#7436 = VERTEX_POINT ( 'NONE', #2224 ) ;
#7437 = CARTESIAN_POINT ( 'NONE',  ( 0.6680369698231981600, 0.7955531724926939700, 0.9300000000000000500 ) ) ;
#7438 = LINE ( 'NONE', #3423, #9904 ) ;
#7439 = CARTESIAN_POINT ( 'NONE',  ( 0.04059217059205165500, 0.6162962151507489500, 0.9400000000000000600 ) ) ;
#7440 = CARTESIAN_POINT ( 'NONE',  ( 0.09499226788739424700, 0.6438406154277834800, 0.9300000000000000500 ) ) ;
#7441 = ORIENTED_EDGE ( 'NONE', *, *, #4706, .F. ) ;
#7442 = VERTEX_POINT ( 'NONE', #2408 ) ;
#7443 = CARTESIAN_POINT ( 'NONE',  ( -0.8749999999999995600, 0.1250000000000029400, -0.02000000000000000000 ) ) ;
#7444 = EDGE_CURVE ( 'NONE', #600, #6840, #10626, .T. ) ;
#7445 = VERTEX_POINT ( 'NONE', #2371 ) ;
#7446 = ADVANCED_FACE ( 'NONE', ( #6161 ), #2152, .F. ) ;
#7447 = ORIENTED_EDGE ( 'NONE', *, *, #7528, .T. ) ;
#7448 = B_SPLINE_CURVE_WITH_KNOTS ( 'NONE', 3,
 ( #5084, #3770, #3677, #6096 ),
 .UNSPECIFIED., .F., .F.,
 ( 4, 4 ),
 ( 2.000000000000000000, 3.000000000000000000 ),
 .UNSPECIFIED. ) ;
#7449 = CARTESIAN_POINT ( 'NONE',  ( 0.2106785231440085300, 0.8614409290860360900, 0.9300000000000000500 ) ) ;
#7450 = AXIS2_PLACEMENT_3D ( 'NONE', #9851, #4782, #10679 ) ;
#7451 = FACE_OUTER_BOUND ( 'NONE', #3999, .T. ) ;
#7452 = CARTESIAN_POINT ( 'NONE',  ( 0.5418717290601226000, 0.6542362191423900500, 0.9400000000000000600 ) ) ;
#7453 = PLANE ( 'NONE',  #487 ) ;
#7454 = CARTESIAN_POINT ( 'NONE',  ( -0.6250000000000013300, -0.3749999999999979500, -0.02000000000000000000 ) ) ;
#7455 = LINE ( 'NONE', #3372, #7728 ) ;
#7456 = LINE ( 'NONE', #8560, #1024 ) ;
#7457 = DIRECTION ( 'NONE',  ( 0.3315284183505329300, 0.9434452330824476500, -0.0000000000000000000 ) ) ;
#7458 = EDGE_CURVE ( 'NONE', #10779, #7052, #1714, .T. ) ;
#7459 = DIRECTION ( 'NONE',  ( -0.3315284183576288600, -0.9434452330799542000, 0.0000000000000000000 ) ) ;
#7460 = DIRECTION ( 'NONE',  ( 0.0000000000000000000, -1.000000000000000000, 0.0000000000000000000 ) ) ;
#7461 = ORIENTED_EDGE ( 'NONE', *, *, #2189, .T. ) ;
#7462 = EDGE_CURVE ( 'NONE', #8053, #4421, #3882, .T. ) ;
#7464 = ORIENTED_EDGE ( 'NONE', *, *, #484, .F. ) ;
#7463 = CARTESIAN_POINT ( 'NONE',  ( 0.7840515534599024100, 0.7744100964311585500, 0.9300000000000000500 ) ) ;
#7465 = VECTOR ( 'NONE', #10310, 1000.000000000000000 ) ;
#7466 = EDGE_CURVE ( 'NONE', #9667, #10735, #5882, .T. ) ;
#7467 = PRESENTATION_STYLE_ASSIGNMENT (( #9586 ) ) ;
#7468 = CARTESIAN_POINT ( 'NONE',  ( 0.5841083657832982800, 0.6899368229848047400, 0.9400000000000000600 ) ) ;
#7469 = VERTEX_POINT ( 'NONE', #1658 ) ;
#7470 = CARTESIAN_POINT ( 'NONE',  ( 0.7702367566887100600, 0.7744100964311179100, 0.9400000000000000600 ) ) ;
#7471 = ORIENTED_EDGE ( 'NONE', *, *, #147, .T. ) ;
#7472 = AXIS2_PLACEMENT_3D ( 'NONE', #8370, #8179, #8315 ) ;
#7473 = B_SPLINE_SURFACE_WITH_KNOTS ( 'NONE', 3, 1, ( 
 ( #7642, #7654 ),
 ( #7678, #2220 ),
 ( #764, #3337 ),
 ( #2954, #3821 ) ),
 .UNSPECIFIED., .F., .F., .F.,
 ( 4, 4 ),
 ( 2, 2 ),
 ( 16.00000000000000000, 17.00000000000000000 ),
 ( 0.0000000000000000000, 1.000000000000000000 ),
 .UNSPECIFIED. ) ;
#7474 = CARTESIAN_POINT ( 'NONE',  ( 0.4745802996267991000, 0.6490371020779830400, 0.9300000000000000500 ) ) ;
#7475 = LINE ( 'NONE', #4175, #766 ) ;
#7476 = CARTESIAN_POINT ( 'NONE',  ( 0.6379316062503077600, 0.6899368229848047400, 0.9400000000000000600 ) ) ;
#7477 = PRESENTATION_STYLE_ASSIGNMENT (( #671 ) ) ;
#7478 = VECTOR ( 'NONE', #3334, 1000.000000000000000 ) ;
#7479 = CARTESIAN_POINT ( 'NONE',  ( 0.8749999999999986700, -0.1250000000000091000, 0.0000000000000000000 ) ) ;
#7480 = CARTESIAN_POINT ( 'NONE',  ( 0.5699964766084249000, 0.6246260095757295600, 0.9400000000000000600 ) ) ;
#7481 = AXIS2_PLACEMENT_3D ( 'NONE', #7819, #2733, #8652 ) ;
#7482 = VERTEX_POINT ( 'NONE', #1775 ) ;
#7483 = CARTESIAN_POINT ( 'NONE',  ( 0.8816464080683457100, 0.6472545476559552500, 0.9400000000000000600 ) ) ;
#7484 = ORIENTED_EDGE ( 'NONE', *, *, #8642, .F. ) ;
#7485 = LINE ( 'NONE', #502, #778 ) ;
#7486 = LINE ( 'NONE', #7297, #7207 ) ;
#7487 = PLANE ( 'NONE',  #7898 ) ;
#7488 = CARTESIAN_POINT ( 'NONE',  ( 0.6175560188974045200, 0.6322513812700694100, 0.9300000000000000500 ) ) ;
#7489 = CARTESIAN_POINT ( 'NONE',  ( 0.5068395831262153500, 0.7727760882107978000, 0.9400000000000000600 ) ) ;
#7490 = CARTESIAN_POINT ( 'NONE',  ( 0.4806211785016664700, 0.6915213158045996300, 0.9300000000000000500 ) ) ;
#7491 = CARTESIAN_POINT ( 'NONE',  ( 0.6635805837678008200, 0.6207638083283396600, 0.9300000000000000500 ) ) ;
#7492 = B_SPLINE_SURFACE_WITH_KNOTS ( 'NONE', 3, 1, ( 
 ( #2369, #3003 ),
 ( #1033, #5659 ),
 ( #840, #2849 ),
 ( #8506, #2884 ) ),
 .UNSPECIFIED., .F., .F., .F.,
 ( 4, 4 ),
 ( 2, 2 ),
 ( 35.00000000000000000, 36.00000000000000000 ),
 ( 0.0000000000000000000, 1.000000000000000000 ),
 .UNSPECIFIED. ) ;
#7493 = CARTESIAN_POINT ( 'NONE',  ( 0.5889856327437597000, 0.5990265474587975800, 0.9300000000000000500 ) ) ;
#7494 = VERTEX_POINT ( 'NONE', #1797 ) ;
#7495 = CARTESIAN_POINT ( 'NONE',  ( 0.5643022055381180500, 0.6432438002062300700, 0.9400000000000000600 ) ) ;
#7496 = VERTEX_POINT ( 'NONE', #1816 ) ;
#7497 = LINE ( 'NONE', #6384, #5221 ) ;
#7498 = VECTOR ( 'NONE', #1826, 1000.000000000000000 ) ;
#7499 = DIRECTION ( 'NONE',  ( 0.9306703226357371200, 0.3658589216693958800, -0.0000000000000000000 ) ) ;
#7500 = AXIS2_PLACEMENT_3D ( 'NONE', #5782, #8322, #7902 ) ;
#7501 = CARTESIAN_POINT ( 'NONE',  ( 0.3750000000000001100, -0.8750000000000000000, 0.0000000000000000000 ) ) ;
#7502 = B_SPLINE_CURVE_WITH_KNOTS ( 'NONE', 3,
 ( #8005, #536, #6540, #4591 ),
 .UNSPECIFIED., .F., .F.,
 ( 4, 4 ),
 ( 4.000000000000000000, 5.000000000000000000 ),
 .UNSPECIFIED. ) ;
#7503 = ORIENTED_EDGE ( 'NONE', *, *, #330, .F. ) ;
#7504 = CARTESIAN_POINT ( 'NONE',  ( 0.5547952486203097100, 0.8291246141085187900, 0.9400000000000000600 ) ) ;
#7505 = ORIENTED_EDGE ( 'NONE', *, *, #4720, .F. ) ;
#7506 = DIRECTION ( 'NONE',  ( -3.491481338843134100E-015, -1.000000000000000000, 0.0000000000000000000 ) ) ;
#7507 = CARTESIAN_POINT ( 'NONE',  ( 0.5866088935143900500, 0.5891729827367686600, 0.9300000000000000500 ) ) ;
#7509 = EDGE_CURVE ( 'NONE', #7772, #10410, #3636, .T. ) ;
#7508 = ORIENTED_EDGE ( 'NONE', *, *, #4723, .F. ) ;
#7510 = VECTOR ( 'NONE', #6637, 1000.000000000000000 ) ;
#7511 = VECTOR ( 'NONE', #4248, 1000.000000000000000 ) ;
#7512 = ADVANCED_FACE ( 'NONE', ( #9848 ), #1674, .T. ) ;
#7513 = CARTESIAN_POINT ( 'NONE',  ( 0.02544278721532577900, 0.6162962151507489500, 0.9400000000000000600 ) ) ;
#7514 = FILL_AREA_STYLE ('',( #4922 ) ) ;
#7515 = B_SPLINE_SURFACE_WITH_KNOTS ( 'NONE', 3, 1, ( 
 ( #6640, #6677 ),
 ( #7228, #9790 ),
 ( #9735, #9674 ),
 ( #9642, #9559 ) ),
 .UNSPECIFIED., .F., .F., .F.,
 ( 4, 4 ),
 ( 2, 2 ),
 ( 1.000000000000000000, 2.000000000000000000 ),
 ( 0.0000000000000000000, 1.000000000000000000 ),
 .UNSPECIFIED. ) ;
#7516 = PRESENTATION_LAYER_ASSIGNMENT (  '', '', ( #5778 ) ) ;
#7517 = ORIENTED_EDGE ( 'NONE', *, *, #1749, .F. ) ;
#7518 = CARTESIAN_POINT ( 'NONE',  ( 0.2106785231440085300, 0.8614409290860360900, 0.9300000000000000500 ) ) ;
#7519 = LINE ( 'NONE', #6456, #2985 ) ;
#7520 = PRESENTATION_STYLE_ASSIGNMENT (( #8353 ) ) ;
#7521 = CARTESIAN_POINT ( 'NONE',  ( 0.7606060112698374000, 0.6207638083283396600, 0.9300000000000000500 ) ) ;
#7522 =( GEOMETRIC_REPRESENTATION_CONTEXT ( 3 ) GLOBAL_UNCERTAINTY_ASSIGNED_CONTEXT ( ( #1995 ) ) GLOBAL_UNIT_ASSIGNED_CONTEXT ( ( #6826, #1802, #7703 ) ) REPRESENTATION_CONTEXT ( 'NONE', 'WORKASPACE' ) );
#7523 = CARTESIAN_POINT ( 'NONE',  ( -0.1249999999999998900, -0.6250000000000000000, -0.02000000000000000000 ) ) ;
#7524 = CARTESIAN_POINT ( 'NONE',  ( 0.7962323420107516600, 0.6485914634729695900, 0.9400000000000000600 ) ) ;
#7525 = EDGE_CURVE ( 'NONE', #6953, #383, #10120, .T. ) ;
#7526 = MECHANICAL_DESIGN_GEOMETRIC_PRESENTATION_REPRESENTATION (  '', ( #5785 ), #8091 ) ;
#7527 = CARTESIAN_POINT ( 'NONE',  ( 0.07777706368359811600, 0.6899774031471595000, 0.9300000000000000500 ) ) ;
#7528 = EDGE_CURVE ( 'NONE', #8720, #7949, #7648, .T. ) ;
#7529 = EDGE_CURVE ( 'NONE', #2388, #3236, #5636, .T. ) ;
#7530 = CARTESIAN_POINT ( 'NONE',  ( -0.07991432450440462400, 0.7312939247580169100, 0.9400000000000000600 ) ) ;
#7531 = COLOUR_RGB ( '',0.2980392156862745100, 0.2980392156862745100, 0.2980392156862745100 ) ;
#7532 = FACE_OUTER_BOUND ( 'NONE', #4916, .T. ) ;
#7533 = CARTESIAN_POINT ( 'NONE',  ( 0.3749999999999998900, 0.8749999999999998900, 0.0000000000000000000 ) ) ;
#7534 = CARTESIAN_POINT ( 'NONE',  ( 0.4628203919810128200, 0.7859967001746557300, 0.9300000000000000500 ) ) ;
#7535 = CARTESIAN_POINT ( 'NONE',  ( 0.01098200202495516600, 0.6162962151507489500, 0.9300000000000000500 ) ) ;
#7536 = CARTESIAN_POINT ( 'NONE',  ( 0.7726382536183515900, 0.7064749667899301600, 0.9400000000000000600 ) ) ;
#7537 = CARTESIAN_POINT ( 'NONE',  ( 0.1177163495195692300, 0.8559320615082910400, 0.9300000000000000500 ) ) ;
#7538 = ORIENTED_EDGE ( 'NONE', *, *, #2541, .F. ) ;
#7539 = VERTEX_POINT ( 'NONE', #1417 ) ;
#7540 = EDGE_CURVE ( 'NONE', #5973, #4949, #5091, .T. ) ;
#7541 = UNCERTAINTY_MEASURE_WITH_UNIT (LENGTH_MEASURE( 1.000000000000000100E-005 ), #1384, 'distance_accuracy_value', 'NONE');
#7542 = CARTESIAN_POINT ( 'NONE',  ( -0.3749999999999998900, -0.8749999999999998900, -0.02000000000000000000 ) ) ;
#7543 = CARTESIAN_POINT ( 'NONE',  ( 0.5744776203641002200, 0.6884513609661171400, 0.9400000000000000600 ) ) ;
#7544 = CARTESIAN_POINT ( 'NONE',  ( -0.1250000000000001100, 0.6250000000000000000, 0.0000000000000000000 ) ) ;
#7545 = DIRECTION ( 'NONE',  ( 0.0000000000000000000, 0.0000000000000000000, 1.000000000000000000 ) ) ;
#7546 = EDGE_LOOP ( 'NONE', ( #6660, #9704, #3952, #1737, #8291, #6304, #8236, #6394 ) ) ;
#7547 = ORIENTED_EDGE ( 'NONE', *, *, #2321, .F. ) ;
#7548 = FILL_AREA_STYLE_COLOUR ( '', #10036 ) ;
#7549 = CARTESIAN_POINT ( 'NONE',  ( 0.0000000000000000000, 0.0000000000000000000, 0.9400000000000000600 ) ) ;
#7550 = UNCERTAINTY_MEASURE_WITH_UNIT (LENGTH_MEASURE( 1.000000000000000100E-005 ), #6521, 'distance_accuracy_value', 'NONE');
#7551 = CARTESIAN_POINT ( 'NONE',  ( -0.1232966932103497500, 0.7299166758492917600, 0.9400000000000000600 ) ) ;
#7552 = SURFACE_STYLE_USAGE ( .BOTH. , #1661 ) ;
#7553 = ORIENTED_EDGE ( 'NONE', *, *, #8666, .T. ) ;
#7554 = ORIENTED_EDGE ( 'NONE', *, *, #2846, .F. ) ;
#7555 =( NAMED_UNIT ( * ) SI_UNIT ( $, .STERADIAN. ) SOLID_ANGLE_UNIT ( ) );
#7556 = CARTESIAN_POINT ( 'NONE',  ( 0.5498437085590167600, 0.6191298001079786900, 0.9400000000000000600 ) ) ;
#7557 = LINE ( 'NONE', #571, #5278 ) ;
#7558 = VERTEX_POINT ( 'NONE', #825 ) ;
#7559 = ORIENTED_EDGE ( 'NONE', *, *, #6549, .T. ) ;
#7560 = CARTESIAN_POINT ( 'NONE',  ( 0.5653420289508036500, 0.6410651225797496800, 0.9300000000000000500 ) ) ;
#7561 = CARTESIAN_POINT ( 'NONE',  ( 0.5146382587228371900, 0.6652781534791097900, 0.9400000000000000600 ) ) ;
#7562 = ADVANCED_FACE ( 'NONE', ( #668 ), #580, .F. ) ;
#7563 = CARTESIAN_POINT ( 'NONE',  ( 0.6969044483808419800, 0.7744100964311586600, 0.9400000000000000600 ) ) ;
#7564 = CARTESIAN_POINT ( 'NONE',  ( 0.3953556586454127200, 0.7176159319277641800, 0.9400000000000000600 ) ) ;
#7565 = B_SPLINE_SURFACE_WITH_KNOTS ( 'NONE', 3, 1, ( 
 ( #3995, #8548 ),
 ( #7797, #3153 ),
 ( #3959, #4818 ),
 ( #10678, #8193 ) ),
 .UNSPECIFIED., .F., .F., .F.,
 ( 4, 4 ),
 ( 2, 2 ),
 ( 5.000000000000000000, 6.000000000000000000 ),
 ( 0.0000000000000000000, 1.000000000000000000 ),
 .UNSPECIFIED. ) ;
#7566 = VERTEX_POINT ( 'NONE', #791 ) ;
#7567 = ORIENTED_EDGE ( 'NONE', *, *, #2211, .T. ) ;
#7568 = FACE_OUTER_BOUND ( 'NONE', #10107, .T. ) ;
#7569 = FILL_AREA_STYLE_COLOUR ( '', #6878 ) ;
#7570 = CARTESIAN_POINT ( 'NONE',  ( 0.02613139853584862300, 0.5749797460765683200, 0.9300000000000000500 ) ) ;
#7571 = VECTOR ( 'NONE', #5140, 1000.000000000000000 ) ;
#7572 = ORIENTED_EDGE ( 'NONE', *, *, #10573, .F. ) ;
#7573 = B_SPLINE_CURVE_WITH_KNOTS ( 'NONE', 3,
 ( #10029, #2, #5822, #839 ),
 .UNSPECIFIED., .F., .F.,
 ( 4, 4 ),
 ( 0.0000000000000000000, 1.000000000000000000 ),
 .UNSPECIFIED. ) ;
#7574 = ORIENTED_EDGE ( 'NONE', *, *, #8423, .T. ) ;
#7575 = ORIENTED_EDGE ( 'NONE', *, *, #3919, .F. ) ;
#7576 = ORIENTED_EDGE ( 'NONE', *, *, #9195, .F. ) ;
#7577 = CARTESIAN_POINT ( 'NONE',  ( 0.1672961807064048700, 0.6534810951081286800, 0.9400000000000000600 ) ) ;
#7578 = STYLED_ITEM ( 'NONE', ( #2101 ), #3745 ) ;
#7579 = DIRECTION ( 'NONE',  ( -0.0000000000000000000, -0.0000000000000000000, -1.000000000000000000 ) ) ;
#7580 = ORIENTED_EDGE ( 'NONE', *, *, #8919, .F. ) ;
#7581 = CARTESIAN_POINT ( 'NONE',  ( 0.4730205645072783600, 0.7941172258752252600, 0.9300000000000000500 ) ) ;
#7582 = CARTESIAN_POINT ( 'NONE',  ( 0.5653420289508036500, 0.6410651225797496800, 0.9400000000000000600 ) ) ;
#7583 = LINE ( 'NONE', #7877, #7309 ) ;
#7584 = LINE ( 'NONE', #7161, #880 ) ;
#7585 =( NAMED_UNIT ( * ) PLANE_ANGLE_UNIT ( ) SI_UNIT ( $, .RADIAN. ) );
#7586 = CARTESIAN_POINT ( 'NONE',  ( 0.5389255627236907400, 0.6860251063361897400, 0.9300000000000000500 ) ) ;
#7587 = EDGE_CURVE ( 'NONE', #3820, #2368, #8019, .T. ) ;
#7588 = EDGE_LOOP ( 'NONE', ( #3721, #2997, #275, #7323 ) ) ;
#7589 = EDGE_CURVE ( 'NONE', #3698, #6501, #7102, .T. ) ;
#7590 = ORIENTED_EDGE ( 'NONE', *, *, #7742, .F. ) ;
#7591 = CARTESIAN_POINT ( 'NONE',  ( 0.5921793760833068400, 0.8601212548927491500, 0.9400000000000000600 ) ) ;
#7592 = VERTEX_POINT ( 'NONE', #260 ) ;
#7593 = CARTESIAN_POINT ( 'NONE',  ( 0.5529879364980065900, 0.6816677510825681600, 0.9300000000000000500 ) ) ;
#7594 = DIRECTION ( 'NONE',  ( 0.0000000000000000000, -0.0000000000000000000, -1.000000000000000000 ) ) ;
#7595 = EDGE_CURVE ( 'NONE', #1537, #2636, #7224, .T. ) ;
#7596 = LINE ( 'NONE', #603, #3053 ) ;
#7597 = LINE ( 'NONE', #5820, #9436 ) ;
#7598 = DIRECTION ( 'NONE',  ( -1.000000000000000000, 0.0000000000000000000, 0.0000000000000000000 ) ) ;
#7599 = CARTESIAN_POINT ( 'NONE',  ( -0.01174206647338270300, 0.8414712763175875600, 0.9300000000000000500 ) ) ;
#7600 = CARTESIAN_POINT ( 'NONE',  ( 0.4809925440061695300, 0.6191298001079786900, 0.9400000000000000600 ) ) ;
#7601 = SURFACE_STYLE_FILL_AREA ( #1575 ) ;
#7602 = VERTEX_POINT ( 'NONE', #670 ) ;
#7603 = FILL_AREA_STYLE_COLOUR ( '', #4658 ) ;
#7604 = ORIENTED_EDGE ( 'NONE', *, *, #7387, .T. ) ;
#7605 = CARTESIAN_POINT ( 'NONE',  ( -0.1232966932103497500, 0.7299166758492917600, 0.9300000000000000500 ) ) ;
#7606 = SURFACE_STYLE_USAGE ( .BOTH. , #10780 ) ;
#7607 = FACE_OUTER_BOUND ( 'NONE', #2169, .T. ) ;
#7608 = EDGE_CURVE ( 'NONE', #1446, #8074, #6602, .T. ) ;
#7609 = AXIS2_PLACEMENT_3D ( 'NONE', #9191, #5000, #2509 ) ;
#7610 = CARTESIAN_POINT ( 'NONE',  ( 0.7726382536183515900, 0.7064749667899301600, 0.9300000000000000500 ) ) ;
#7611 = VECTOR ( 'NONE', #185, 1000.000000000000000 ) ;
#7612 =( NAMED_UNIT ( * ) SI_UNIT ( $, .STERADIAN. ) SOLID_ANGLE_UNIT ( ) );
#7613 = EDGE_CURVE ( 'NONE', #2523, #8643, #6533, .T. ) ;
#7614 = CARTESIAN_POINT ( 'NONE',  ( 0.02613139853584862300, 0.5749797460765683200, 0.9400000000000000600 ) ) ;
#7615 = ORIENTED_EDGE ( 'NONE', *, *, #6008, .F. ) ;
#7616 = CARTESIAN_POINT ( 'NONE',  ( 0.8613450938169312500, 0.7052370817740308800, 0.9400000000000000600 ) ) ;
#7617 = ORIENTED_EDGE ( 'NONE', *, *, #2082, .T. ) ;
#7618 = VECTOR ( 'NONE', #8521, 1000.000000000000000 ) ;
#7619 = CARTESIAN_POINT ( 'NONE',  ( 0.5229073306253952900, 0.8558629304402384200, 0.9400000000000000600 ) ) ;
#7620 = LINE ( 'NONE', #6978, #9567 ) ;
#7621 = ADVANCED_FACE ( 'NONE', ( #9328 ), #636, .F. ) ;
#7622 = CARTESIAN_POINT ( 'NONE',  ( 0.1845113980440422100, 0.8841650181067611800, 0.9300000000000000500 ) ) ;
#7623 = CARTESIAN_POINT ( 'NONE',  ( 0.5653420289508036500, 0.6383912909463753700, 0.9300000000000000500 ) ) ;
#7624 = SURFACE_SIDE_STYLE ('',( #5603 ) ) ;
#7625 = ORIENTED_EDGE ( 'NONE', *, *, #10440, .F. ) ;
#7626 = VERTEX_POINT ( 'NONE', #795 ) ;
#7627 = ORIENTED_EDGE ( 'NONE', *, *, #3705, .F. ) ;
#7628 = SURFACE_STYLE_FILL_AREA ( #1444 ) ;
#7629 = LINE ( 'NONE', #5369, #5354 ) ;
#7630 =( NAMED_UNIT ( * ) PLANE_ANGLE_UNIT ( ) SI_UNIT ( $, .RADIAN. ) );
#7631 = AXIS2_PLACEMENT_3D ( 'NONE', #6967, #7841, #2748 ) ;
#7632 = DIRECTION ( 'NONE',  ( 0.0000000000000000000, 0.0000000000000000000, 1.000000000000000000 ) ) ;
#7633 = CARTESIAN_POINT ( 'NONE',  ( -0.9999999999999997800, 1.000000000000000000, 0.9300000000000000500 ) ) ;
#7634 = CARTESIAN_POINT ( 'NONE',  ( -0.8749999999999998900, -0.8749999999999998900, -0.02000000000000000000 ) ) ;
#7635 = ORIENTED_EDGE ( 'NONE', *, *, #5664, .F. ) ;
#7636 = CARTESIAN_POINT ( 'NONE',  ( 0.5229073306253952900, 0.8689349962017674000, 0.9400000000000000600 ) ) ;
#7637 = EDGE_LOOP ( 'NONE', ( #5420, #9361, #3342, #3443 ) ) ;
#7638 = LINE ( 'NONE', #7234, #3356 ) ;
#7639 = FACE_BOUND ( 'NONE', #10375, .T. ) ;
#7640 = CARTESIAN_POINT ( 'NONE',  ( 0.09499226788739424700, 0.6438406154277834800, 0.9400000000000000600 ) ) ;
#7641 = CARTESIAN_POINT ( 'NONE',  ( 0.1672961807064048700, 0.6417747683330283800, 0.9300000000000000500 ) ) ;
#7642 = CARTESIAN_POINT ( 'NONE',  ( 0.02613141167001858900, 0.7133900960998563700, 0.9400000000000000600 ) ) ;
#7643 = CARTESIAN_POINT ( 'NONE',  ( 0.6505085180056106000, 0.6899368229848047400, 0.9400000000000000600 ) ) ;
#7644 = CARTESIAN_POINT ( 'NONE',  ( 0.4503920264270551700, 0.8210040884079528000, 0.9300000000000000500 ) ) ;
#7645 = ORIENTED_EDGE ( 'NONE', *, *, #4502, .F. ) ;
#7646 = ORIENTED_EDGE ( 'NONE', *, *, #9248, .F. ) ;
#7647 = LINE ( 'NONE', #1814, #5090 ) ;
#7648 = LINE ( 'NONE', #2931, #3104 ) ;
#7649 = CARTESIAN_POINT ( 'NONE',  ( -0.004167394486273090900, 0.5749797460765683200, 0.9400000000000000600 ) ) ;
#7650 = SURFACE_SIDE_STYLE ('',( #6309 ) ) ;
#7651 = B_SPLINE_CURVE_WITH_KNOTS ( 'NONE', 3,
 ( #301, #5249, #9370, #4324 ),
 .UNSPECIFIED., .F., .F.,
 ( 4, 4 ),
 ( 8.000000000000000000, 9.000000000000000000 ),
 .UNSPECIFIED. ) ;
#7652 = DIRECTION ( 'NONE',  ( 0.0000000000000000000, 0.0000000000000000000, 1.000000000000000000 ) ) ;
#7653 = CARTESIAN_POINT ( 'NONE',  ( 0.5025069855725459200, 0.6314591348604966500, 0.9300000000000000500 ) ) ;
#7654 = CARTESIAN_POINT ( 'NONE',  ( 0.02613141167001858900, 0.7133900960998563700, 0.9300000000000000500 ) ) ;
#7655 = CARTESIAN_POINT ( 'NONE',  ( 0.5921793760833068400, 0.8712622200305797400, 0.9300000000000000500 ) ) ;
#7656 = ORIENTED_EDGE ( 'NONE', *, *, #8235, .F. ) ;
#7657 = DIRECTION ( 'NONE',  ( -0.0000000000000000000, 1.000000000000000000, -0.0000000000000000000 ) ) ;
#7658 = VECTOR ( 'NONE', #5256, 1000.000000000000000 ) ;
#7659 = LINE ( 'NONE', #9999, #5381 ) ;
#7660 = B_SPLINE_SURFACE_WITH_KNOTS ( 'NONE', 3, 1, ( 
 ( #4835, #8799 ),
 ( #4944, #4929 ),
 ( #97, #2257 ),
 ( #59, #49 ) ),
 .UNSPECIFIED., .F., .F., .F.,
 ( 4, 4 ),
 ( 2, 2 ),
 ( 3.000000000000000000, 4.000000000000000000 ),
 ( 0.0000000000000000000, 1.000000000000000000 ),
 .UNSPECIFIED. ) ;
#7661 =( GEOMETRIC_REPRESENTATION_CONTEXT ( 3 ) GLOBAL_UNCERTAINTY_ASSIGNED_CONTEXT ( ( #9930 ) ) GLOBAL_UNIT_ASSIGNED_CONTEXT ( ( #9434, #9457, #8811 ) ) REPRESENTATION_CONTEXT ( 'NONE', 'WORKASPACE' ) );
#7662 = CARTESIAN_POINT ( 'NONE',  ( 0.3953556586454127200, 0.6207638083283396600, 0.9400000000000000600 ) ) ;
#7663 = EDGE_LOOP ( 'NONE', ( #4875, #10356, #3906, #3554 ) ) ;
#7664 = ORIENTED_EDGE ( 'NONE', *, *, #2846, .T. ) ;
#7665 = CARTESIAN_POINT ( 'NONE',  ( 0.5559093451341604600, 0.6487895250751982700, 0.9300000000000000500 ) ) ;
#7666 = LINE ( 'NONE', #2736, #3389 ) ;
#7667 = DIRECTION ( 'NONE',  ( -0.0000000000000000000, -0.0000000000000000000, -1.000000000000000000 ) ) ;
#7668 = EDGE_CURVE ( 'NONE', #171, #8201, #10235, .T. ) ;
#7669 =( GEOMETRIC_REPRESENTATION_CONTEXT ( 3 ) GLOBAL_UNCERTAINTY_ASSIGNED_CONTEXT ( ( #2652 ) ) GLOBAL_UNIT_ASSIGNED_CONTEXT ( ( #4843, #4830, #6418 ) ) REPRESENTATION_CONTEXT ( 'NONE', 'WORKASPACE' ) );
#7670 = DIRECTION ( 'NONE',  ( 1.000000000000000000, 0.0000000000000000000, 0.0000000000000000000 ) ) ;
#7671 = ADVANCED_FACE ( 'NONE', ( #417 ), #602, .T. ) ;
#7672 = DIRECTION ( 'NONE',  ( -0.0000000000000000000, -0.0000000000000000000, -1.000000000000000000 ) ) ;
#7673 = EDGE_CURVE ( 'NONE', #383, #210, #9720, .T. ) ;
#7674 = ORIENTED_EDGE ( 'NONE', *, *, #3775, .T. ) ;
#7675 = CARTESIAN_POINT ( 'NONE',  ( 0.8320072189533398400, 0.6207638083283396600, 0.9300000000000000500 ) ) ;
#7676 = ORIENTED_EDGE ( 'NONE', *, *, #7172, .F. ) ;
#7677 = CARTESIAN_POINT ( 'NONE',  ( 0.6760832224229544900, 0.6754783260056996800, 0.9300000000000000500 ) ) ;
#7678 = CARTESIAN_POINT ( 'NONE',  ( -0.003478770031579850700, 0.7133900960998563700, 0.9400000000000000600 ) ) ;
#7679 = CARTESIAN_POINT ( 'NONE',  ( 0.5737348893547593600, 0.6510177181028996600, 0.9300000000000000500 ) ) ;
#7680 = COLOUR_RGB ( '',0.6666666666666666300, 0.6666666666666666300, 0.6666666666666666300 ) ;
#7681 = EDGE_CURVE ( 'NONE', #1777, #809, #4816, .T. ) ;
#7682 = CARTESIAN_POINT ( 'NONE',  ( 0.1886430396978598700, 0.6631216273244853200, 0.9400000000000000600 ) ) ;
#7683 = CARTESIAN_POINT ( 'NONE',  ( 0.6191157540169252000, 0.6103160587989605600, 0.9400000000000000600 ) ) ;
#7684 = CARTESIAN_POINT ( 'NONE',  ( 0.4979020533154743800, 0.7839170533486318200, 0.9300000000000000500 ) ) ;
#7685 = CARTESIAN_POINT ( 'NONE',  ( 0.7884831818150220800, 0.7133576074745935400, 0.9300000000000000500 ) ) ;
#7686 = ADVANCED_FACE ( 'NONE', ( #944 ), #9217, .F. ) ;
#7687 = EDGE_LOOP ( 'NONE', ( #6957, #4610, #3268, #1990 ) ) ;
#7688 = AXIS2_PLACEMENT_3D ( 'NONE', #4889, #6885, #6194 ) ;
#7689 = CARTESIAN_POINT ( 'NONE',  ( 0.03990357240602773100, 0.6700077142594130800, 0.9300000000000000500 ) ) ;
#7690 = VECTOR ( 'NONE', #4550, 1000.000000000000000 ) ;
#7691 = DIRECTION ( 'NONE',  ( -0.0000000000000000000, -0.0000000000000000000, -1.000000000000000000 ) ) ;
#7692 = CARTESIAN_POINT ( 'NONE',  ( 0.6031717950194684900, 0.6017994098932834000, 0.9300000000000000500 ) ) ;
#7693 = DIRECTION ( 'NONE',  ( 0.0000000000000000000, 0.0000000000000000000, -1.000000000000000000 ) ) ;
#7694 = CARTESIAN_POINT ( 'NONE',  ( 0.4979020533154743800, 0.7839170533486318200, 0.9300000000000000500 ) ) ;
#7695 = DIRECTION ( 'NONE',  ( -0.0000000000000000000, -0.0000000000000000000, -1.000000000000000000 ) ) ;
#7696 = DIRECTION ( 'NONE',  ( -0.0000000000000000000, -0.0000000000000000000, 1.000000000000000000 ) ) ;
#7697 = ORIENTED_EDGE ( 'NONE', *, *, #8977, .T. ) ;
#7698 = EDGE_LOOP ( 'NONE', ( #10458, #412, #6983, #3521 ) ) ;
#7699 = ORIENTED_EDGE ( 'NONE', *, *, #906, .T. ) ;
#7700 = VECTOR ( 'NONE', #1191, 1000.000000000000000 ) ;
#7701 = CARTESIAN_POINT ( 'NONE',  ( 0.7893249436251499300, 0.6419068843898757500, 0.9300000000000000500 ) ) ;
#7702 = LINE ( 'NONE', #7136, #1000 ) ;
#7703 =( NAMED_UNIT ( * ) SI_UNIT ( $, .STERADIAN. ) SOLID_ANGLE_UNIT ( ) );
#7704 = CARTESIAN_POINT ( 'NONE',  ( 0.5025069855725459200, 0.6647334840729866000, 0.9400000000000000600 ) ) ;
#7705 = DIRECTION ( 'NONE',  ( 1.000000000000000000, 0.0000000000000000000, 0.0000000000000000000 ) ) ;
#7706 = ORIENTED_EDGE ( 'NONE', *, *, #2335, .F. ) ;
#7707 = ORIENTED_EDGE ( 'NONE', *, *, #1544, .F. ) ;
#7708 =( NAMED_UNIT ( * ) PLANE_ANGLE_UNIT ( ) SI_UNIT ( $, .RADIAN. ) );
#7709 = ORIENTED_EDGE ( 'NONE', *, *, #5324, .F. ) ;
#7710 = PLANE ( 'NONE',  #6697 ) ;
#7711 =( GEOMETRIC_REPRESENTATION_CONTEXT ( 3 ) GLOBAL_UNCERTAINTY_ASSIGNED_CONTEXT ( ( #1665 ) ) GLOBAL_UNIT_ASSIGNED_CONTEXT ( ( #9784, #5633, #4715 ) ) REPRESENTATION_CONTEXT ( 'NONE', 'WORKASPACE' ) );
#7712 = ORIENTED_EDGE ( 'NONE', *, *, #569, .F. ) ;
#7713 = VECTOR ( 'NONE', #6374, 1000.000000000000000 ) ;
#7714 = COLOUR_RGB ( '',0.6666666666666666300, 0.6666666666666666300, 0.6666666666666666300 ) ;
#7715 = CARTESIAN_POINT ( 'NONE',  ( 0.4884941271991148900, 0.6816677510825681600, 0.9400000000000000600 ) ) ;
#7716 = CARTESIAN_POINT ( 'NONE',  ( -0.8749999999999998900, -0.6250000000000000000, 0.0000000000000000000 ) ) ;
#7717 = ORIENTED_EDGE ( 'NONE', *, *, #10630, .F. ) ;
#7718 = CARTESIAN_POINT ( 'NONE',  ( 0.7337934218372772500, 0.8712622200305831800, 0.9300000000000000500 ) ) ;
#7719 = ORIENTED_EDGE ( 'NONE', *, *, #7281, .T. ) ;
#7720 = ADVANCED_FACE ( 'NONE', ( #6009 ), #8434, .F. ) ;
#7721 = VERTEX_POINT ( 'NONE', #9257 ) ;
#7723 = ORIENTED_EDGE ( 'NONE', *, *, #8845, .T. ) ;
#7722 = CARTESIAN_POINT ( 'NONE',  ( -0.03928643391532113400, 0.6218051319819646300, 0.9400000000000000600 ) ) ;
#7724 = CARTESIAN_POINT ( 'NONE',  ( 0.5000807309426171800, 0.8616067169107740600, 0.9400000000000000600 ) ) ;
#7725 = LINE ( 'NONE', #7123, #1284 ) ;
#7726 = B_SPLINE_CURVE_WITH_KNOTS ( 'NONE', 3,
 ( #5580, #9065, #867, #6706 ),
 .UNSPECIFIED., .F., .F.,
 ( 4, 4 ),
 ( 3.000000000000000000, 4.000000000000000000 ),
 .UNSPECIFIED. ) ;
#7727 = CARTESIAN_POINT ( 'NONE',  ( 0.5025069855725459200, 0.6207638083283396600, 0.9300000000000000500 ) ) ;
#7728 = VECTOR ( 'NONE', #10142, 1000.000000000000000 ) ;
#7729 = CARTESIAN_POINT ( 'NONE',  ( 0.1177163495195692300, 0.8559320615082910400, 0.9400000000000000600 ) ) ;
#7730 = CARTESIAN_POINT ( 'NONE',  ( 0.5498437085590167600, 0.6191298001079786900, 0.9300000000000000500 ) ) ;
#7731 = PRESENTATION_LAYER_ASSIGNMENT (  '', '', ( #4834 ) ) ;
#7732 = CARTESIAN_POINT ( 'NONE',  ( 0.5436542834821478400, 0.6723588557673174600, 0.9300000000000000500 ) ) ;
#7733 = VERTEX_POINT ( 'NONE', #9292 ) ;
#7734 = CARTESIAN_POINT ( 'NONE',  ( 0.6677646351194723700, 0.8510104211797279200, 0.9400000000000000600 ) ) ;
#7735 = VERTEX_POINT ( 'NONE', #4211 ) ;
#7736 = B_SPLINE_SURFACE_WITH_KNOTS ( 'NONE', 3, 1, ( 
 ( #3209, #4320 ),
 ( #4446, #4404 ),
 ( #4661, #7357 ),
 ( #6962, #7318 ) ),
 .UNSPECIFIED., .F., .F., .F.,
 ( 4, 4 ),
 ( 2, 2 ),
 ( 6.000000000000000000, 7.000000000000000000 ),
 ( 0.0000000000000000000, 1.000000000000000000 ),
 .UNSPECIFIED. ) ;
#7737 = DIRECTION ( 'NONE',  ( 1.000000000000000000, 2.126937491058482100E-014, -0.0000000000000000000 ) ) ;
#7738 = LINE ( 'NONE', #10413, #753 ) ;
#7739 = FACE_OUTER_BOUND ( 'NONE', #2323, .T. ) ;
#7740 = COLOUR_RGB ( '',0.6666666666666666300, 0.6666666666666666300, 0.6666666666666666300 ) ;
#7741 = COLOUR_RGB ( '',0.6666666666666666300, 0.6666666666666666300, 0.6666666666666666300 ) ;
#7742 = EDGE_CURVE ( 'NONE', #5280, #3805, #3130, .T. ) ;
#7743 = EDGE_CURVE ( 'NONE', #1255, #7733, #661, .T. ) ;
#7744 = EDGE_LOOP ( 'NONE', ( #3534, #10766, #7383, #6140 ) ) ;
#7745 = CARTESIAN_POINT ( 'NONE',  ( 0.8777842068209502600, 0.6581974511915668100, 0.9400000000000000600 ) ) ;
#7746 = EDGE_CURVE ( 'NONE', #1301, #4874, #1082, .T. ) ;
#7747 = DIRECTION ( 'NONE',  ( 0.0000000000000000000, 1.000000000000000000, 0.0000000000000000000 ) ) ;
#7748 = ADVANCED_FACE ( 'NONE', ( #803 ), #9330, .F. ) ;
#7749 = ORIENTED_EDGE ( 'NONE', *, *, #5433, .T. ) ;
#7750 = DIRECTION ( 'NONE',  ( 1.000000000000000000, 0.0000000000000000000, 0.0000000000000000000 ) ) ;
#7751 = VECTOR ( 'NONE', #1181, 1000.000000000000000 ) ;
#7752 = LINE ( 'NONE', #5275, #5729 ) ;
#7753 = FACE_OUTER_BOUND ( 'NONE', #6495, .T. ) ;
#7754 = CARTESIAN_POINT ( 'NONE',  ( 0.7464693643943523000, 0.6318057426650612900, 0.9400000000000000600 ) ) ;
#7755 = EDGE_CURVE ( 'NONE', #3178, #1277, #2215, .T. ) ;
#7756 = CARTESIAN_POINT ( 'NONE',  ( 0.6172341687937833400, 0.6322513812700694100, 0.9300000000000000500 ) ) ;
#7757 = CARTESIAN_POINT ( 'NONE',  ( 0.5889856327437597000, 0.5990265474587975800, 0.9400000000000000600 ) ) ;
#7758 = DIRECTION ( 'NONE',  ( -1.000000000000000000, 0.0000000000000000000, 0.0000000000000000000 ) ) ;
#7759 = CARTESIAN_POINT ( 'NONE',  ( 0.06538211245380874700, 0.7044381883378546500, 0.9300000000000000500 ) ) ;
#7760 = ORIENTED_EDGE ( 'NONE', *, *, #7953, .F. ) ;
#7761 = EDGE_CURVE ( 'NONE', #9527, #1027, #4427, .T. ) ;
#7762 =( GEOMETRIC_REPRESENTATION_CONTEXT ( 3 ) GLOBAL_UNCERTAINTY_ASSIGNED_CONTEXT ( ( #10620 ) ) GLOBAL_UNIT_ASSIGNED_CONTEXT ( ( #6267, #3250, #9244 ) ) REPRESENTATION_CONTEXT ( 'NONE', 'WORKASPACE' ) );
#7763 = CARTESIAN_POINT ( 'NONE',  ( 0.6050533802426096800, 0.5881826747243045200, 0.9400000000000000600 ) ) ;
#7764 = AXIS2_PLACEMENT_3D ( 'NONE', #4056, #9869, #2392 ) ;
#7765 = CARTESIAN_POINT ( 'NONE',  ( 0.7611011652754009500, 0.7064749667899301600, 0.9400000000000000600 ) ) ;
#7766 = VERTEX_POINT ( 'NONE', #180 ) ;
#7767 = VECTOR ( 'NONE', #6751, 1000.000000000000000 ) ;
#7768 = CARTESIAN_POINT ( 'NONE',  ( 0.4745802996267991000, 0.6490371020779830400, 0.9400000000000000600 ) ) ;
#7769 = SURFACE_SIDE_STYLE ('',( #351 ) ) ;
#7770 = DIRECTION ( 'NONE',  ( -1.000000000000000000, 1.047444401652940200E-014, 0.0000000000000000000 ) ) ;
#7771 = CARTESIAN_POINT ( 'NONE',  ( 0.5025069855725459200, 0.6647334840729866000, 0.9300000000000000500 ) ) ;
#7772 = VERTEX_POINT ( 'NONE', #6861 ) ;
#7773 = DIRECTION ( 'NONE',  ( -3.491481338843133400E-015, -1.000000000000000000, 0.0000000000000000000 ) ) ;
#7774 = CARTESIAN_POINT ( 'NONE',  ( 0.5580880227609703600, 0.6915213158045996300, 0.9400000000000000600 ) ) ;
#7775 = EDGE_LOOP ( 'NONE', ( #6785, #1353, #10422, #2411 ) ) ;
#7776 = LINE ( 'NONE', #4352, #7218 ) ;
#7777 = VECTOR ( 'NONE', #2602, 1000.000000000000000 ) ;
#7778 = DIRECTION ( 'NONE',  ( 1.047444401652940200E-014, 1.000000000000000000, 0.0000000000000000000 ) ) ;
#7779 = CARTESIAN_POINT ( 'NONE',  ( 0.6783856885514542000, 0.8237274354418796500, 0.9300000000000000500 ) ) ;
#7780 = DIRECTION ( 'NONE',  ( 1.000000000000000000, -0.0000000000000000000, -0.0000000000000000000 ) ) ;
#7781 = ORIENTED_EDGE ( 'NONE', *, *, #611, .F. ) ;
#7782 = ADVANCED_FACE ( 'NONE', ( #8688 ), #1840, .F. ) ;
#7783 = DIRECTION ( 'NONE',  ( -0.0000000000000000000, -0.0000000000000000000, -1.000000000000000000 ) ) ;
#7784 = ORIENTED_EDGE ( 'NONE', *, *, #6277, .T. ) ;
#7785 = LINE ( 'NONE', #6013, #7510 ) ;
#7786 = CARTESIAN_POINT ( 'NONE',  ( 0.7982129580350048000, 0.6343310280960995400, 0.9300000000000000500 ) ) ;
#7787 = DIRECTION ( 'NONE',  ( 1.000000000000000000, 0.0000000000000000000, 0.0000000000000000000 ) ) ;
#7788 = CARTESIAN_POINT ( 'NONE',  ( 0.4999569424408943900, 0.8728962282509370500, 0.9400000000000000600 ) ) ;
#7789 = ORIENTED_EDGE ( 'NONE', *, *, #7951, .F. ) ;
#7790 = VERTEX_POINT ( 'NONE', #4585 ) ;
#7791 = CARTESIAN_POINT ( 'NONE',  ( 0.4635136075897990400, 0.8217468194176258400, 0.9300000000000000500 ) ) ;
#7792 = EDGE_LOOP ( 'NONE', ( #8339, #8755, #8902, #1818 ) ) ;
#7793 = VECTOR ( 'NONE', #6189, 1000.000000000000000 ) ;
#7794 = LINE ( 'NONE', #1883, #3515 ) ;
#7795 = CARTESIAN_POINT ( 'NONE',  ( 0.5025069855725459200, 0.6431447694051185500, 0.9400000000000000600 ) ) ;
#7796 = DIRECTION ( 'NONE',  ( -0.0000000000000000000, -0.0000000000000000000, -1.000000000000000000 ) ) ;
#7797 = CARTESIAN_POINT ( 'NONE',  ( 0.5311516448273563300, 0.6670111925005779400, 0.9400000000000000600 ) ) ;
#7798 = DIRECTION ( 'NONE',  ( 0.0000000000000000000, -1.000000000000000000, 0.0000000000000000000 ) ) ;
#7799 = CARTESIAN_POINT ( 'NONE',  ( 0.6392437643663834200, 0.7854520307678748400, 0.9300000000000000500 ) ) ;
#7800 = VERTEX_POINT ( 'NONE', #10486 ) ;
#7801 = CARTESIAN_POINT ( 'NONE',  ( 0.8749999999999958900, -0.3750000000000091000, -0.02000000000000000000 ) ) ;
#7802 = ORIENTED_EDGE ( 'NONE', *, *, #774, .F. ) ;
#7803 = CARTESIAN_POINT ( 'NONE',  ( 0.5025069855725459200, 0.6207638083283396600, 0.9300000000000000500 ) ) ;
#7804 = ORIENTED_EDGE ( 'NONE', *, *, #5596, .T. ) ;
#7805 = LINE ( 'NONE', #7072, #3761 ) ;
#7806 = VECTOR ( 'NONE', #3326, 1000.000000000000000 ) ;
#7807 = ADVANCED_FACE ( 'NONE', ( #10617 ), #7937, .F. ) ;
#7808 = B_SPLINE_CURVE_WITH_KNOTS ( 'NONE', 3,
 ( #1593, #5753, #10804, #796 ),
 .UNSPECIFIED., .F., .F.,
 ( 4, 4 ),
 ( 3.000000000000000000, 4.000000000000000000 ),
 .UNSPECIFIED. ) ;
#7809 = CARTESIAN_POINT ( 'NONE',  ( 0.05849601238471229000, 0.8876080615742205600, 0.9400000000000000600 ) ) ;
#7810 = DIRECTION ( 'NONE',  ( -1.000000000000000000, 0.0000000000000000000, -0.0000000000000000000 ) ) ;
#7811 = DIRECTION ( 'NONE',  ( 0.0000000000000000000, 0.0000000000000000000, 1.000000000000000000 ) ) ;
#7812 = EDGE_CURVE ( 'NONE', #3578, #9899, #6149, .T. ) ;
#7813 = EDGE_CURVE ( 'NONE', #7137, #7445, #4148, .T. ) ;
#7814 = EDGE_LOOP ( 'NONE', ( #2145, #7044, #1910, #8401 ) ) ;
#7815 = EDGE_CURVE ( 'NONE', #8087, #4726, #14, .T. ) ;
#7816 = CARTESIAN_POINT ( 'NONE',  ( 0.6748453374070222400, 0.8449200269046338600, 0.9400000000000000600 ) ) ;
#7817 = SURFACE_STYLE_FILL_AREA ( #471 ) ;
#7818 = DIRECTION ( 'NONE',  ( 0.0000000000000000000, 0.0000000000000000000, -1.000000000000000000 ) ) ;
#7819 = CARTESIAN_POINT ( 'NONE',  ( -0.1068949054074922100, 0.3834854731493751400, -0.001000000000000000000 ) ) ;
#7820 = AXIS2_PLACEMENT_3D ( 'NONE', #6992, #8697, #4486 ) ;
#7821 = CARTESIAN_POINT ( 'NONE',  ( 0.7996736623527519500, 0.6579993895893311300, 0.9300000000000000500 ) ) ;
#7822 = ORIENTED_EDGE ( 'NONE', *, *, #5495, .T. ) ;
#7823 = CARTESIAN_POINT ( 'NONE',  ( 0.1672961807064031200, 0.8559320615082910400, 0.9300000000000000500 ) ) ;
#7824 = ADVANCED_FACE ( 'NONE', ( #8424, #1707, #8169, #5877, #3628, #1458, #10112, #7915, #5632, #3357, #1208, #9840, #7639, #5365, #3096 ), #1236, .F. ) ;
#7825 = ORIENTED_EDGE ( 'NONE', *, *, #1336, .F. ) ;
#7826 = EDGE_CURVE ( 'NONE', #2036, #5270, #8807, .T. ) ;
#7827 = MECHANICAL_DESIGN_GEOMETRIC_PRESENTATION_REPRESENTATION (  '', ( #6072 ), #8372 ) ;
#7828 = ORIENTED_EDGE ( 'NONE', *, *, #4154, .T. ) ;
#7829 = CARTESIAN_POINT ( 'NONE',  ( 0.4863154495719740300, 0.6532954265311441400, 0.9300000000000000500 ) ) ;
#7830 = EDGE_CURVE ( 'NONE', #10204, #2729, #152, .T. ) ;
#7831 = CARTESIAN_POINT ( 'NONE',  ( 0.7982129580350048000, 0.7047914431690173200, 0.9300000000000000500 ) ) ;
#7832 = B_SPLINE_SURFACE_WITH_KNOTS ( 'NONE', 3, 1, ( 
 ( #1543, #9728 ),
 ( #8927, #1075 ),
 ( #9493, #8072 ),
 ( #8492, #8473 ) ),
 .UNSPECIFIED., .F., .F., .F.,
 ( 4, 4 ),
 ( 2, 2 ),
 ( 19.00000000000000000, 20.00000000000000000 ),
 ( 0.0000000000000000000, 1.000000000000000000 ),
 .UNSPECIFIED. ) ;
#7833 = CARTESIAN_POINT ( 'NONE',  ( 0.5519976284855505600, 0.6623567448429533700, 0.9300000000000000500 ) ) ;
#7834 = ORIENTED_EDGE ( 'NONE', *, *, #5992, .T. ) ;
#7835 = ORIENTED_EDGE ( 'NONE', *, *, #9546, .T. ) ;
#7836 = EDGE_CURVE ( 'NONE', #5363, #10228, #6529, .T. ) ;
#7837 = CARTESIAN_POINT ( 'NONE',  ( 0.03439470811148989000, 0.8703928434151132500, 0.9400000000000000600 ) ) ;
#7838 = ORIENTED_EDGE ( 'NONE', *, *, #6342, .F. ) ;
#7839 = COLOUR_RGB ( '',0.6666666666666666300, 0.6666666666666666300, 0.6666666666666666300 ) ;
#7840 = CARTESIAN_POINT ( 'NONE',  ( 0.1250000000000001100, -0.8749999999999998900, -0.02000000000000000000 ) ) ;
#7841 = DIRECTION ( 'NONE',  ( 0.0000000000000000000, 0.0000000000000000000, -1.000000000000000000 ) ) ;
#7842 = ADVANCED_FACE ( 'NONE', ( #10738 ), #361, .F. ) ;
#7843 = DIRECTION ( 'NONE',  ( 0.3315284183505329300, 0.9434452330824476500, -0.0000000000000000000 ) ) ;
#7844 = UNCERTAINTY_MEASURE_WITH_UNIT (LENGTH_MEASURE( 1.000000000000000100E-005 ), #10370, 'distance_accuracy_value', 'NONE');
#7845 = FACE_OUTER_BOUND ( 'NONE', #8954, .T. ) ;
#7846 = CARTESIAN_POINT ( 'NONE',  ( 0.7982129580350048000, 0.7047914431690173200, 0.9400000000000000600 ) ) ;
#7847 = AXIS2_PLACEMENT_3D ( 'NONE', #7429, #7400, #7253 ) ;
#7848 = ORIENTED_EDGE ( 'NONE', *, *, #849, .T. ) ;
#7849 = FILL_AREA_STYLE_COLOUR ( '', #4379 ) ;
#7850 = ORIENTED_EDGE ( 'NONE', *, *, #2280, .F. ) ;
#7851 = LINE ( 'NONE', #8282, #3282 ) ;
#7852 =( NAMED_UNIT ( * ) SI_UNIT ( $, .STERADIAN. ) SOLID_ANGLE_UNIT ( ) );
#7853 = COLOUR_RGB ( '',0.6666666666666666300, 0.6666666666666666300, 0.6666666666666666300 ) ;
#7854 = FACE_OUTER_BOUND ( 'NONE', #1398, .T. ) ;
#7855 = AXIS2_PLACEMENT_3D ( 'NONE', #2382, #8310, #3208 ) ;
#7856 = ORIENTED_EDGE ( 'NONE', *, *, #9485, .T. ) ;
#7857 = VERTEX_POINT ( 'NONE', #2837 ) ;
#7858 = DIRECTION ( 'NONE',  ( 1.000000000000000000, 0.0000000000000000000, 0.0000000000000000000 ) ) ;
#7859 = VERTEX_POINT ( 'NONE', #8750 ) ;
#7860 = DIRECTION ( 'NONE',  ( -0.0000000000000000000, -0.0000000000000000000, -1.000000000000000000 ) ) ;
#7861 = LINE ( 'NONE', #7198, #3300 ) ;
#7862 = DIRECTION ( 'NONE',  ( -1.000000000000000000, 0.0000000000000000000, 0.0000000000000000000 ) ) ;
#7863 = ADVANCED_FACE ( 'NONE', ( #1830 ), #7053, .F. ) ;
#7864 = DIRECTION ( 'NONE',  ( -0.0000000000000000000, -0.0000000000000000000, -1.000000000000000000 ) ) ;
#7865 = LINE ( 'NONE', #6578, #5578 ) ;
#7866 = VECTOR ( 'NONE', #5447, 1000.000000000000000 ) ;
#7867 = CARTESIAN_POINT ( 'NONE',  ( -0.6249999999999978900, 0.6250000000000021100, -0.02000000000000000000 ) ) ;
#7868 = ORIENTED_EDGE ( 'NONE', *, *, #8724, .T. ) ;
#7869 = ORIENTED_EDGE ( 'NONE', *, *, #10042, .T. ) ;
#7870 = CARTESIAN_POINT ( 'NONE',  ( 0.4635136075897990400, 0.8101602156741244400, 0.9300000000000000500 ) ) ;
#7871 = EDGE_LOOP ( 'NONE', ( #871, #7554, #5528, #6713 ) ) ;
#7872 = ORIENTED_EDGE ( 'NONE', *, *, #2612, .F. ) ;
#7873 = DIRECTION ( 'NONE',  ( -0.0000000000000000000, -0.0000000000000000000, -1.000000000000000000 ) ) ;
#7874 = CARTESIAN_POINT ( 'NONE',  ( 0.04678967247544814400, 0.7133900960998563700, 0.9400000000000000600 ) ) ;
#7875 = LINE ( 'NONE', #5183, #1168 ) ;
#7876 = VECTOR ( 'NONE', #6191, 1000.000000000000000 ) ;
#7877 = CARTESIAN_POINT ( 'NONE',  ( -0.6249999999999998900, -0.6250000000000000000, -0.02000000000000000000 ) ) ;
#7878 = LINE ( 'NONE', #680, #1420 ) ;
#7879 = CARTESIAN_POINT ( 'NONE',  ( 0.2086127023169374000, 0.8180585833648904600, 0.9300000000000000500 ) ) ;
#7880 =( NAMED_UNIT ( * ) PLANE_ANGLE_UNIT ( ) SI_UNIT ( $, .RADIAN. ) );
#7881 = ORIENTED_EDGE ( 'NONE', *, *, #8909, .T. ) ;
#7882 = EDGE_CURVE ( 'NONE', #9123, #1878, #4277, .T. ) ;
#7883 =( NAMED_UNIT ( * ) PLANE_ANGLE_UNIT ( ) SI_UNIT ( $, .RADIAN. ) );
#7884 = VERTEX_POINT ( 'NONE', #4407 ) ;
#7885 = CARTESIAN_POINT ( 'NONE',  ( 0.7611011652754009500, 0.7064749667899301600, 0.9400000000000000600 ) ) ;
#7886 = B_SPLINE_CURVE_WITH_KNOTS ( 'NONE', 3,
 ( #10190, #10497, #5, #10148 ),
 .UNSPECIFIED., .F., .F.,
 ( 4, 4 ),
 ( 0.0000000000000000000, 1.000000000000000000 ),
 .UNSPECIFIED. ) ;
#7887 = LINE ( 'NONE', #2938, #1177 ) ;
#7888 =( NAMED_UNIT ( * ) SI_UNIT ( $, .STERADIAN. ) SOLID_ANGLE_UNIT ( ) );
#7889 = MECHANICAL_DESIGN_GEOMETRIC_PRESENTATION_REPRESENTATION (  '', ( #6139 ), #8426 ) ;
#7890 = FACE_OUTER_BOUND ( 'NONE', #2883, .T. ) ;
#7891 = LINE ( 'NONE', #10223, #9809 ) ;
#7892 = CARTESIAN_POINT ( 'NONE',  ( 0.6249999999999998900, 0.8750000000000000000, -0.02000000000000000000 ) ) ;
#7893 = ORIENTED_EDGE ( 'NONE', *, *, #10630, .T. ) ;
#7894 = ORIENTED_EDGE ( 'NONE', *, *, #894, .T. ) ;
#7895 = FACE_BOUND ( 'NONE', #5439, .T. ) ;
#7896 = SURFACE_STYLE_FILL_AREA ( #8298 ) ;
#7897 = EDGE_CURVE ( 'NONE', #1077, #925, #10482, .T. ) ;
#7898 = AXIS2_PLACEMENT_3D ( 'NONE', #1166, #3093, #3382 ) ;
#7899 = DIRECTION ( 'NONE',  ( 1.000000000000000000, 0.0000000000000000000, 0.0000000000000000000 ) ) ;
#7900 = EDGE_CURVE ( 'NONE', #5738, #7415, #7421, .T. ) ;
#7901 = CARTESIAN_POINT ( 'NONE',  ( 0.8750000000000001100, -0.8750000000000000000, -0.02000000000000000000 ) ) ;
#7902 = DIRECTION ( 'NONE',  ( 1.000000000000000000, 0.0000000000000000000, -0.0000000000000000000 ) ) ;
#7903 = VERTEX_POINT ( 'NONE', #2018 ) ;
#7904 = ORIENTED_EDGE ( 'NONE', *, *, #7444, .F. ) ;
#7905 = ORIENTED_EDGE ( 'NONE', *, *, #10171, .T. ) ;
#7906 = CARTESIAN_POINT ( 'NONE',  ( 0.4635136075897990400, 0.8101602156741244400, 0.9400000000000000600 ) ) ;
#7907 = COLOUR_RGB ( '',0.6666666666666666300, 0.6666666666666666300, 0.6666666666666666300 ) ;
#7908 = PLANE ( 'NONE',  #7820 ) ;
#7909 = SURFACE_STYLE_USAGE ( .BOTH. , #7921 ) ;
#7910 = CARTESIAN_POINT ( 'NONE',  ( 0.8684505538054236900, 0.7176159319277641800, 0.9300000000000000500 ) ) ;
#7911 = AXIS2_PLACEMENT_3D ( 'NONE', #6499, #8890, #1582 ) ;
#7912 = DIRECTION ( 'NONE',  ( 0.0000000000000000000, 0.0000000000000000000, 1.000000000000000000 ) ) ;
#7913 = FILL_AREA_STYLE_COLOUR ( '', #9114 ) ;
#7914 = ORIENTED_EDGE ( 'NONE', *, *, #5508, .T. ) ;
#7915 = FACE_OUTER_BOUND ( 'NONE', #3427, .T. ) ;
#7916 =( LENGTH_UNIT ( ) NAMED_UNIT ( * ) SI_UNIT ( .MILLI., .METRE. ) );
#7917 = DIRECTION ( 'NONE',  ( -0.0000000000000000000, -0.0000000000000000000, -1.000000000000000000 ) ) ;
#7918 = ADVANCED_FACE ( 'NONE', ( #8287 ), #689, .T. ) ;
#7919 =( GEOMETRIC_REPRESENTATION_CONTEXT ( 3 ) GLOBAL_UNCERTAINTY_ASSIGNED_CONTEXT ( ( #1229 ) ) GLOBAL_UNIT_ASSIGNED_CONTEXT ( ( #5536, #542, #6367 ) ) REPRESENTATION_CONTEXT ( 'NONE', 'WORKASPACE' ) );
#7920 = CARTESIAN_POINT ( 'NONE',  ( 0.4503920264270551700, 0.8064960760282931000, 0.9300000000000000500 ) ) ;
#7921 = SURFACE_SIDE_STYLE ('',( #6622 ) ) ;
#7922 = CARTESIAN_POINT ( 'NONE',  ( 0.4545265623781696900, 0.7948104414836739700, 0.9300000000000000500 ) ) ;
#7923 = VECTOR ( 'NONE', #1698, 1000.000000000000000 ) ;
#7924 = ORIENTED_EDGE ( 'NONE', *, *, #2468, .F. ) ;
#7925 = DIRECTION ( 'NONE',  ( -0.8840949502479010800, -0.4673073067545181500, 0.0000000000000000000 ) ) ;
#7926 = ORIENTED_EDGE ( 'NONE', *, *, #3362, .T. ) ;
#7927 = ADVANCED_FACE ( 'NONE', ( #1580 ), #5235, .F. ) ;
#7928 = DIRECTION ( 'NONE',  ( 2.574713804965531200E-014, -1.000000000000000000, -0.0000000000000000000 ) ) ;
#7929 = SURFACE_STYLE_FILL_AREA ( #3277 ) ;
#7930 = VECTOR ( 'NONE', #10077, 1000.000000000000000 ) ;
#7931 = CARTESIAN_POINT ( 'NONE',  ( 0.5083745605451294200, 0.8616067169107740600, 0.9400000000000000600 ) ) ;
#7932 = DIRECTION ( 'NONE',  ( -0.0000000000000000000, -0.0000000000000000000, -1.000000000000000000 ) ) ;
#7933 = CARTESIAN_POINT ( 'NONE',  ( 0.4666825932287401700, 0.8009503511599862500, 0.9300000000000000500 ) ) ;
#7934 = ORIENTED_EDGE ( 'NONE', *, *, #10326, .T. ) ;
#7935 = DIRECTION ( 'NONE',  ( 1.000000000000000000, 0.0000000000000000000, 0.0000000000000000000 ) ) ;
#7936 =( NAMED_UNIT ( * ) PLANE_ANGLE_UNIT ( ) SI_UNIT ( $, .RADIAN. ) );
#7937 = B_SPLINE_SURFACE_WITH_KNOTS ( 'NONE', 3, 1, ( 
 ( #9646, #6284 ),
 ( #5408, #425 ),
 ( #6248, #1275 ),
 ( #7125, #2091 ) ),
 .UNSPECIFIED., .F., .F., .F.,
 ( 4, 4 ),
 ( 2, 2 ),
 ( 0.0000000000000000000, 1.000000000000000000 ),
 ( 0.0000000000000000000, 1.000000000000000000 ),
 .UNSPECIFIED. ) ;
#7938 = DIRECTION ( 'NONE',  ( 0.0000000000000000000, 0.0000000000000000000, -1.000000000000000000 ) ) ;
#7939 = FACE_OUTER_BOUND ( 'NONE', #8727, .T. ) ;
#7940 = CARTESIAN_POINT ( 'NONE',  ( 0.04059217059205165500, 0.6162962151507489500, 0.9300000000000000500 ) ) ;
#7941 = CARTESIAN_POINT ( 'NONE',  ( -0.7060703158792578400, 0.7972593383840376200, 0.9100000000000000300 ) ) ;
#7942 = CARTESIAN_POINT ( 'NONE',  ( 0.4078582973002071200, 0.7854520307678748400, 0.9400000000000000600 ) ) ;
#7943 = CARTESIAN_POINT ( 'NONE',  ( 0.8631524059392393600, 0.6984534718904845700, 0.9300000000000000500 ) ) ;
#7944 = AXIS2_PLACEMENT_3D ( 'NONE', #7801, #7778, #7770 ) ;
#7945 = ADVANCED_FACE ( 'NONE', ( #8032 ), #217, .F. ) ;
#7946 = ORIENTED_EDGE ( 'NONE', *, *, #2398, .T. ) ;
#7947 = B_SPLINE_CURVE_WITH_KNOTS ( 'NONE', 3,
 ( #5149, #5563, #4969, #5028 ),
 .UNSPECIFIED., .F., .F.,
 ( 4, 4 ),
 ( 11.00000000000000000, 12.00000000000000000 ),
 .UNSPECIFIED. ) ;
#7948 = DIRECTION ( 'NONE',  ( 1.000000000000000000, -3.491481338843133400E-015, 0.0000000000000000000 ) ) ;
#7949 = VERTEX_POINT ( 'NONE', #1064 ) ;
#7950 = CARTESIAN_POINT ( 'NONE',  ( 0.4960947411931701000, 0.7727760882107978000, 0.9300000000000000500 ) ) ;
#7951 = EDGE_CURVE ( 'NONE', #724, #5445, #2378, .T. ) ;
#7952 = EDGE_CURVE ( 'NONE', #6821, #6365, #6266, .T. ) ;
#7953 = EDGE_CURVE ( 'NONE', #8837, #10060, #5749, .T. ) ;
#7954 = FACE_OUTER_BOUND ( 'NONE', #9537, .T. ) ;
#7955 = ORIENTED_EDGE ( 'NONE', *, *, #5852, .F. ) ;
#7956 = EDGE_CURVE ( 'NONE', #6317, #44, #10242, .T. ) ;
#7958 = CARTESIAN_POINT ( 'NONE',  ( 0.7893249436251499300, 0.6419068843898757500, 0.9300000000000000500 ) ) ;
#7957 = FACE_OUTER_BOUND ( 'NONE', #8947, .T. ) ;
#7959 = DIRECTION ( 'NONE',  ( 2.126937491058482100E-014, -1.000000000000000000, -0.0000000000000000000 ) ) ;
#7960 = ADVANCED_FACE ( 'NONE', ( #3215 ), #3428, .T. ) ;
#7961 = FILL_AREA_STYLE ('',( #8533 ) ) ;
#7962 = ORIENTED_EDGE ( 'NONE', *, *, #2709, .F. ) ;
#7963 = EDGE_CURVE ( 'NONE', #7304, #10378, #3493, .T. ) ;
#7964 = EDGE_LOOP ( 'NONE', ( #4051, #490, #4564, #8805 ) ) ;
#7965 = PRESENTATION_LAYER_ASSIGNMENT (  '', '', ( #6220 ) ) ;
#7966 = CARTESIAN_POINT ( 'NONE',  ( 0.2278937404819794100, 0.6204279093409176300, 0.9300000000000000500 ) ) ;
#7967 = ORIENTED_EDGE ( 'NONE', *, *, #7761, .T. ) ;
#7968 = VECTOR ( 'NONE', #7696, 1000.000000000000000 ) ;
#7969 = CARTESIAN_POINT ( 'NONE',  ( 0.4730205645072783600, 0.7941172258752252600, 0.9400000000000000600 ) ) ;
#7970 = EDGE_CURVE ( 'NONE', #171, #4992, #9969, .T. ) ;
#7971 = LINE ( 'NONE', #5419, #5682 ) ;
#7972 = CARTESIAN_POINT ( 'NONE',  ( 0.6251813905923989700, 0.8601212548927491500, 0.9400000000000000600 ) ) ;
#7973 =( LENGTH_UNIT ( ) NAMED_UNIT ( * ) SI_UNIT ( .MILLI., .METRE. ) );
#7974 = VECTOR ( 'NONE', #2715, 1000.000000000000000 ) ;
#7975 = DIRECTION ( 'NONE',  ( -1.090812488552360300E-014, -1.000000000000000000, 0.0000000000000000000 ) ) ;
#7976 = ORIENTED_EDGE ( 'NONE', *, *, #3279, .F. ) ;
#7977 = CARTESIAN_POINT ( 'NONE',  ( 0.5568996531462886400, 0.6816677510825681600, 0.9300000000000000500 ) ) ;
#7978 = CARTESIAN_POINT ( 'NONE',  ( 0.5473431808279249900, 0.6790929502503110200, 0.9400000000000000600 ) ) ;
#7979 = ORIENTED_EDGE ( 'NONE', *, *, #6949, .T. ) ;
#7980 = ORIENTED_EDGE ( 'NONE', *, *, #3726, .F. ) ;
#7981 = SURFACE_STYLE_USAGE ( .BOTH. , #9176 ) ;
#7982 = ADVANCED_FACE ( 'NONE', ( #5222 ), #6848, .F. ) ;
#7983 = VECTOR ( 'NONE', #7068, 1000.000000000000100 ) ;
#7984 = MECHANICAL_DESIGN_GEOMETRIC_PRESENTATION_REPRESENTATION (  '', ( #6237 ), #8522 ) ;
#7985 = DIRECTION ( 'NONE',  ( 0.3559357243699010600, -0.9345104387417371200, 0.0000000000000000000 ) ) ;
#7986 = VECTOR ( 'NONE', #10732, 1000.000000000000000 ) ;
#7987 = ORIENTED_EDGE ( 'NONE', *, *, #7963, .F. ) ;
#7988 = ORIENTED_EDGE ( 'NONE', *, *, #10389, .F. ) ;
#7989 = ORIENTED_EDGE ( 'NONE', *, *, #8289, .T. ) ;
#7990 = ORIENTED_EDGE ( 'NONE', *, *, #852, .F. ) ;
#7991 = AXIS2_PLACEMENT_3D ( 'NONE', #3008, #8931, #3838 ) ;
#7992 = ADVANCED_FACE ( 'NONE', ( #2203 ), #8587, .F. ) ;
#7993 = EDGE_LOOP ( 'NONE', ( #6087, #3127, #6430, #4189 ) ) ;
#7994 = VERTEX_POINT ( 'NONE', #5218 ) ;
#7995 =( NAMED_UNIT ( * ) SI_UNIT ( $, .STERADIAN. ) SOLID_ANGLE_UNIT ( ) );
#7996 = DIRECTION ( 'NONE',  ( -1.000000000000000000, -0.0000000000000000000, -0.0000000000000000000 ) ) ;
#7997 = CARTESIAN_POINT ( 'NONE',  ( -0.3749999999999998900, -0.8749999999999998900, 0.0000000000000000000 ) ) ;
#7998 = ORIENTED_EDGE ( 'NONE', *, *, #3612, .T. ) ;
#7999 = FILL_AREA_STYLE ('',( #6250 ) ) ;
#8000 = LINE ( 'NONE', #9803, #5450 ) ;
#8001 = COLOUR_RGB ( '',0.6666666666666666300, 0.6666666666666666300, 0.6666666666666666300 ) ;
#8002 = CARTESIAN_POINT ( 'NONE',  ( 0.03990357240602773100, 0.6700077142594130800, 0.9400000000000000600 ) ) ;
#8003 = LINE ( 'NONE', #1312, #1297 ) ;
#8004 = LINE ( 'NONE', #9703, #3714 ) ;
#8005 = CARTESIAN_POINT ( 'NONE',  ( 0.7982129580350048000, 0.6343310280960995400, 0.9300000000000000500 ) ) ;
#8006 = CARTESIAN_POINT ( 'NONE',  ( 0.4863154495719740300, 0.6532954265311441400, 0.9300000000000000500 ) ) ;
#8007 = AXIS2_PLACEMENT_3D ( 'NONE', #4181, #4459, #229 ) ;
#8008 = VERTEX_POINT ( 'NONE', #9432 ) ;
#8009 = CARTESIAN_POINT ( 'NONE',  ( 0.5473431808279249900, 0.6790929502503110200, 0.9300000000000000500 ) ) ;
#8010 = CARTESIAN_POINT ( 'NONE',  ( 0.5000807309426171800, 0.8616067169107740600, 0.9300000000000000500 ) ) ;
#8011 = B_SPLINE_SURFACE_WITH_KNOTS ( 'NONE', 3, 1, ( 
 ( #8549, #235 ),
 ( #6930, #1900 ),
 ( #7809, #2722 ),
 ( #8633, #3546 ) ),
 .UNSPECIFIED., .F., .F., .F.,
 ( 4, 4 ),
 ( 2, 2 ),
 ( 2.000000000000000000, 3.000000000000000000 ),
 ( 0.0000000000000000000, 1.000000000000000000 ),
 .UNSPECIFIED. ) ;
#8012 = PLANE ( 'NONE',  #10207 ) ;
#8013 = ORIENTED_EDGE ( 'NONE', *, *, #5587, .T. ) ;
#8014 = CARTESIAN_POINT ( 'NONE',  ( 0.4938665481654721500, 0.6309639808542710800, 0.9300000000000000500 ) ) ;
#8015 = LINE ( 'NONE', #4592, #10218 ) ;
#8016 = VECTOR ( 'NONE', #5203, 1000.000000000000000 ) ;
#8017 = FACE_OUTER_BOUND ( 'NONE', #4168, .T. ) ;
#8018 = ADVANCED_FACE ( 'NONE', ( #8917 ), #8011, .F. ) ;
#8019 = B_SPLINE_CURVE_WITH_KNOTS ( 'NONE', 3,
 ( #784, #655, #541, #700 ),
 .UNSPECIFIED., .F., .F.,
 ( 4, 4 ),
 ( 5.000000000000000000, 6.000000000000000000 ),
 .UNSPECIFIED. ) ;
#8020 = ORIENTED_EDGE ( 'NONE', *, *, #3098, .T. ) ;
#8021 = CARTESIAN_POINT ( 'NONE',  ( 0.4730205645072783600, 0.7941172258752252600, 0.9400000000000000600 ) ) ;
#8022 = CARTESIAN_POINT ( 'NONE',  ( 0.0000000000000000000, 0.0000000000000000000, 0.9300000000000000500 ) ) ;
#8023 = AXIS2_PLACEMENT_3D ( 'NONE', #3123, #10503, #10521 ) ;
#8024 = VERTEX_POINT ( 'NONE', #4394 ) ;
#8025 = VERTEX_POINT ( 'NONE', #10308 ) ;
#8026 = LINE ( 'NONE', #8673, #10474 ) ;
#8027 = COLOUR_RGB ( '',0.6666666666666666300, 0.6666666666666666300, 0.6666666666666666300 ) ;
#8028 = ORIENTED_EDGE ( 'NONE', *, *, #9539, .F. ) ;
#8029 = EDGE_CURVE ( 'NONE', #4227, #4704, #4846, .T. ) ;
#8030 = STYLED_ITEM ( 'NONE', ( #379 ), #999 ) ;
#8031 = VERTEX_POINT ( 'NONE', #6100 ) ;
#8032 = FACE_OUTER_BOUND ( 'NONE', #7637, .T. ) ;
#8033 = DIRECTION ( 'NONE',  ( -0.0000000000000000000, -0.0000000000000000000, -1.000000000000000000 ) ) ;
#8034 = CARTESIAN_POINT ( 'NONE',  ( 0.5568996531462886400, 0.6816677510825681600, 0.9300000000000000500 ) ) ;
#8035 = EDGE_CURVE ( 'NONE', #8099, #2797, #4412, .T. ) ;
#8036 = CARTESIAN_POINT ( 'NONE',  ( 0.03439470811148989000, 0.8703928434151132500, 0.9400000000000000600 ) ) ;
#8037 = EDGE_CURVE ( 'NONE', #2036, #9365, #6664, .T. ) ;
#8038 = ORIENTED_EDGE ( 'NONE', *, *, #2829, .T. ) ;
#8039 = CARTESIAN_POINT ( 'NONE',  ( 0.5694270495013639100, 0.6905310077921418300, 0.9400000000000000600 ) ) ;
#8040 = LINE ( 'NONE', #2174, #9976 ) ;
#8041 = CARTESIAN_POINT ( 'NONE',  ( 0.5025069855725459200, 0.6314591348604966500, 0.9400000000000000600 ) ) ;
#8042 = STYLED_ITEM ( 'NONE', ( #2024 ), #6234 ) ;
#8043 = CARTESIAN_POINT ( 'NONE',  ( 0.5498437085590167600, 0.6191298001079786900, 0.9300000000000000500 ) ) ;
#8044 = CARTESIAN_POINT ( 'NONE',  ( 0.02268835506805512800, 0.8621295371230174300, 0.9300000000000000500 ) ) ;
#8045 = ADVANCED_FACE ( 'NONE', ( #4133 ), #10350, .F. ) ;
#8046 = VERTEX_POINT ( 'NONE', #4433 ) ;
#8047 = VERTEX_POINT ( 'NONE', #10382 ) ;
#8048 = CARTESIAN_POINT ( 'NONE',  ( 0.4503920264270551700, 0.8064960760282931000, 0.9300000000000000500 ) ) ;
#8049 = DIRECTION ( 'NONE',  ( -0.0000000000000000000, -0.0000000000000000000, -1.000000000000000000 ) ) ;
#8050 = LINE ( 'NONE', #4780, #10499 ) ;
#8051 = LINE ( 'NONE', #8300, #2464 ) ;
#8052 = CARTESIAN_POINT ( 'NONE',  ( 0.1886430396978598700, 0.6631216273244853200, 0.9300000000000000500 ) ) ;
#8053 = VERTEX_POINT ( 'NONE', #5336 ) ;
#8054 = CARTESIAN_POINT ( 'NONE',  ( -0.07922573945254762800, 0.6383317248649100800, 0.9400000000000000600 ) ) ;
#8055 = FACE_OUTER_BOUND ( 'NONE', #3283, .T. ) ;
#8056 = LINE ( 'NONE', #7591, #9995 ) ;
#8057 = SURFACE_STYLE_USAGE ( .BOTH. , #8097 ) ;
#8058 = VERTEX_POINT ( 'NONE', #345 ) ;
#8059 = EDGE_LOOP ( 'NONE', ( #7184, #1155, #7717, #3340 ) ) ;
#8060 = PRESENTATION_LAYER_ASSIGNMENT (  '', '', ( #6908 ) ) ;
#8061 = CARTESIAN_POINT ( 'NONE',  ( 0.5921793760833068400, 0.8712622200305797400, 0.9300000000000000500 ) ) ;
#8062 = ADVANCED_FACE ( 'NONE', ( #3344 ), #759, .F. ) ;
#8063 = ORIENTED_EDGE ( 'NONE', *, *, #981, .F. ) ;
#8064 = ORIENTED_EDGE ( 'NONE', *, *, #7462, .T. ) ;
#8065 = ORIENTED_EDGE ( 'NONE', *, *, #4500, .F. ) ;
#8066 = VECTOR ( 'NONE', #511, 1000.000000000000000 ) ;
#8067 = CARTESIAN_POINT ( 'NONE',  ( 0.5146382587228371900, 0.6652781534791097900, 0.9300000000000000500 ) ) ;
#8068 = ORIENTED_EDGE ( 'NONE', *, *, #8035, .F. ) ;
#8069 = EDGE_CURVE ( 'NONE', #9430, #10481, #7629, .T. ) ;
#8070 = CARTESIAN_POINT ( 'NONE',  ( 0.4464307943782164800, 0.7854520307678748400, 0.9400000000000000600 ) ) ;
#8071 = FILL_AREA_STYLE ('',( #7144 ) ) ;
#8072 = CARTESIAN_POINT ( 'NONE',  ( 0.5426639754700232100, 0.6191298001079786900, 0.9300000000000000500 ) ) ;
#8073 = ORIENTED_EDGE ( 'NONE', *, *, #2623, .T. ) ;
#8074 = VERTEX_POINT ( 'NONE', #1227 ) ;
#8075 = FILL_AREA_STYLE_COLOUR ( '', #7741 ) ;
#8076 = FACE_OUTER_BOUND ( 'NONE', #3703, .T. ) ;
#8077 = CARTESIAN_POINT ( 'NONE',  ( 0.5092163223555850000, 0.8728962282509370500, 0.9400000000000000600 ) ) ;
#8078 = FILL_AREA_STYLE_COLOUR ( '', #3280 ) ;
#8079 = MECHANICAL_DESIGN_GEOMETRIC_PRESENTATION_REPRESENTATION (  '', ( #5778 ), #8636 ) ;
#8080 = B_SPLINE_CURVE_WITH_KNOTS ( 'NONE', 3,
 ( #9134, #782, #6608, #1610 ),
 .UNSPECIFIED., .F., .F.,
 ( 4, 4 ),
 ( 22.00000000000000000, 23.00000000000000000 ),
 .UNSPECIFIED. ) ;
#8081 = EDGE_CURVE ( 'NONE', #8133, #853, #1198, .T. ) ;
#8082 = B_SPLINE_CURVE_WITH_KNOTS ( 'NONE', 3,
 ( #2038, #7940, #1003, #2555, #9307, #7689, #4567 ),
 .UNSPECIFIED., .F., .F.,
 ( 4, 3, 4 ),
 ( 0.0000000000000000000, 1.000000000000000000, 2.000000000000000000 ),
 .UNSPECIFIED. ) ;
#8083 = DIRECTION ( 'NONE',  ( -1.000000000000000000, 3.491481338843133400E-015, -0.0000000000000000000 ) ) ;
#8084 = ORIENTED_EDGE ( 'NONE', *, *, #9326, .T. ) ;
#8085 =( LENGTH_UNIT ( ) NAMED_UNIT ( * ) SI_UNIT ( .MILLI., .METRE. ) );
#8086 = DIRECTION ( 'NONE',  ( -1.000000000000000000, -0.0000000000000000000, -0.0000000000000000000 ) ) ;
#8087 = VERTEX_POINT ( 'NONE', #2041 ) ;
#8088 = ORIENTED_EDGE ( 'NONE', *, *, #3766, .T. ) ;
#8089 = LINE ( 'NONE', #5554, #3794 ) ;
#8090 = EDGE_CURVE ( 'NONE', #8812, #9187, #4432, .T. ) ;
#8091 =( GEOMETRIC_REPRESENTATION_CONTEXT ( 3 ) GLOBAL_UNCERTAINTY_ASSIGNED_CONTEXT ( ( #4176 ) ) GLOBAL_UNIT_ASSIGNED_CONTEXT ( ( #5248, #7081, #7047 ) ) REPRESENTATION_CONTEXT ( 'NONE', 'WORKASPACE' ) );
#8092 = DIRECTION ( 'NONE',  ( -1.000000000000000000, 0.0000000000000000000, 0.0000000000000000000 ) ) ;
#8093 = UNCERTAINTY_MEASURE_WITH_UNIT (LENGTH_MEASURE( 1.000000000000000100E-005 ), #1966, 'distance_accuracy_value', 'NONE');
#8094 = PLANE ( 'NONE',  #10484 ) ;
#8095 = LINE ( 'NONE', #6319, #5555 ) ;
#8096 = EDGE_CURVE ( 'NONE', #5678, #8240, #926, .T. ) ;
#8097 = SURFACE_SIDE_STYLE ('',( #6673 ) ) ;
#8098 = ORIENTED_EDGE ( 'NONE', *, *, #760, .T. ) ;
#8099 = VERTEX_POINT ( 'NONE', #1256 ) ;
#8100 = DIRECTION ( 'NONE',  ( 0.0000000000000000000, 0.0000000000000000000, 1.000000000000000000 ) ) ;
#8101 = DIRECTION ( 'NONE',  ( -2.950894056614935200E-012, 1.000000000000000000, 0.0000000000000000000 ) ) ;
#8102 = VECTOR ( 'NONE', #309, 1000.000000000000000 ) ;
#8103 = PLANE ( 'NONE',  #4173 ) ;
#8104 = LINE ( 'NONE', #3430, #4354 ) ;
#8105 = EDGE_CURVE ( 'NONE', #447, #7790, #5063, .T. ) ;
#8106 = VERTEX_POINT ( 'NONE', #7116 ) ;
#8107 = CARTESIAN_POINT ( 'NONE',  ( -0.9999999999999997800, -1.000000000000000200, 0.9300000000000000500 ) ) ;
#8108 = EDGE_LOOP ( 'NONE', ( #3862, #8065, #1004, #4660 ) ) ;
#8109 = ORIENTED_EDGE ( 'NONE', *, *, #4160, .T. ) ;
#8110 = ORIENTED_EDGE ( 'NONE', *, *, #7148, .F. ) ;
#8111 = CARTESIAN_POINT ( 'NONE',  ( 0.5025069855725459200, 0.6760229954124842300, 0.9300000000000000500 ) ) ;
#8112 = PLANE ( 'NONE',  #9104 ) ;
#8113 = DIRECTION ( 'NONE',  ( -1.000000000000000000, -0.0000000000000000000, -0.0000000000000000000 ) ) ;
#8114 = VECTOR ( 'NONE', #1757, 1000.000000000000000 ) ;
#8116 = DIRECTION ( 'NONE',  ( -1.000000000000000000, 3.491481338843134100E-015, 0.0000000000000000000 ) ) ;
#8115 = LINE ( 'NONE', #8749, #1410 ) ;
#8117 = CARTESIAN_POINT ( 'NONE',  ( 0.5648221172442943200, 0.6209618699305621300, 0.9300000000000000500 ) ) ;
#8118 = ORIENTED_EDGE ( 'NONE', *, *, #1588, .F. ) ;
#8119 = ORIENTED_EDGE ( 'NONE', *, *, #3843, .F. ) ;
#8120 = ORIENTED_EDGE ( 'NONE', *, *, #10243, .F. ) ;
#8121 = CARTESIAN_POINT ( 'NONE',  ( 0.1913974587109590300, 0.6624330291384651300, 0.9300000000000000500 ) ) ;
#8122 = DIRECTION ( 'NONE',  ( -0.0000000000000000000, -0.0000000000000000000, -1.000000000000000000 ) ) ;
#8123 = ADVANCED_FACE ( 'NONE', ( #9576 ), #6242, .F. ) ;
#8124 = ORIENTED_EDGE ( 'NONE', *, *, #8666, .F. ) ;
#8125 = VECTOR ( 'NONE', #10719, 1000.000000000000000 ) ;
#8126 = CARTESIAN_POINT ( 'NONE',  ( 0.5229073306253952900, 0.8689349962017674000, 0.9400000000000000600 ) ) ;
#8127 = CARTESIAN_POINT ( 'NONE',  ( 0.8597606009971351400, 0.6984534718904845700, 0.9400000000000000600 ) ) ;
#8128 = CARTESIAN_POINT ( 'NONE',  ( 0.4658160737180047600, 0.6732996483785580500, 0.9400000000000000600 ) ) ;
#8129 = ORIENTED_EDGE ( 'NONE', *, *, #9754, .T. ) ;
#8130 = CARTESIAN_POINT ( 'NONE',  ( 0.4748773920304684700, 0.6322018658695104400, 0.9300000000000000500 ) ) ;
#8131 = EDGE_LOOP ( 'NONE', ( #8336, #8618, #9144, #1933 ) ) ;
#8133 = VERTEX_POINT ( 'NONE', #8840 ) ;
#8132 = FILL_AREA_STYLE ('',( #8451 ) ) ;
#8134 = FACE_OUTER_BOUND ( 'NONE', #2774, .T. ) ;
#8135 = VECTOR ( 'NONE', #7134, 1000.000000000000000 ) ;
#8136 = LINE ( 'NONE', #7754, #10081 ) ;
#8137 = VECTOR ( 'NONE', #954, 1000.000000000000000 ) ;
#8138 = DIRECTION ( 'NONE',  ( 0.9409537876826964400, -0.3385350342956943100, 0.0000000000000000000 ) ) ;
#8139 = CARTESIAN_POINT ( 'NONE',  ( -0.6249999999999998900, -0.8750000000000000000, -0.02000000000000000000 ) ) ;
#8140 = ORIENTED_EDGE ( 'NONE', *, *, #7083, .T. ) ;
#8141 = CARTESIAN_POINT ( 'NONE',  ( 0.7611011652754009500, 0.7064749667899301600, 0.9400000000000000600 ) ) ;
#8142 = EDGE_LOOP ( 'NONE', ( #4262, #5552, #7360, #5774 ) ) ;
#8143 = VECTOR ( 'NONE', #8685, 1000.000000000000000 ) ;
#8144 = VECTOR ( 'NONE', #2341, 1000.000000000000000 ) ;
#8145 = CARTESIAN_POINT ( 'NONE',  ( 0.4590572215344044200, 0.6330931430808539600, 0.9400000000000000600 ) ) ;
#8146 = AXIS2_PLACEMENT_3D ( 'NONE', #4165, #2061, #1162 ) ;
#8147 = DIRECTION ( 'NONE',  ( 1.000000000000000000, 0.0000000000000000000, -0.0000000000000000000 ) ) ;
#8148 = B_SPLINE_SURFACE_WITH_KNOTS ( 'NONE', 3, 1, ( 
 ( #3498, #6036 ),
 ( #6912, #1882 ),
 ( #7795, #2707 ),
 ( #8613, #3531 ) ),
 .UNSPECIFIED., .F., .F., .F.,
 ( 4, 4 ),
 ( 2, 2 ),
 ( 5.000000000000000000, 6.000000000000000000 ),
 ( 0.0000000000000000000, 1.000000000000000000 ),
 .UNSPECIFIED. ) ;
#8149 = CARTESIAN_POINT ( 'NONE',  ( 0.6606839328312630300, 0.8571008154554812200, 0.9400000000000000600 ) ) ;
#8150 = CARTESIAN_POINT ( 'NONE',  ( 0.7390668120025230000, 0.8536842528131029000, 0.9400000000000000600 ) ) ;
#8151 = ORIENTED_EDGE ( 'NONE', *, *, #294, .T. ) ;
#8152 = CARTESIAN_POINT ( 'NONE',  ( 0.2141215666114700500, 0.7698559748191087200, 0.9300000000000000500 ) ) ;
#8153 = CARTESIAN_POINT ( 'NONE',  ( 0.4820076097185750900, 0.6618615908373892700, 0.9300000000000000500 ) ) ;
#8154 = UNCERTAINTY_MEASURE_WITH_UNIT (LENGTH_MEASURE( 1.000000000000000100E-005 ), #2814, 'distance_accuracy_value', 'NONE');
#8155 = EDGE_LOOP ( 'NONE', ( #1009, #10622, #4575, #7604 ) ) ;
#8156 = EDGE_CURVE ( 'NONE', #9868, #333, #8838, .T. ) ;
#8157 = EDGE_CURVE ( 'NONE', #6774, #1300, #4264, .T. ) ;
#8158 = LINE ( 'NONE', #4240, #3865 ) ;
#8159 = B_SPLINE_CURVE_WITH_KNOTS ( 'NONE', 3,
 ( #9843, #708, #5811, #9984 ),
 .UNSPECIFIED., .F., .F.,
 ( 4, 4 ),
 ( 5.000000000000000000, 6.000000000000000000 ),
 .UNSPECIFIED. ) ;
#8160 = DIRECTION ( 'NONE',  ( -1.000000000000000000, 0.0000000000000000000, 0.0000000000000000000 ) ) ;
#8161 = CARTESIAN_POINT ( 'NONE',  ( 0.7890526089214275900, 0.6973641330769089200, 0.9400000000000000600 ) ) ;
#8162 = EDGE_CURVE ( 'NONE', #1090, #1783, #2079, .T. ) ;
#8163 = DIRECTION ( 'NONE',  ( 1.000000000000000000, -0.0000000000000000000, -0.0000000000000000000 ) ) ;
#8164 = DIRECTION ( 'NONE',  ( -0.0000000000000000000, -0.0000000000000000000, 1.000000000000000000 ) ) ;
#8165 = DIRECTION ( 'NONE',  ( -0.0000000000000000000, 0.0000000000000000000, -1.000000000000000000 ) ) ;
#8166 = ORIENTED_EDGE ( 'NONE', *, *, #5500, .T. ) ;
#8167 = DIRECTION ( 'NONE',  ( -0.3559357243699009500, 0.9345104387417371200, -0.0000000000000000000 ) ) ;
#8168 = ORIENTED_EDGE ( 'NONE', *, *, #916, .T. ) ;
#8169 = FACE_BOUND ( 'NONE', #8913, .T. ) ;
#8170 = DIRECTION ( 'NONE',  ( 0.0000000000000000000, 1.000000000000000000, -0.0000000000000000000 ) ) ;
#8171 = CARTESIAN_POINT ( 'NONE',  ( 0.4979020533154743800, 0.7839170533486318200, 0.9400000000000000600 ) ) ;
#8172 = EDGE_CURVE ( 'NONE', #10540, #6595, #6766, .T. ) ;
#8173 = ORIENTED_EDGE ( 'NONE', *, *, #7230, .F. ) ;
#8174 = CARTESIAN_POINT ( 'NONE',  ( 0.8181924221821361700, 0.6207638083283396600, 0.9400000000000000600 ) ) ;
#8175 = EDGE_LOOP ( 'NONE', ( #2276, #2833, #8866, #3627 ) ) ;
#8176 = EDGE_CURVE ( 'NONE', #8099, #1165, #8527, .T. ) ;
#8177 = VECTOR ( 'NONE', #1949, 1000.000000000000100 ) ;
#8178 = ADVANCED_FACE ( 'NONE', ( #8276 ), #5510, .F. ) ;
#8179 = DIRECTION ( 'NONE',  ( 0.0000000000000000000, -0.0000000000000000000, 1.000000000000000000 ) ) ;
#8180 = ORIENTED_EDGE ( 'NONE', *, *, #10264, .T. ) ;
#8181 = VERTEX_POINT ( 'NONE', #9673 ) ;
#8182 = CARTESIAN_POINT ( 'NONE',  ( 0.6680369698231981600, 0.7955531724926939700, 0.9400000000000000600 ) ) ;
#8183 = VECTOR ( 'NONE', #5289, 1000.000000000000000 ) ;
#8184 = FACE_OUTER_BOUND ( 'NONE', #9705, .T. ) ;
#8185 = CARTESIAN_POINT ( 'NONE',  ( 0.6915320274138230200, 0.8384335094237693700, 0.9300000000000000500 ) ) ;
#8186 = AXIS2_PLACEMENT_3D ( 'NONE', #3533, #4048, #748 ) ;
#8187 = CARTESIAN_POINT ( 'NONE',  ( 0.7471625800028051100, 0.8712622200305831800, 0.9400000000000000600 ) ) ;
#8188 =( NAMED_UNIT ( * ) SI_UNIT ( $, .STERADIAN. ) SOLID_ANGLE_UNIT ( ) );
#8189 = ORIENTED_EDGE ( 'NONE', *, *, #8381, .F. ) ;
#8190 = DIRECTION ( 'NONE',  ( -1.000000000000000000, -0.0000000000000000000, -0.0000000000000000000 ) ) ;
#8191 = DIRECTION ( 'NONE',  ( -0.0000000000000000000, -0.0000000000000000000, 1.000000000000000000 ) ) ;
#8192 = ORIENTED_EDGE ( 'NONE', *, *, #4653, .T. ) ;
#8193 = CARTESIAN_POINT ( 'NONE',  ( 0.5345929651700160900, 0.6603266134181407000, 0.9300000000000000500 ) ) ;
#8194 = ORIENTED_EDGE ( 'NONE', *, *, #3381, .T. ) ;
#8195 = PRESENTATION_LAYER_ASSIGNMENT (  '', '', ( #7049 ) ) ;
#8196 = LINE ( 'NONE', #5154, #10403 ) ;
#8197 = COLOUR_RGB ( '',0.6666666666666666300, 0.6666666666666666300, 0.6666666666666666300 ) ;
#8198 =( NAMED_UNIT ( * ) PLANE_ANGLE_UNIT ( ) SI_UNIT ( $, .RADIAN. ) );
#8199 = CARTESIAN_POINT ( 'NONE',  ( 0.5547952486203097100, 0.8291246141085187900, 0.9300000000000000500 ) ) ;
#8200 = VERTEX_POINT ( 'NONE', #5546 ) ;
#8201 = VERTEX_POINT ( 'NONE', #7262 ) ;
#8202 = CARTESIAN_POINT ( 'NONE',  ( 0.5158266283375156900, 0.7860957309757735700, 0.9300000000000000500 ) ) ;
#8203 = ORIENTED_EDGE ( 'NONE', *, *, #8081, .T. ) ;
#8204 = DIRECTION ( 'NONE',  ( 0.0000000000000000000, -1.000000000000000000, 0.0000000000000000000 ) ) ;
#8205 = CARTESIAN_POINT ( 'NONE',  ( -0.09093206622731372900, 0.8084180577156119300, 0.9300000000000000500 ) ) ;
#8206 = CARTESIAN_POINT ( 'NONE',  ( 0.7134673498856181100, 0.7176159319277641800, 0.9400000000000000600 ) ) ;
#8207 = EDGE_LOOP ( 'NONE', ( #7848, #9106, #2823, #10655 ) ) ;
#8208 = UNCERTAINTY_MEASURE_WITH_UNIT (LENGTH_MEASURE( 1.000000000000000100E-005 ), #165, 'distance_accuracy_value', 'NONE');
#8209 = VECTOR ( 'NONE', #66, 1000.000000000000000 ) ;
#8210 = CARTESIAN_POINT ( 'NONE',  ( 0.4590572215344044200, 0.6522060877175773800, 0.9300000000000000500 ) ) ;
#8211 = B_SPLINE_SURFACE_WITH_KNOTS ( 'NONE', 3, 1, ( 
 ( #1425, #2226 ),
 ( #3042, #8951 ),
 ( #3873, #9802 ),
 ( #4730, #10632 ) ),
 .UNSPECIFIED., .F., .F., .F.,
 ( 4, 4 ),
 ( 2, 2 ),
 ( 17.00000000000000000, 18.00000000000000000 ),
 ( 0.0000000000000000000, 1.000000000000000000 ),
 .UNSPECIFIED. ) ;
#8212 =( NAMED_UNIT ( * ) SI_UNIT ( $, .STERADIAN. ) SOLID_ANGLE_UNIT ( ) );
#8213 = ORIENTED_EDGE ( 'NONE', *, *, #3660, .F. ) ;
#8214 = ORIENTED_EDGE ( 'NONE', *, *, #774, .T. ) ;
#8215 = DIRECTION ( 'NONE',  ( 1.000000000000000000, -0.0000000000000000000, -0.0000000000000000000 ) ) ;
#8216 = CARTESIAN_POINT ( 'NONE',  ( 0.4809925440061695300, 0.6191298001079786900, 0.9300000000000000500 ) ) ;
#8217 = ORIENTED_EDGE ( 'NONE', *, *, #8090, .F. ) ;
#8218 = FACE_OUTER_BOUND ( 'NONE', #1696, .T. ) ;
#8219 = CARTESIAN_POINT ( 'NONE',  ( 0.7339667257398868600, 0.7176159319277641800, 0.9400000000000000600 ) ) ;
#8220 = EDGE_CURVE ( 'NONE', #10833, #7772, #9694, .T. ) ;
#8221 = ADVANCED_FACE ( 'NONE', ( #2957 ), #786, .F. ) ;
#8222 = B_SPLINE_CURVE_WITH_KNOTS ( 'NONE', 3,
 ( #1091, #1368, #1001, #973 ),
 .UNSPECIFIED., .F., .F.,
 ( 4, 4 ),
 ( 2.000000000000000000, 3.000000000000000000 ),
 .UNSPECIFIED. ) ;
#8223 = DIRECTION ( 'NONE',  ( 1.000000000000000000, -1.047444401652940200E-014, 0.0000000000000000000 ) ) ;
#8224 = PRESENTATION_LAYER_ASSIGNMENT (  '', '', ( #6482 ) ) ;
#8225 = CARTESIAN_POINT ( 'NONE',  ( 0.6915320274138230200, 0.8090708768605522300, 0.9300000000000000500 ) ) ;
#8226 = DIRECTION ( 'NONE',  ( 0.0000000000000000000, -0.0000000000000000000, -1.000000000000000000 ) ) ;
#8227 = DIRECTION ( 'NONE',  ( -1.000000000000000000, -0.0000000000000000000, -0.0000000000000000000 ) ) ;
#8228 = EDGE_CURVE ( 'NONE', #9644, #9506, #9444, .T. ) ;
#8229 = ORIENTED_EDGE ( 'NONE', *, *, #9043, .T. ) ;
#8230 = ORIENTED_EDGE ( 'NONE', *, *, #852, .T. ) ;
#8231 = CARTESIAN_POINT ( 'NONE',  ( 0.1900202360702399100, 0.6631216273244853200, 0.9400000000000000600 ) ) ;
#8232 = ORIENTED_EDGE ( 'NONE', *, *, #1200, .T. ) ;
#8233 = SURFACE_SIDE_STYLE ('',( #4611 ) ) ;
#8234 = B_SPLINE_SURFACE_WITH_KNOTS ( 'NONE', 3, 1, ( 
 ( #3219, #6193 ),
 ( #8529, #8185 ),
 ( #1218, #6083 ),
 ( #99, #2066 ) ),
 .UNSPECIFIED., .F., .F., .F.,
 ( 4, 4 ),
 ( 2, 2 ),
 ( 3.000000000000000000, 4.000000000000000000 ),
 ( 0.0000000000000000000, 1.000000000000000000 ),
 .UNSPECIFIED. ) ;
#8235 = EDGE_CURVE ( 'NONE', #2218, #9126, #7486, .T. ) ;
#8236 = ORIENTED_EDGE ( 'NONE', *, *, #992, .F. ) ;
#8237 = LINE ( 'NONE', #3918, #10434 ) ;
#8238 = VECTOR ( 'NONE', #3102, 1000.000000000000000 ) ;
#8239 = EDGE_CURVE ( 'NONE', #6935, #10451, #5210, .T. ) ;
#8240 = VERTEX_POINT ( 'NONE', #8967 ) ;
#8241 = ORIENTED_EDGE ( 'NONE', *, *, #7371, .T. ) ;
#8242 = DIRECTION ( 'NONE',  ( -0.0000000000000000000, -0.0000000000000000000, 1.000000000000000000 ) ) ;
#8243 = CARTESIAN_POINT ( 'NONE',  ( 0.4736890224157845300, 0.8508618749780546600, 0.9300000000000000500 ) ) ;
#8244 = ORIENTED_EDGE ( 'NONE', *, *, #6781, .F. ) ;
#8245 = VERTEX_POINT ( 'NONE', #10647 ) ;
#8246 = ADVANCED_FACE ( 'NONE', ( #4921 ), #8937, .F. ) ;
#8247 = CARTESIAN_POINT ( 'NONE',  ( -0.6249999999999998900, -0.8750000000000000000, -0.02000000000000000000 ) ) ;
#8248 = COLOUR_RGB ( '',0.6666666666666666300, 0.6666666666666666300, 0.6666666666666666300 ) ;
#8249 = CARTESIAN_POINT ( 'NONE',  ( 0.5889856327437597000, 0.5990265474587975800, 0.9400000000000000600 ) ) ;
#8250 = CARTESIAN_POINT ( 'NONE',  ( 0.3953556586454114500, 0.7744100964311524400, 0.9400000000000000600 ) ) ;
#8251 = ORIENTED_EDGE ( 'NONE', *, *, #7092, .F. ) ;
#8252 = B_SPLINE_SURFACE_WITH_KNOTS ( 'NONE', 3, 1, ( 
 ( #7551, #3182 ),
 ( #2466, #8398 ),
 ( #3284, #9214 ),
 ( #4138, #10061 ) ),
 .UNSPECIFIED., .F., .F., .F.,
 ( 4, 4 ),
 ( 2, 2 ),
 ( 7.000000000000000000, 8.000000000000000000 ),
 ( 0.0000000000000000000, 1.000000000000000000 ),
 .UNSPECIFIED. ) ;
#8253 = DIRECTION ( 'NONE',  ( 0.0000000000000000000, 1.000000000000000000, -0.0000000000000000000 ) ) ;
#8254 = ORIENTED_EDGE ( 'NONE', *, *, #7813, .F. ) ;
#8255 = DIRECTION ( 'NONE',  ( 0.0000000000000000000, 0.0000000000000000000, 1.000000000000000000 ) ) ;
#8256 = FACE_OUTER_BOUND ( 'NONE', #8175, .T. ) ;
#8257 = LINE ( 'NONE', #9905, #1795 ) ;
#8258 = CARTESIAN_POINT ( 'NONE',  ( 0.4078582973002071200, 0.8712622200305797400, 0.9300000000000000500 ) ) ;
#8259 = CARTESIAN_POINT ( 'NONE',  ( 0.7418644321372838100, 0.8520997599932974600, 0.9300000000000000500 ) ) ;
#8260 = VECTOR ( 'NONE', #7130, 1000.000000000000000 ) ;
#8261 = CARTESIAN_POINT ( 'NONE',  ( -0.6249999999999995600, 0.1250000000000020500, -0.02000000000000000000 ) ) ;
#8262 = EDGE_LOOP ( 'NONE', ( #9309, #5460, #3029, #9275 ) ) ;
#8263 = ORIENTED_EDGE ( 'NONE', *, *, #1798, .T. ) ;
#8264 = CARTESIAN_POINT ( 'NONE',  ( 0.7107192451514131600, 0.6754783260056996800, 0.9400000000000000600 ) ) ;
#8265 = CARTESIAN_POINT ( 'NONE',  ( 0.6379316062503077600, 0.6899368229848047400, 0.9400000000000000600 ) ) ;
#8266 =( NAMED_UNIT ( * ) SI_UNIT ( $, .STERADIAN. ) SOLID_ANGLE_UNIT ( ) );
#8267 = VECTOR ( 'NONE', #4981, 1000.000000000000000 ) ;
#8268 = SURFACE_STYLE_FILL_AREA ( #3614 ) ;
#8269 = DIRECTION ( 'NONE',  ( 4.336808689942018200E-016, 1.000000000000000000, 0.0000000000000000000 ) ) ;
#8270 = DIRECTION ( 'NONE',  ( -0.0000000000000000000, -0.0000000000000000000, -1.000000000000000000 ) ) ;
#8271 = CARTESIAN_POINT ( 'NONE',  ( -0.03033451958623961700, 0.5942607842409478600, 0.9400000000000000600 ) ) ;
#8272 = ORIENTED_EDGE ( 'NONE', *, *, #7219, .T. ) ;
#8273 = B_SPLINE_CURVE_WITH_KNOTS ( 'NONE', 3,
 ( #7023, #1180, #1725, #7169 ),
 .UNSPECIFIED., .F., .F.,
 ( 4, 4 ),
 ( 7.000000000000000000, 8.000000000000000000 ),
 .UNSPECIFIED. ) ;
#8274 = ORIENTED_EDGE ( 'NONE', *, *, #5089, .F. ) ;
#8275 = VECTOR ( 'NONE', #5871, 1000.000000000000000 ) ;
#8276 = FACE_OUTER_BOUND ( 'NONE', #2525, .T. ) ;
#8277 = DIRECTION ( 'NONE',  ( 0.9910683662997356000, 0.1333547648941455200, 0.0000000000000000000 ) ) ;
#8278 = DIRECTION ( 'NONE',  ( -0.0000000000000000000, -0.0000000000000000000, -1.000000000000000000 ) ) ;
#8279 = ADVANCED_FACE ( 'NONE', ( #8405 ), #4388, .F. ) ;
#8280 = DIRECTION ( 'NONE',  ( -0.0000000000000000000, 1.000000000000000000, -0.0000000000000000000 ) ) ;
#8281 = DIRECTION ( 'NONE',  ( -3.491481338843134100E-015, -1.000000000000000000, 0.0000000000000000000 ) ) ;
#8282 = CARTESIAN_POINT ( 'NONE',  ( 1.000000000000000200, -1.000000000000000200, 0.9300000000000000500 ) ) ;
#8283 = ORIENTED_EDGE ( 'NONE', *, *, #84, .T. ) ;
#8284 = CARTESIAN_POINT ( 'NONE',  ( 0.04678967247544814400, 0.7133900960998563700, 0.9400000000000000600 ) ) ;
#8285 = MECHANICAL_DESIGN_GEOMETRIC_PRESENTATION_REPRESENTATION (  '', ( #4834 ), #8834 ) ;
#8286 = ORIENTED_EDGE ( 'NONE', *, *, #1331, .F. ) ;
#8287 = FACE_OUTER_BOUND ( 'NONE', #10331, .T. ) ;
#8288 = CARTESIAN_POINT ( 'NONE',  ( 0.5310773717265184800, 0.6231900629582662900, 0.9400000000000000600 ) ) ;
#8289 = EDGE_CURVE ( 'NONE', #7721, #8376, #1947, .T. ) ;
#8290 = CARTESIAN_POINT ( 'NONE',  ( 0.7400571200149771400, 0.8588833698775091300, 0.9300000000000000500 ) ) ;
#8291 = ORIENTED_EDGE ( 'NONE', *, *, #2704, .F. ) ;
#8292 = EDGE_CURVE ( 'NONE', #2706, #5425, #3853, .T. ) ;
#8293 = EDGE_CURVE ( 'NONE', #9899, #6618, #10598, .T. ) ;
#8294 =( NAMED_UNIT ( * ) SI_UNIT ( $, .STERADIAN. ) SOLID_ANGLE_UNIT ( ) );
#8295 = COLOUR_RGB ( '',0.6666666666666666300, 0.6666666666666666300, 0.6666666666666666300 ) ;
#8296 = B_SPLINE_CURVE_WITH_KNOTS ( 'NONE', 3,
 ( #7644, #8048, #7922, #8373 ),
 .UNSPECIFIED., .F., .F.,
 ( 4, 4 ),
 ( 2.000000000000000000, 3.000000000000000000 ),
 .UNSPECIFIED. ) ;
#8297 = EDGE_CURVE ( 'NONE', #9208, #2796, #10360, .T. ) ;
#8298 = FILL_AREA_STYLE ('',( #10718 ) ) ;
#8299 = PLANE ( 'NONE',  #3868 ) ;
#8300 = CARTESIAN_POINT ( 'NONE',  ( -0.1249999999999998900, -0.8750000000000000000, 0.0000000000000000000 ) ) ;
#8301 = CARTESIAN_POINT ( 'NONE',  ( 0.4474458600906227000, 0.6207638083283396600, 0.9400000000000000600 ) ) ;
#8302 = EDGE_CURVE ( 'NONE', #9002, #3412, #5857, .T. ) ;
#8303 = ORIENTED_EDGE ( 'NONE', *, *, #3833, .F. ) ;
#8304 = PLANE ( 'NONE',  #5963 ) ;
#8305 = ORIENTED_EDGE ( 'NONE', *, *, #5521, .T. ) ;
#8306 = FACE_OUTER_BOUND ( 'NONE', #9401, .T. ) ;
#8307 = PLANE ( 'NONE',  #7944 ) ;
#8308 = EDGE_CURVE ( 'NONE', #7291, #4443, #407, .T. ) ;
#8309 = DIRECTION ( 'NONE',  ( -1.000000000000000000, 4.336808689942018200E-016, 0.0000000000000000000 ) ) ;
#8310 = DIRECTION ( 'NONE',  ( -1.000000000000000000, 0.0000000000000000000, 0.0000000000000000000 ) ) ;
#8311 =( NAMED_UNIT ( * ) PLANE_ANGLE_UNIT ( ) SI_UNIT ( $, .RADIAN. ) );
#8312 = LINE ( 'NONE', #4993, #1356 ) ;
#8313 = FACE_OUTER_BOUND ( 'NONE', #7170, .T. ) ;
#8314 =( NAMED_UNIT ( * ) SI_UNIT ( $, .STERADIAN. ) SOLID_ANGLE_UNIT ( ) );
#8315 = DIRECTION ( 'NONE',  ( 1.047444401652940000E-014, 1.000000000000000000, 0.0000000000000000000 ) ) ;
#8316 = ORIENTED_EDGE ( 'NONE', *, *, #1395, .T. ) ;
#8317 = DIRECTION ( 'NONE',  ( 0.0000000000000000000, 1.000000000000000000, 0.0000000000000000000 ) ) ;
#8318 = DIRECTION ( 'NONE',  ( 2.126937491058482100E-014, -1.000000000000000000, -0.0000000000000000000 ) ) ;
#8319 = ORIENTED_EDGE ( 'NONE', *, *, #8069, .F. ) ;
#8320 = CARTESIAN_POINT ( 'NONE',  ( 0.4590572215344044200, 0.6392825681577188900, 0.9400000000000000600 ) ) ;
#8321 = LINE ( 'NONE', #9844, #1869 ) ;
#8322 = DIRECTION ( 'NONE',  ( 0.0000000000000000000, -0.0000000000000000000, 1.000000000000000000 ) ) ;
#8323 = CARTESIAN_POINT ( 'NONE',  ( -0.09437512939602889200, 0.6548583440168537200, 0.9300000000000000500 ) ) ;
#8324 = DIRECTION ( 'NONE',  ( 1.000000000000000000, -3.491481338843134100E-015, 0.0000000000000000000 ) ) ;
#8325 = CARTESIAN_POINT ( 'NONE',  ( 0.6178035959001904100, 0.6335387816865267800, 0.9300000000000000500 ) ) ;
#8326 = ADVANCED_FACE ( 'NONE', ( #1442 ), #7453, .F. ) ;
#8327 = CARTESIAN_POINT ( 'NONE',  ( 0.5229073306253952900, 0.7784208438808782900, 0.9400000000000000600 ) ) ;
#8328 = VERTEX_POINT ( 'NONE', #9920 ) ;
#8329 = EDGE_LOOP ( 'NONE', ( #6968, #2862, #4344, #5795 ) ) ;
#8330 =( LENGTH_UNIT ( ) NAMED_UNIT ( * ) SI_UNIT ( .MILLI., .METRE. ) );
#8331 = LINE ( 'NONE', #5034, #1879 ) ;
#8332 = CARTESIAN_POINT ( 'NONE',  ( -0.09437512939602889200, 0.6548583440168537200, 0.9300000000000000500 ) ) ;
#8333 = CARTESIAN_POINT ( 'NONE',  ( 0.6769249842330500300, 0.7879773161989130900, 0.9300000000000000500 ) ) ;
#8334 = CARTESIAN_POINT ( 'NONE',  ( 0.4643801271002033200, 0.8586357928740651100, 0.9300000000000000500 ) ) ;
#8335 = EDGE_LOOP ( 'NONE', ( #10402, #732, #10778, #2731 ) ) ;
#8336 = ORIENTED_EDGE ( 'NONE', *, *, #1340, .F. ) ;
#8337 = B_SPLINE_CURVE_WITH_KNOTS ( 'NONE', 3,
 ( #9078, #9924, #4574, #10476 ),
 .UNSPECIFIED., .F., .F.,
 ( 4, 4 ),
 ( 2.000000000000000000, 3.000000000000000000 ),
 .UNSPECIFIED. ) ;
#8338 = VERTEX_POINT ( 'NONE', #2406 ) ;
#8339 = ORIENTED_EDGE ( 'NONE', *, *, #1587, .T. ) ;
#8340 = CARTESIAN_POINT ( 'NONE',  ( -0.06958519410169028400, 0.8297649298419030900, 0.9400000000000000600 ) ) ;
#8341 = AXIS2_PLACEMENT_3D ( 'NONE', #1922, #3054, #310 ) ;
#8342 = DIRECTION ( 'NONE',  ( -0.0000000000000000000, -1.000000000000000000, -0.0000000000000000000 ) ) ;
#8343 = B_SPLINE_CURVE_WITH_KNOTS ( 'NONE', 3,
 ( #7600, #3331, #9258, #4182 ),
 .UNSPECIFIED., .F., .F.,
 ( 4, 4 ),
 ( 6.000000000000000000, 7.000000000000000000 ),
 .UNSPECIFIED. ) ;
#8344 = CARTESIAN_POINT ( 'NONE',  ( 0.4635136075897990400, 0.8101602156741244400, 0.9300000000000000500 ) ) ;
#8345 = LINE ( 'NONE', #2819, #1632 ) ;
#8346 = CARTESIAN_POINT ( 'NONE',  ( -0.3750000000000001100, 0.8750000000000000000, -0.02000000000000000000 ) ) ;
#8347 = ORIENTED_EDGE ( 'NONE', *, *, #2081, .F. ) ;
#8348 = ORIENTED_EDGE ( 'NONE', *, *, #3705, .T. ) ;
#8349 = ORIENTED_EDGE ( 'NONE', *, *, #9528, .F. ) ;
#8350 = EDGE_CURVE ( 'NONE', #9142, #7090, #4785, .T. ) ;
#8351 = EDGE_CURVE ( 'NONE', #3237, #1027, #641, .T. ) ;
#8352 = ORIENTED_EDGE ( 'NONE', *, *, #277, .F. ) ;
#8353 = SURFACE_STYLE_USAGE ( .BOTH. , #2744 ) ;
#8354 = PRESENTATION_STYLE_ASSIGNMENT (( #3886 ) ) ;
#8356 = CARTESIAN_POINT ( 'NONE',  ( 0.7759310277593419700, 0.6207638083283396600, 0.9400000000000000600 ) ) ;
#8355 = VECTOR ( 'NONE', #5946, 1000.000000000000000 ) ;
#8357 = EDGE_CURVE ( 'NONE', #801, #3871, #478, .T. ) ;
#8358 = CARTESIAN_POINT ( 'NONE',  ( -0.09437512939602889200, 0.6548583440168537200, 0.9400000000000000600 ) ) ;
#8359 = CARTESIAN_POINT ( 'NONE',  ( 0.5497941931581259400, 0.6808259892717772900, 0.9300000000000000500 ) ) ;
#8360 = DIRECTION ( 'NONE',  ( -0.0000000000000000000, -1.000000000000000000, -0.0000000000000000000 ) ) ;
#8361 = ORIENTED_EDGE ( 'NONE', *, *, #4351, .T. ) ;
#8362 = ORIENTED_EDGE ( 'NONE', *, *, #4516, .T. ) ;
#8363 = VERTEX_POINT ( 'NONE', #7533 ) ;
#8364 = CARTESIAN_POINT ( 'NONE',  ( 0.002030107397126002000, 0.8001547941092382900, 0.9400000000000000600 ) ) ;
#8365 = ORIENTED_EDGE ( 'NONE', *, *, #5082, .T. ) ;
#8366 = CARTESIAN_POINT ( 'NONE',  ( -0.6249999999999995600, 0.1250000000000020500, -0.02000000000000000000 ) ) ;
#8367 = PLANE ( 'NONE',  #6271 ) ;
#8368 = VECTOR ( 'NONE', #7780, 1000.000000000000000 ) ;
#8369 = VECTOR ( 'NONE', #4448, 1000.000000000000000 ) ;
#8370 = CARTESIAN_POINT ( 'NONE',  ( -5.237222008264700000E-015, -0.5000000000000000000, -0.02000000000000000000 ) ) ;
#8371 = EDGE_CURVE ( 'NONE', #8966, #9123, #6792, .T. ) ;
#8372 =( GEOMETRIC_REPRESENTATION_CONTEXT ( 3 ) GLOBAL_UNCERTAINTY_ASSIGNED_CONTEXT ( ( #7550 ) ) GLOBAL_UNIT_ASSIGNED_CONTEXT ( ( #6521, #684, #5681 ) ) REPRESENTATION_CONTEXT ( 'NONE', 'WORKASPACE' ) );
#8373 = CARTESIAN_POINT ( 'NONE',  ( 0.4628203919810128200, 0.7859967001746557300, 0.9300000000000000500 ) ) ;
#8374 = VERTEX_POINT ( 'NONE', #10816 ) ;
#8375 = CARTESIAN_POINT ( 'NONE',  ( 0.09499226788739424700, 0.6459064362548575500, 0.9400000000000000600 ) ) ;
#8376 = VERTEX_POINT ( 'NONE', #4109 ) ;
#8377 = EDGE_CURVE ( 'NONE', #9527, #7252, #7573, .T. ) ;
#8379 = ORIENTED_EDGE ( 'NONE', *, *, #2264, .T. ) ;
#8378 = CARTESIAN_POINT ( 'NONE',  ( -0.1249999999999998900, -0.8750000000000000000, -0.02000000000000000000 ) ) ;
#8380 = EDGE_CURVE ( 'NONE', #10481, #4806, #687, .T. ) ;
#8381 = EDGE_CURVE ( 'NONE', #8754, #9259, #9298, .T. ) ;
#8382 = VECTOR ( 'NONE', #5650, 1000.000000000000100 ) ;
#8383 = CARTESIAN_POINT ( 'NONE',  ( -0.1249999999999998900, -0.8750000000000000000, -0.02000000000000000000 ) ) ;
#8384 = CARTESIAN_POINT ( 'NONE',  ( 0.5639803554338372900, 0.6915213158045996300, 0.9400000000000000600 ) ) ;
#8385 = ADVANCED_FACE ( 'NONE', ( #8783 ), #4405, .F. ) ;
#8386 = ORIENTED_EDGE ( 'NONE', *, *, #2271, .T. ) ;
#8387 = CARTESIAN_POINT ( 'NONE',  ( 0.4979020533154743800, 0.7839170533486318200, 0.9400000000000000600 ) ) ;
#8388 = CARTESIAN_POINT ( 'NONE',  ( 0.1927746813516781300, 0.6624330291384651300, 0.9400000000000000600 ) ) ;
#8389 = ORIENTED_EDGE ( 'NONE', *, *, #9400, .T. ) ;
#8390 = STYLED_ITEM ( 'NONE', ( #1734 ), #6479 ) ;
#8391 = DIRECTION ( 'NONE',  ( -0.0000000000000000000, -0.0000000000000000000, -1.000000000000000000 ) ) ;
#8392 = FACE_OUTER_BOUND ( 'NONE', #8879, .T. ) ;
#8393 = VECTOR ( 'NONE', #2872, 1000.000000000000000 ) ;
#8394 = CARTESIAN_POINT ( 'NONE',  ( 0.8616421862209343600, 0.7052370817740308800, 0.9400000000000000600 ) ) ;
#8395 = LINE ( 'NONE', #50, #10587 ) ;
#8396 = B_SPLINE_SURFACE_WITH_KNOTS ( 'NONE', 3, 1, ( 
 ( #6702, #8432 ),
 ( #10102, #5031 ),
 ( #61, #5884 ),
 ( #909, #6744 ) ),
 .UNSPECIFIED., .F., .F., .F.,
 ( 4, 4 ),
 ( 2, 2 ),
 ( 4.000000000000000000, 5.000000000000000000 ),
 ( 0.0000000000000000000, 1.000000000000000000 ),
 .UNSPECIFIED. ) ;
#8397 = CARTESIAN_POINT ( 'NONE',  ( 0.1886430396978598700, 0.6631216273244853200, 0.9300000000000000500 ) ) ;
#8398 = CARTESIAN_POINT ( 'NONE',  ( -0.1232966932103497500, 0.7023723281082751000, 0.9300000000000000500 ) ) ;
#8399 = ORIENTED_EDGE ( 'NONE', *, *, #4283, .F. ) ;
#8400 =( NAMED_UNIT ( * ) PLANE_ANGLE_UNIT ( ) SI_UNIT ( $, .RADIAN. ) );
#8401 = ORIENTED_EDGE ( 'NONE', *, *, #3160, .T. ) ;
#8402 = DIRECTION ( 'NONE',  ( 0.0000000000000000000, 1.000000000000000000, -0.0000000000000000000 ) ) ;
#8403 = LINE ( 'NONE', #9038, #10596 ) ;
#8404 = SURFACE_STYLE_FILL_AREA ( #5413 ) ;
#8405 = FACE_OUTER_BOUND ( 'NONE', #2921, .T. ) ;
#8406 = FACE_OUTER_BOUND ( 'NONE', #9770, .T. ) ;
#8407 = PLANE ( 'NONE',  #6426 ) ;
#8408 = CARTESIAN_POINT ( 'NONE',  ( 0.5025069855725459200, 0.6488390404757544700, 0.9300000000000000500 ) ) ;
#8409 = CARTESIAN_POINT ( 'NONE',  ( 0.7890526089214275900, 0.6973641330769089200, 0.9300000000000000500 ) ) ;
#8410 = DIRECTION ( 'NONE',  ( 4.336808689942018200E-016, 1.000000000000000000, 0.0000000000000000000 ) ) ;
#8411 = ORIENTED_EDGE ( 'NONE', *, *, #8654, .F. ) ;
#8412 = ORIENTED_EDGE ( 'NONE', *, *, #4720, .T. ) ;
#8413 = CARTESIAN_POINT ( 'NONE',  ( 0.7134673498856181100, 0.7176159319277641800, 0.9300000000000000500 ) ) ;
#8414 = EDGE_LOOP ( 'NONE', ( #7352, #7802, #10690, #9012 ) ) ;
#8415 = VECTOR ( 'NONE', #1010, 1000.000000000000000 ) ;
#8416 =( LENGTH_UNIT ( ) NAMED_UNIT ( * ) SI_UNIT ( .MILLI., .METRE. ) );
#8417 = AXIS2_PLACEMENT_3D ( 'NONE', #10083, #5943, #4158 ) ;
#8418 = DIRECTION ( 'NONE',  ( -1.000000000000000000, 4.336808689942017700E-016, 0.0000000000000000000 ) ) ;
#8419 = ORIENTED_EDGE ( 'NONE', *, *, #8570, .T. ) ;
#8420 = SURFACE_SIDE_STYLE ('',( #7331 ) ) ;
#8421 = CARTESIAN_POINT ( 'NONE',  ( 0.6126787519372730600, 0.7744100964311586600, 0.9300000000000000500 ) ) ;
#8423 = EDGE_CURVE ( 'NONE', #2776, #1244, #10715, .T. ) ;
#8422 = ORIENTED_EDGE ( 'NONE', *, *, #5846, .F. ) ;
#8424 = FACE_BOUND ( 'NONE', #5601, .T. ) ;
#8425 = CARTESIAN_POINT ( 'NONE',  ( 0.5441246797880990900, 0.6896892459820190800, 0.9300000000000000500 ) ) ;
#8426 =( GEOMETRIC_REPRESENTATION_CONTEXT ( 3 ) GLOBAL_UNCERTAINTY_ASSIGNED_CONTEXT ( ( #2804 ) ) GLOBAL_UNIT_ASSIGNED_CONTEXT ( ( #7060, #10489, #3734 ) ) REPRESENTATION_CONTEXT ( 'NONE', 'WORKASPACE' ) );
#8427 = VERTEX_POINT ( 'NONE', #4967 ) ;
#8428 = CARTESIAN_POINT ( 'NONE',  ( 0.5653420289508036500, 0.6321523504689579000, 0.9300000000000000500 ) ) ;
#8429 = FACE_BOUND ( 'NONE', #5146, .T. ) ;
#8430 = FACE_OUTER_BOUND ( 'NONE', #3050, .T. ) ;
#8431 = CARTESIAN_POINT ( 'NONE',  ( 0.4896329814132432400, 0.6915213158045996300, 0.9400000000000000600 ) ) ;
#8432 = CARTESIAN_POINT ( 'NONE',  ( 0.7996736623527519500, 0.6700811473390668700, 0.9300000000000000500 ) ) ;
#8433 = AXIS2_PLACEMENT_3D ( 'NONE', #4450, #452, #7652 ) ;
#8434 = PLANE ( 'NONE',  #5780 ) ;
#8435 = DIRECTION ( 'NONE',  ( -0.3559357243643225800, -0.9345104387438617500, -0.0000000000000000000 ) ) ;
#8436 = EDGE_CURVE ( 'NONE', #8678, #6501, #4342, .T. ) ;
#8437 = PRESENTATION_LAYER_ASSIGNMENT (  '', '', ( #7303 ) ) ;
#8438 = SURFACE_SIDE_STYLE ('',( #388 ) ) ;
#8439 = CARTESIAN_POINT ( 'NONE',  ( 0.5601429118863929800, 0.6467098782491673700, 0.9400000000000000600 ) ) ;
#8440 = ADVANCED_FACE ( 'NONE', ( #4252 ), #4429, .F. ) ;
#8441 = ORIENTED_EDGE ( 'NONE', *, *, #9810, .F. ) ;
#8442 = EDGE_CURVE ( 'NONE', #2797, #4746, #127, .T. ) ;
#8443 = PLANE ( 'NONE',  #18 ) ;
#8444 = VECTOR ( 'NONE', #4031, 1000.000000000000000 ) ;
#8445 = LINE ( 'NONE', #8206, #3647 ) ;
#8446 = SURFACE_STYLE_USAGE ( .BOTH. , #8420 ) ;
#8447 = CARTESIAN_POINT ( 'NONE',  ( 0.7339667257398894100, 0.6207638083283396600, 0.9400000000000000600 ) ) ;
#8448 = EDGE_CURVE ( 'NONE', #1017, #9240, #2068, .T. ) ;
#8449 = CARTESIAN_POINT ( 'NONE',  ( 0.5337512033595579500, 0.6823114512904668900, 0.9400000000000000600 ) ) ;
#8450 = CARTESIAN_POINT ( 'NONE',  ( -0.3750000000000001100, 0.8750000000000000000, -0.02000000000000000000 ) ) ;
#8451 = FILL_AREA_STYLE_COLOUR ( '', #13 ) ;
#8452 = EDGE_LOOP ( 'NONE', ( #2434, #2647, #5261, #2157 ) ) ;
#8453 = CARTESIAN_POINT ( 'NONE',  ( -0.8750000000000003300, -0.1249999999999970700, 0.0000000000000000000 ) ) ;
#8454 = SURFACE_STYLE_FILL_AREA ( #7066 ) ;
#8455 = PRESENTATION_LAYER_ASSIGNMENT (  '', '', ( #7321 ) ) ;
#8456 = ORIENTED_EDGE ( 'NONE', *, *, #8946, .T. ) ;
#8457 = EDGE_LOOP ( 'NONE', ( #2379, #5127, #3790, #2050 ) ) ;
#8458 = EDGE_LOOP ( 'NONE', ( #10175, #6091, #746, #1561 ) ) ;
#8459 = CARTESIAN_POINT ( 'NONE',  ( -0.03928643391532113400, 0.6218051319819646300, 0.9400000000000000600 ) ) ;
#8460 = VECTOR ( 'NONE', #9856, 1000.000000000000000 ) ;
#8461 = CARTESIAN_POINT ( 'NONE',  ( 0.4876523653886590800, 0.7839170533486318200, 0.9400000000000000600 ) ) ;
#8462 = CARTESIAN_POINT ( 'NONE',  ( -0.6250000000000013300, -0.3749999999999979500, -0.02000000000000000000 ) ) ;
#8463 = CARTESIAN_POINT ( 'NONE',  ( 0.5944323268112803300, 0.5881826747243045200, 0.9300000000000000500 ) ) ;
#8464 = ORIENTED_EDGE ( 'NONE', *, *, #9397, .F. ) ;
#8465 = DIRECTION ( 'NONE',  ( -0.0000000000000000000, -0.0000000000000000000, 1.000000000000000000 ) ) ;
#8466 = ORIENTED_EDGE ( 'NONE', *, *, #1727, .T. ) ;
#8467 = VECTOR ( 'NONE', #8270, 1000.000000000000000 ) ;
#8468 = CARTESIAN_POINT ( 'NONE',  ( 0.5944323268112803300, 0.5881826747243045200, 0.9300000000000000500 ) ) ;
#8469 = DIRECTION ( 'NONE',  ( 0.0000000000000000000, -1.000000000000000000, 0.0000000000000000000 ) ) ;
#8470 = DIRECTION ( 'NONE',  ( 1.000000000000000000, -0.0000000000000000000, 0.0000000000000000000 ) ) ;
#8471 = CARTESIAN_POINT ( 'NONE',  ( 0.1672961807064048700, 0.6307570397439676800, 0.9400000000000000600 ) ) ;
#8472 = ORIENTED_EDGE ( 'NONE', *, *, #7387, .F. ) ;
#8473 = CARTESIAN_POINT ( 'NONE',  ( 0.5498437085590167600, 0.6191298001079786900, 0.9300000000000000500 ) ) ;
#8474 = ORIENTED_EDGE ( 'NONE', *, *, #9087, .F. ) ;
#8475 = CARTESIAN_POINT ( 'NONE',  ( 0.6059198997533431500, 0.6083354427740475000, 0.9400000000000000600 ) ) ;
#8476 = ORIENTED_EDGE ( 'NONE', *, *, #8308, .T. ) ;
#8477 = VECTOR ( 'NONE', #5024, 1000.000000000000000 ) ;
#8478 = CARTESIAN_POINT ( 'NONE',  ( 0.7982129580350048000, 0.6343310280960995400, 0.9300000000000000500 ) ) ;
#8479 = CARTESIAN_POINT ( 'NONE',  ( 0.5158266283375156900, 0.7860957309757735700, 0.9400000000000000600 ) ) ;
#8480 = B_SPLINE_CURVE_WITH_KNOTS ( 'NONE', 3,
 ( #10760, #6783, #10694, #7679 ),
 .UNSPECIFIED., .F., .F.,
 ( 4, 4 ),
 ( 16.00000000000000000, 17.00000000000000000 ),
 .UNSPECIFIED. ) ;
#8481 = VERTEX_POINT ( 'NONE', #7677 ) ;
#8482 = FILL_AREA_STYLE_COLOUR ( '', #740 ) ;
#8483 = CARTESIAN_POINT ( 'NONE',  ( 0.8128200012164387100, 0.6704277551429660400, 0.9400000000000000600 ) ) ;
#8484 = VERTEX_POINT ( 'NONE', #9343 ) ;
#8485 = ADVANCED_FACE ( 'NONE', ( #6507 ), #858, .F. ) ;
#8486 = CARTESIAN_POINT ( 'NONE',  ( 0.4730205645072783600, 0.7941172258752252600, 0.9400000000000000600 ) ) ;
#8487 = LINE ( 'NONE', #7356, #8238 ) ;
#8488 = EDGE_CURVE ( 'NONE', #9667, #8484, #1807, .T. ) ;
#8489 = ORIENTED_EDGE ( 'NONE', *, *, #3368, .F. ) ;
#8490 = EDGE_CURVE ( 'NONE', #1301, #1015, #8518, .T. ) ;
#8491 = VERTEX_POINT ( 'NONE', #2628 ) ;
#8492 = CARTESIAN_POINT ( 'NONE',  ( 0.5498437085590167600, 0.6191298001079786900, 0.9400000000000000600 ) ) ;
#8493 = ORIENTED_EDGE ( 'NONE', *, *, #10733, .F. ) ;
#8494 = CARTESIAN_POINT ( 'NONE',  ( 0.5934915341993809400, 0.5985809088531275400, 0.9400000000000000600 ) ) ;
#8495 = CARTESIAN_POINT ( 'NONE',  ( 0.7156707852130119700, 0.6318057426650612900, 0.9400000000000000600 ) ) ;
#8496 = EDGE_CURVE ( 'NONE', #1638, #5473, #3980, .T. ) ;
#8497 = VECTOR ( 'NONE', #5041, 1000.000000000000000 ) ;
#8498 = CARTESIAN_POINT ( 'NONE',  ( 0.6191157540169252000, 0.6103160587989604500, 0.9300000000000000500 ) ) ;
#8499 = VECTOR ( 'NONE', #6786, 1000.000000000000000 ) ;
#8500 = EDGE_CURVE ( 'NONE', #2368, #10314, #4777, .T. ) ;
#8501 = CARTESIAN_POINT ( 'NONE',  ( 0.4730205645072783600, 0.7941172258752252600, 0.9300000000000000500 ) ) ;
#8502 = ORIENTED_EDGE ( 'NONE', *, *, #1884, .T. ) ;
#8503 = DIRECTION ( 'NONE',  ( -0.0000000000000000000, -0.0000000000000000000, 1.000000000000000000 ) ) ;
#8504 = ORIENTED_EDGE ( 'NONE', *, *, #9972, .F. ) ;
#8505 = DIRECTION ( 'NONE',  ( -0.0000000000000000000, -0.0000000000000000000, -1.000000000000000000 ) ) ;
#8506 = CARTESIAN_POINT ( 'NONE',  ( 0.2478634031010534800, 0.8070408416423106000, 0.9400000000000000600 ) ) ;
#8507 = FILL_AREA_STYLE_COLOUR ( '', #85 ) ;
#8508 = VECTOR ( 'NONE', #9117, 1000.000000000000000 ) ;
#8509 = FACE_OUTER_BOUND ( 'NONE', #10605, .T. ) ;
#8510 = EDGE_CURVE ( 'NONE', #2139, #8746, #1564, .T. ) ;
#8511 = MECHANICAL_DESIGN_GEOMETRIC_PRESENTATION_REPRESENTATION (  '', ( #6220 ), #9053 ) ;
#8512 = CARTESIAN_POINT ( 'NONE',  ( 0.5894312713490678100, 0.8291246141085187900, 0.9400000000000000600 ) ) ;
#8513 = CARTESIAN_POINT ( 'NONE',  ( 0.6760832224229499400, 0.6318057426650612900, 0.9400000000000000600 ) ) ;
#8514 = EDGE_CURVE ( 'NONE', #5397, #4884, #9026, .T. ) ;
#8515 = CARTESIAN_POINT ( 'NONE',  ( 0.4793585357858143900, 0.7873336159910135900, 0.9400000000000000600 ) ) ;
#8516 = ORIENTED_EDGE ( 'NONE', *, *, #6207, .F. ) ;
#8517 = EDGE_LOOP ( 'NONE', ( #1175, #5290, #342, #2387 ) ) ;
#8518 = LINE ( 'NONE', #1815, #10467 ) ;
#8519 = PLANE ( 'NONE',  #9322 ) ;
#8520 = CARTESIAN_POINT ( 'NONE',  ( 0.4876523653886590800, 0.7839170533486318200, 0.9400000000000000600 ) ) ;
#8521 = DIRECTION ( 'NONE',  ( -0.0000000000000000000, -0.0000000000000000000, -1.000000000000000000 ) ) ;
#8522 =( GEOMETRIC_REPRESENTATION_CONTEXT ( 3 ) GLOBAL_UNCERTAINTY_ASSIGNED_CONTEXT ( ( #10527 ) ) GLOBAL_UNIT_ASSIGNED_CONTEXT ( ( #8330, #3926, #10337 ) ) REPRESENTATION_CONTEXT ( 'NONE', 'WORKASPACE' ) );
#8523 = CARTESIAN_POINT ( 'NONE',  ( 0.5310773717265184800, 0.6231900629582662900, 0.9300000000000000500 ) ) ;
#8524 = ORIENTED_EDGE ( 'NONE', *, *, #9729, .T. ) ;
#8525 = EDGE_LOOP ( 'NONE', ( #5952, #8411, #3953, #9707 ) ) ;
#8526 = FACE_OUTER_BOUND ( 'NONE', #10196, .T. ) ;
#8527 = LINE ( 'NONE', #2916, #1820 ) ;
#8528 = CARTESIAN_POINT ( 'NONE',  ( 0.4979020533154743800, 0.7839170533486318200, 0.9300000000000000500 ) ) ;
#8529 = CARTESIAN_POINT ( 'NONE',  ( 0.6915320274138230200, 0.8384335094237693700, 0.9400000000000000600 ) ) ;
#8530 = FILL_AREA_STYLE ('',( #1800 ) ) ;
#8531 = PRESENTATION_LAYER_ASSIGNMENT (  '', '', ( #7411 ) ) ;
#8532 = CARTESIAN_POINT ( 'NONE',  ( 0.3750000000000001100, -0.8750000000000000000, -0.02000000000000000000 ) ) ;
#8533 = FILL_AREA_STYLE_COLOUR ( '', #5388 ) ;
#8534 = APPLICATION_CONTEXT ( 'automotive_design' ) ;
#8535 = ORIENTED_EDGE ( 'NONE', *, *, #9056, .T. ) ;
#8536 = ORIENTED_EDGE ( 'NONE', *, *, #8176, .T. ) ;
#8537 = VERTEX_POINT ( 'NONE', #8572 ) ;
#8538 = COLOUR_RGB ( '',0.6666666666666666300, 0.6666666666666666300, 0.6666666666666666300 ) ;
#8539 = VECTOR ( 'NONE', #1767, 1000.000000000000000 ) ;
#8540 = DIRECTION ( 'NONE',  ( 0.0000000000000000000, 0.0000000000000000000, 1.000000000000000000 ) ) ;
#8541 = DIRECTION ( 'NONE',  ( -0.0000000000000000000, 1.000000000000000000, -0.0000000000000000000 ) ) ;
#8542 = CARTESIAN_POINT ( 'NONE',  ( 0.8777842068209502600, 0.6581974511915668100, 0.9400000000000000600 ) ) ;
#8543 = PLANE ( 'NONE',  #8585 ) ;
#8544 = PRESENTATION_LAYER_ASSIGNMENT (  '', '', ( #7426 ) ) ;
#8545 = CARTESIAN_POINT ( 'NONE',  ( 0.4649990696081569000, 0.6245764941751733600, 0.9400000000000000600 ) ) ;
#8546 = ADVANCED_FACE ( 'NONE', ( #10219 ), #8148, .T. ) ;
#8547 = B_SPLINE_CURVE_WITH_KNOTS ( 'NONE', 3,
 ( #1560, #3070, #6526, #6670 ),
 .UNSPECIFIED., .F., .F.,
 ( 4, 4 ),
 ( 9.000000000000000000, 10.00000000000000000 ),
 .UNSPECIFIED. ) ;
#8548 = CARTESIAN_POINT ( 'NONE',  ( 0.5311516448273563300, 0.6712695169537451500, 0.9300000000000000500 ) ) ;
#8549 = CARTESIAN_POINT ( 'NONE',  ( 0.1170277513332148400, 0.8972485831191486800, 0.9400000000000000600 ) ) ;
#8550 = CARTESIAN_POINT ( 'NONE',  ( 0.5568996531462886400, 0.6816677510825681600, 0.9300000000000000500 ) ) ;
#8551 = FILL_AREA_STYLE ('',( #7414 ) ) ;
#8552 = CARTESIAN_POINT ( 'NONE',  ( 0.8749999999999998900, 0.6250000000000000000, -0.02000000000000000000 ) ) ;
#8553 = ORIENTED_EDGE ( 'NONE', *, *, #10594, .F. ) ;
#8554 = ORIENTED_EDGE ( 'NONE', *, *, #3766, .F. ) ;
#8555 = ORIENTED_EDGE ( 'NONE', *, *, #5295, .F. ) ;
#8556 = FACE_OUTER_BOUND ( 'NONE', #10206, .T. ) ;
#8557 = CARTESIAN_POINT ( 'NONE',  ( 0.5345929651700160900, 0.6603266134181407000, 0.9300000000000000500 ) ) ;
#8558 = VERTEX_POINT ( 'NONE', #5242 ) ;
#8559 = CARTESIAN_POINT ( 'NONE',  ( 0.7134673498856181100, 0.7176159319277641800, 0.9400000000000000600 ) ) ;
#8560 = CARTESIAN_POINT ( 'NONE',  ( 0.8749999999999958900, -0.3750000000000091000, 0.0000000000000000000 ) ) ;
#8561 = PRESENTATION_LAYER_ASSIGNMENT (  '', '', ( #6860 ) ) ;
#8562 = ADVANCED_FACE ( 'NONE', ( #9941 ), #4462, .F. ) ;
#8563 = CARTESIAN_POINT ( 'NONE',  ( 0.4078582973002071200, 0.6754783260056996800, 0.9400000000000000600 ) ) ;
#8564 = VECTOR ( 'NONE', #8670, 1000.000000000000000 ) ;
#8565 = LINE ( 'NONE', #6543, #6291 ) ;
#8566 = EDGE_CURVE ( 'NONE', #9222, #5307, #8962, .T. ) ;
#8567 = AXIS2_PLACEMENT_3D ( 'NONE', #7867, #3610, #8691 ) ;
#8568 = CARTESIAN_POINT ( 'NONE',  ( 0.4643801271002033200, 0.8586357928740651100, 0.9400000000000000600 ) ) ;
#8569 = CARTESIAN_POINT ( 'NONE',  ( 0.4745802996267991000, 0.6490371020779830400, 0.9300000000000000500 ) ) ;
#8570 = EDGE_CURVE ( 'NONE', #1300, #7003, #7752, .T. ) ;
#8571 = VERTEX_POINT ( 'NONE', #9490 ) ;
#8572 = CARTESIAN_POINT ( 'NONE',  ( 0.5021851354685962200, 0.6314591348604966500, 0.9300000000000000500 ) ) ;
#8573 = FILL_AREA_STYLE_COLOUR ( '', #5042 ) ;
#8574 = ORIENTED_EDGE ( 'NONE', *, *, #7370, .F. ) ;
#8575 = CARTESIAN_POINT ( 'NONE',  ( 0.2141215666114700500, 0.7698559748191087200, 0.9400000000000000600 ) ) ;
#8576 = VECTOR ( 'NONE', #9311, 1000.000000000000000 ) ;
#8577 = DIRECTION ( 'NONE',  ( -0.8631877589412118000, -0.5048830486499309400, 0.0000000000000000000 ) ) ;
#8578 = EDGE_CURVE ( 'NONE', #4372, #2641, #3473, .T. ) ;
#8579 = CARTESIAN_POINT ( 'NONE',  ( 0.5311516448273563300, 0.6712695169537451500, 0.9400000000000000600 ) ) ;
#8580 =( LENGTH_UNIT ( ) NAMED_UNIT ( * ) SI_UNIT ( .MILLI., .METRE. ) );
#8581 = ADVANCED_FACE ( 'NONE', ( #5464 ), #1961, .F. ) ;
#8582 = CARTESIAN_POINT ( 'NONE',  ( 0.4979020533154743800, 0.7839170533486318200, 0.9400000000000000600 ) ) ;
#8583 = DIRECTION ( 'NONE',  ( 3.925162207837335100E-015, 1.000000000000000000, 0.0000000000000000000 ) ) ;
#8584 = VERTEX_POINT ( 'NONE', #2812 ) ;
#8585 = AXIS2_PLACEMENT_3D ( 'NONE', #8883, #3976, #3938 ) ;
#8586 = B_SPLINE_SURFACE_WITH_KNOTS ( 'NONE', 3, 1, ( 
 ( #6918, #9496 ),
 ( #6125, #6996 ),
 ( #7536, #7610 ),
 ( #7765, #6720 ) ),
 .UNSPECIFIED., .F., .F., .F.,
 ( 4, 4 ),
 ( 2, 2 ),
 ( 5.000000000000000000, 6.000000000000000000 ),
 ( 0.0000000000000000000, 1.000000000000000000 ),
 .UNSPECIFIED. ) ;
#8587 = PLANE ( 'NONE',  #3086 ) ;
#8588 = CARTESIAN_POINT ( 'NONE',  ( 0.1250000000000001100, -0.8749999999999998900, 0.0000000000000000000 ) ) ;
#8589 = DIRECTION ( 'NONE',  ( -1.000000000000000000, 0.0000000000000000000, 0.0000000000000000000 ) ) ;
#8590 = DIRECTION ( 'NONE',  ( -0.3559357243643225800, -0.9345104387438617500, -0.0000000000000000000 ) ) ;
#8591 = ORIENTED_EDGE ( 'NONE', *, *, #8712, .F. ) ;
#8592 = LINE ( 'NONE', #4142, #4054 ) ;
#8593 = CARTESIAN_POINT ( 'NONE',  ( -0.09093206622731372900, 0.8084180577156119300, 0.9400000000000000600 ) ) ;
#8594 = AXIS2_PLACEMENT_3D ( 'NONE', #9511, #10361, #5308 ) ;
#8595 = ORIENTED_EDGE ( 'NONE', *, *, #3765, .F. ) ;
#8596 = VECTOR ( 'NONE', #10529, 1000.000000000000000 ) ;
#8597 = EDGE_LOOP ( 'NONE', ( #65, #7934, #6302, #9879 ) ) ;
#8598 = ORIENTED_EDGE ( 'NONE', *, *, #6132, .T. ) ;
#8599 = PLANE ( 'NONE',  #7481 ) ;
#8600 = ADVANCED_FACE ( 'NONE', ( #253 ), #7908, .F. ) ;
#8601 = CARTESIAN_POINT ( 'NONE',  ( 0.5894312713490678100, 0.8291246141085187900, 0.9400000000000000600 ) ) ;
#8602 = VERTEX_POINT ( 'NONE', #3637 ) ;
#8603 = ORIENTED_EDGE ( 'NONE', *, *, #3216, .T. ) ;
#8604 = VERTEX_POINT ( 'NONE', #369 ) ;
#8605 = UNCERTAINTY_MEASURE_WITH_UNIT (LENGTH_MEASURE( 1.000000000000000100E-005 ), #6201, 'distance_accuracy_value', 'NONE');
#8606 = CARTESIAN_POINT ( 'NONE',  ( 0.4736890224157845300, 0.8508618749780546600, 0.9400000000000000600 ) ) ;
#8607 = ORIENTED_EDGE ( 'NONE', *, *, #9608, .F. ) ;
#8608 = PRESENTATION_STYLE_ASSIGNMENT (( #2879 ) ) ;
#8609 = CARTESIAN_POINT ( 'NONE',  ( -0.03859780289354117200, 0.6679419197013349900, 0.9300000000000000500 ) ) ;
#8610 = MECHANICAL_DESIGN_GEOMETRIC_PRESENTATION_REPRESENTATION (  '', ( #6908 ), #9162 ) ;
#8611 = ORIENTED_EDGE ( 'NONE', *, *, #5159, .T. ) ;
#8612 = CARTESIAN_POINT ( 'NONE',  ( 0.2733419037463276100, 0.7161445019787834300, 0.9300000000000000500 ) ) ;
#8613 = CARTESIAN_POINT ( 'NONE',  ( 0.5025069855725459200, 0.6488390404757544700, 0.9400000000000000600 ) ) ;
#8614 = LINE ( 'NONE', #892, #4079 ) ;
#8615 = CARTESIAN_POINT ( 'NONE',  ( 0.7200281404666326600, 0.8009008357594299400, 0.9300000000000000500 ) ) ;
#8616 = EDGE_CURVE ( 'NONE', #456, #7304, #6928, .T. ) ;
#8617 = SURFACE_STYLE_USAGE ( .BOTH. , #688 ) ;
#8618 = ORIENTED_EDGE ( 'NONE', *, *, #7466, .F. ) ;
#8619 = CARTESIAN_POINT ( 'NONE',  ( 0.2278937404819794100, 0.6204279093409176300, 0.9400000000000000600 ) ) ;
#8620 = EDGE_LOOP ( 'NONE', ( #9070, #3403, #220, #4042 ) ) ;
#8621 = CARTESIAN_POINT ( 'NONE',  ( 0.2402887179797778000, 0.8276991024470791200, 0.9400000000000000600 ) ) ;
#8622 = CARTESIAN_POINT ( 'NONE',  ( 0.6515483414186221700, 0.7854520307678748400, 0.9300000000000000500 ) ) ;
#8623 = ORIENTED_EDGE ( 'NONE', *, *, #10765, .F. ) ;
#8624 = ORIENTED_EDGE ( 'NONE', *, *, #6286, .F. ) ;
#8625 = EDGE_CURVE ( 'NONE', #2673, #7721, #8895, .T. ) ;
#8626 = ORIENTED_EDGE ( 'NONE', *, *, #2709, .T. ) ;
#8627 = UNCERTAINTY_MEASURE_WITH_UNIT (LENGTH_MEASURE( 1.000000000000000100E-005 ), #10850, 'distance_accuracy_value', 'NONE');
#8628 = CARTESIAN_POINT ( 'NONE',  ( 0.4974068993095763800, 0.6232395783588224900, 0.9300000000000000500 ) ) ;
#8629 = PRESENTATION_STYLE_ASSIGNMENT (( #3100 ) ) ;
#8630 = B_SPLINE_SURFACE_WITH_KNOTS ( 'NONE', 3, 1, ( 
 ( #8619, #7966 ),
 ( #9616, #4551 ),
 ( #7096, #2059 ),
 ( #2868, #428 ) ),
 .UNSPECIFIED., .F., .F., .F.,
 ( 4, 4 ),
 ( 2, 2 ),
 ( 33.00000000000000000, 34.00000000000000000 ),
 ( 0.0000000000000000000, 1.000000000000000000 ),
 .UNSPECIFIED. ) ;
#8631 = FACE_OUTER_BOUND ( 'NONE', #3119, .T. ) ;
#8632 = VECTOR ( 'NONE', #7860, 1000.000000000000000 ) ;
#8633 = CARTESIAN_POINT ( 'NONE',  ( 0.03439470811148989000, 0.8703928434151132500, 0.9400000000000000600 ) ) ;
#8634 = DIRECTION ( 'NONE',  ( -1.000000000000000000, 0.0000000000000000000, 0.0000000000000000000 ) ) ;
#8635 = PLANE ( 'NONE',  #2778 ) ;
#8636 =( GEOMETRIC_REPRESENTATION_CONTEXT ( 3 ) GLOBAL_UNCERTAINTY_ASSIGNED_CONTEXT ( ( #7190 ) ) GLOBAL_UNIT_ASSIGNED_CONTEXT ( ( #9696, #9651, #9617 ) ) REPRESENTATION_CONTEXT ( 'NONE', 'WORKASPACE' ) );
#8637 = CARTESIAN_POINT ( 'NONE',  ( 0.02613141167001858900, 0.7133900960998563700, 0.9400000000000000600 ) ) ;
#8638 = EDGE_LOOP ( 'NONE', ( #519, #5550, #9155, #6911 ) ) ;
#8639 = ORIENTED_EDGE ( 'NONE', *, *, #4305, .T. ) ;
#8640 = CARTESIAN_POINT ( 'NONE',  ( 0.6249999999999960000, -0.3750000000000063800, -0.02000000000000000000 ) ) ;
#8641 = CARTESIAN_POINT ( 'NONE',  ( 0.6112428053194750600, 0.6209123545300122600, 0.9300000000000000500 ) ) ;
#8642 = EDGE_CURVE ( 'NONE', #8031, #9667, #6643, .T. ) ;
#8643 = VERTEX_POINT ( 'NONE', #3669 ) ;
#8644 = DIRECTION ( 'NONE',  ( -1.000000000000000000, -8.602582885162283700E-014, 0.0000000000000000000 ) ) ;
#8645 = SURFACE_STYLE_FILL_AREA ( #25 ) ;
#8646 = LINE ( 'NONE', #9005, #4102 ) ;
#8647 = PRESENTATION_STYLE_ASSIGNMENT (( #1491 ) ) ;
#8648 = EDGE_CURVE ( 'NONE', #3805, #9451, #2426, .T. ) ;
#8649 = PLANE ( 'NONE',  #8928 ) ;
#8650 = DIRECTION ( 'NONE',  ( 0.0000000000000000000, 0.0000000000000000000, 1.000000000000000000 ) ) ;
#8651 = EDGE_LOOP ( 'NONE', ( #4804, #305, #8611, #2660, #1603, #1945, #5975, #6340 ) ) ;
#8652 = DIRECTION ( 'NONE',  ( 0.0000000000000000000, 0.0000000000000000000, -1.000000000000000000 ) ) ;
#8653 = EDGE_CURVE ( 'NONE', #4990, #6691, #8659, .T. ) ;
#8654 = EDGE_CURVE ( 'NONE', #3236, #4949, #4113, .T. ) ;
#8655 = CARTESIAN_POINT ( 'NONE',  ( 0.7996736623527519500, 0.6700811473390668700, 0.9300000000000000500 ) ) ;
#8656 = ORIENTED_EDGE ( 'NONE', *, *, #475, .F. ) ;
#8657 = CARTESIAN_POINT ( 'NONE',  ( 0.7564962330183363500, 0.8118437392950346200, 0.9300000000000000500 ) ) ;
#8658 = VECTOR ( 'NONE', #6813, 1000.000000000000000 ) ;
#8659 = LINE ( 'NONE', #6228, #1936 ) ;
#8660 = FACE_OUTER_BOUND ( 'NONE', #4605, .T. ) ;
#8661 = CARTESIAN_POINT ( 'NONE',  ( 0.8550813956392314700, 0.7176159319277641800, 0.9400000000000000600 ) ) ;
#8662 = ORIENTED_EDGE ( 'NONE', *, *, #9888, .F. ) ;
#8663 = CARTESIAN_POINT ( 'NONE',  ( 0.6760832224229499400, 0.6318057426650612900, 0.9400000000000000600 ) ) ;
#8664 = CARTESIAN_POINT ( 'NONE',  ( 0.02613141167001858900, 0.7133900960998563700, 0.9400000000000000600 ) ) ;
#8665 = ORIENTED_EDGE ( 'NONE', *, *, #7743, .T. ) ;
#8666 = EDGE_CURVE ( 'NONE', #2886, #10844, #2183, .T. ) ;
#8667 = AXIS2_PLACEMENT_3D ( 'NONE', #10783, #1901, #4895 ) ;
#8668 = CARTESIAN_POINT ( 'NONE',  ( 0.1913974849792963500, 0.7016837430564193400, 0.9400000000000000600 ) ) ;
#8669 = VECTOR ( 'NONE', #10368, 1000.000000000000000 ) ;
#8670 = DIRECTION ( 'NONE',  ( 1.000000000000000000, -0.0000000000000000000, -0.0000000000000000000 ) ) ;
#8671 = CARTESIAN_POINT ( 'NONE',  ( 0.5146382587228371900, 0.6652781534791097900, 0.9400000000000000600 ) ) ;
#8672 = LINE ( 'NONE', #3767, #6382 ) ;
#8673 = CARTESIAN_POINT ( 'NONE',  ( 0.5547952486202794000, 0.8180331643712409600, 0.9400000000000000600 ) ) ;
#8674 = CARTESIAN_POINT ( 'NONE',  ( 0.7762776355632417000, 0.7176159319277641800, 0.9400000000000000600 ) ) ;
#8675 = ADVANCED_FACE ( 'NONE', ( #10349, #6115 ), #10459, .F. ) ;
#8676 = CARTESIAN_POINT ( 'NONE',  ( 0.5944323268112803300, 0.5881826747243045200, 0.9400000000000000600 ) ) ;
#8677 = MECHANICAL_DESIGN_GEOMETRIC_PRESENTATION_REPRESENTATION (  '', ( #4665 ), #9211 ) ;
#8678 = VERTEX_POINT ( 'NONE', #1282 ) ;
#8679 = DIRECTION ( 'NONE',  ( -0.0000000000000000000, -0.0000000000000000000, -1.000000000000000000 ) ) ;
#8680 = CARTESIAN_POINT ( 'NONE',  ( 0.5648221172442943200, 0.6209618699305621300, 0.9300000000000000500 ) ) ;
#8681 = CARTESIAN_POINT ( 'NONE',  ( 0.5310773717265184800, 0.6357174593130073800, 0.9400000000000000600 ) ) ;
#8682 = ORIENTED_EDGE ( 'NONE', *, *, #8228, .T. ) ;
#8683 = VECTOR ( 'NONE', #1341, 1000.000000000000000 ) ;
#8684 = SURFACE_STYLE_FILL_AREA ( #311 ) ;
#8685 = DIRECTION ( 'NONE',  ( 1.047444401652940000E-014, 1.000000000000000000, 0.0000000000000000000 ) ) ;
#8686 = ORIENTED_EDGE ( 'NONE', *, *, #6314, .F. ) ;
#8687 = VECTOR ( 'NONE', #8703, 999.9999999999998900 ) ;
#8688 = FACE_OUTER_BOUND ( 'NONE', #1269, .T. ) ;
#8689 = CARTESIAN_POINT ( 'NONE',  ( 0.7893249436251499300, 0.6419068843898757500, 0.9400000000000000600 ) ) ;
#8690 = CARTESIAN_POINT ( 'NONE',  ( 0.5025069855725459200, 0.6760229954124842300, 0.9400000000000000600 ) ) ;
#8691 = DIRECTION ( 'NONE',  ( -3.491481338843134100E-015, -1.000000000000000000, 0.0000000000000000000 ) ) ;
#8692 = VERTEX_POINT ( 'NONE', #2102 ) ;
#8693 = VERTEX_POINT ( 'NONE', #8009 ) ;
#8694 = FILL_AREA_STYLE_COLOUR ( '', #6160 ) ;
#8695 = FACE_BOUND ( 'NONE', #5935, .T. ) ;
#8696 = LINE ( 'NONE', #2306, #4162 ) ;
#8697 = DIRECTION ( 'NONE',  ( 0.0000000000000000000, -1.000000000000000000, 0.0000000000000000000 ) ) ;
#8698 = CARTESIAN_POINT ( 'NONE',  ( 0.5699964766084249000, 0.6246260095757295600, 0.9300000000000000500 ) ) ;
#8699 = DIRECTION ( 'NONE',  ( -0.0000000000000000000, 1.000000000000000000, -0.0000000000000000000 ) ) ;
#8700 = DIRECTION ( 'NONE',  ( 0.0000000000000000000, -1.000000000000000000, 0.0000000000000000000 ) ) ;
#8701 = ORIENTED_EDGE ( 'NONE', *, *, #7613, .F. ) ;
#8702 = ADVANCED_FACE ( 'NONE', ( #5843 ), #6257, .T. ) ;
#8703 = DIRECTION ( 'NONE',  ( -0.3385350342956943100, -0.9409537876826965500, 0.0000000000000000000 ) ) ;
#8704 = ORIENTED_EDGE ( 'NONE', *, *, #1953, .T. ) ;
#8705 = CARTESIAN_POINT ( 'NONE',  ( 0.7615963192816301900, 0.7176159319277641800, 0.9400000000000000600 ) ) ;
#8706 = LINE ( 'NONE', #2440, #4171 ) ;
#8707 = LINE ( 'NONE', #4622, #1982 ) ;
#8708 = B_SPLINE_CURVE_WITH_KNOTS ( 'NONE', 3,
 ( #8739, #6729, #8775, #8798 ),
 .UNSPECIFIED., .F., .F.,
 ( 4, 4 ),
 ( 4.000000000000000000, 5.000000000000000000 ),
 .UNSPECIFIED. ) ;
#8709 = CARTESIAN_POINT ( 'NONE',  ( 0.6250000000000040000, 0.3749999999999936200, -0.02000000000000000000 ) ) ;
#8710 = CARTESIAN_POINT ( 'NONE',  ( -0.8750000000000013300, -0.3749999999999970600, -0.02000000000000000000 ) ) ;
#8711 = CARTESIAN_POINT ( 'NONE',  ( 0.08672897144559160700, 0.8972485831191486800, 0.9400000000000000600 ) ) ;
#8712 = EDGE_CURVE ( 'NONE', #7436, #10283, #1676, .T. ) ;
#8713 = EDGE_CURVE ( 'NONE', #10312, #717, #3605, .T. ) ;
#8714 = CARTESIAN_POINT ( 'NONE',  ( 0.6249999999999960000, -0.3750000000000063800, 0.0000000000000000000 ) ) ;
#8715 = ORIENTED_EDGE ( 'NONE', *, *, #57, .F. ) ;
#8716 = EDGE_CURVE ( 'NONE', #10144, #5917, #10584, .T. ) ;
#8717 = EDGE_CURVE ( 'NONE', #809, #5973, #7887, .T. ) ;
#8718 = CARTESIAN_POINT ( 'NONE',  ( 0.5658124252567533500, 0.6571081123779910500, 0.9400000000000000600 ) ) ;
#8719 = ADVANCED_FACE ( 'NONE', ( #7607 ), #899, .T. ) ;
#8720 = VERTEX_POINT ( 'NONE', #2904 ) ;
#8721 = VECTOR ( 'NONE', #9391, 1000.000000000000000 ) ;
#8722 = EDGE_CURVE ( 'NONE', #6049, #4919, #5334, .T. ) ;
#8723 = CARTESIAN_POINT ( 'NONE',  ( 0.5694270495013639100, 0.6905310077921418300, 0.9300000000000000500 ) ) ;
#8724 = EDGE_CURVE ( 'NONE', #7496, #7626, #3064, .T. ) ;
#8725 = DIRECTION ( 'NONE',  ( 1.000000000000000000, -0.0000000000000000000, -0.0000000000000000000 ) ) ;
#8726 = CARTESIAN_POINT ( 'NONE',  ( 0.6251813905923989700, 0.8601212548927491500, 0.9300000000000000500 ) ) ;
#8727 = EDGE_LOOP ( 'NONE', ( #10480, #4982, #4238, #10347 ) ) ;
#8728 = EDGE_LOOP ( 'NONE', ( #3532, #8347, #8553, #8348 ) ) ;
#8729 = SURFACE_STYLE_FILL_AREA ( #2073 ) ;
#8730 = VECTOR ( 'NONE', #10723, 1000.000000000000000 ) ;
#8731 = CARTESIAN_POINT ( 'NONE',  ( -0.7990646368227771700, 0.7972593383840376200, 0.9100000000000000300 ) ) ;
#8732 = FILL_AREA_STYLE ('',( #7913 ) ) ;
#8733 = VERTEX_POINT ( 'NONE', #8070 ) ;
#8734 = PRESENTATION_STYLE_ASSIGNMENT (( #1464 ) ) ;
#8735 = ADVANCED_FACE ( 'NONE', ( #1430 ), #939, .F. ) ;
#8736 = CARTESIAN_POINT ( 'NONE',  ( 0.5568996531462886400, 0.6816677510825681600, 0.9400000000000000600 ) ) ;
#8737 = VERTEX_POINT ( 'NONE', #9734 ) ;
#8738 = CARTESIAN_POINT ( 'NONE',  ( 0.4545265623781696900, 0.7948104414836739700, 0.9300000000000000500 ) ) ;
#8739 = CARTESIAN_POINT ( 'NONE',  ( 0.004095928223868394700, 0.8400940602442806800, 0.9300000000000000500 ) ) ;
#8740 = ORIENTED_EDGE ( 'NONE', *, *, #5458, .T. ) ;
#8741 = FACE_OUTER_BOUND ( 'NONE', #393, .T. ) ;
#8742 = CARTESIAN_POINT ( 'NONE',  ( 0.6031717950194684900, 0.6017994098932834000, 0.9300000000000000500 ) ) ;
#8743 = FACE_OUTER_BOUND ( 'NONE', #6492, .T. ) ;
#8744 = MECHANICAL_DESIGN_GEOMETRIC_PRESENTATION_REPRESENTATION (  '', ( #7049 ), #9291 ) ;
#8745 = ORIENTED_EDGE ( 'NONE', *, *, #1124, .T. ) ;
#8746 = VERTEX_POINT ( 'NONE', #10600 ) ;
#8747 = ADVANCED_FACE ( 'NONE', ( #2826, #902 ), #6363, .T. ) ;
#8748 = ORIENTED_EDGE ( 'NONE', *, *, #1940, .F. ) ;
#8749 = CARTESIAN_POINT ( 'NONE',  ( 0.4452424247632018100, 0.7176159319277641800, 0.9300000000000000500 ) ) ;
#8750 = CARTESIAN_POINT ( 'NONE',  ( 0.3160356479979080600, 0.7168331264331474500, 0.9300000000000000500 ) ) ;
#8751 = CARTESIAN_POINT ( 'NONE',  ( 0.5159751745395185800, 0.8597251316876345400, 0.9400000000000000600 ) ) ;
#8752 = VECTOR ( 'NONE', #7315, 1000.000000000000000 ) ;
#8753 = DIRECTION ( 'NONE',  ( 1.000000000000000000, 0.0000000000000000000, -0.0000000000000000000 ) ) ;
#8754 = VERTEX_POINT ( 'NONE', #5574 ) ;
#8755 = ORIENTED_EDGE ( 'NONE', *, *, #418, .F. ) ;
#8756 = DIRECTION ( 'NONE',  ( 0.0000000000000000000, -0.0000000000000000000, -1.000000000000000000 ) ) ;
#8757 = EDGE_LOOP ( 'NONE', ( #2413, #10542, #5027, #123, #1908, #2181, #1005, #6337, #7872, #2911, #4545, #4616, #633, #3213, #2444 ) ) ;
#8758 = AXIS2_PLACEMENT_3D ( 'NONE', #7840, #6920, #1890 ) ;
#8759 = EDGE_LOOP ( 'NONE', ( #7270, #291, #2154, #4321 ) ) ;
#8760 = FILL_AREA_STYLE ('',( #8573 ) ) ;
#8761 = CARTESIAN_POINT ( 'NONE',  ( 0.4635136075897990400, 0.8217468194176258400, 0.9300000000000000500 ) ) ;
#8762 = VECTOR ( 'NONE', #1426, 1000.000000000000000 ) ;
#8763 = VECTOR ( 'NONE', #4924, 1000.000000000000000 ) ;
#8765 = CARTESIAN_POINT ( 'NONE',  ( 0.6190414809160874600, 0.6378466215395937100, 0.9400000000000000600 ) ) ;
#8764 = LINE ( 'NONE', #8462, #6768 ) ;
#8766 = CARTESIAN_POINT ( 'NONE',  ( 0.6915320274138230200, 0.8240740432464388500, 0.9400000000000000600 ) ) ;
#8767 = CARTESIAN_POINT ( 'NONE',  ( 0.5744776203641002200, 0.6884513609661171400, 0.9300000000000000500 ) ) ;
#8768 = ORIENTED_EDGE ( 'NONE', *, *, #8898, .T. ) ;
#8769 = ADVANCED_FACE ( 'NONE', ( #628 ), #8211, .F. ) ;
#8770 = ORIENTED_EDGE ( 'NONE', *, *, #3787, .T. ) ;
#8771 = B_SPLINE_CURVE_WITH_KNOTS ( 'NONE', 3,
 ( #3981, #862, #8425, #7586 ),
 .UNSPECIFIED., .F., .F.,
 ( 4, 4 ),
 ( 7.000000000000000000, 8.000000000000000000 ),
 .UNSPECIFIED. ) ;
#8772 = LINE ( 'NONE', #9156, #8508 ) ;
#8773 = LINE ( 'NONE', #6582, #10707 ) ;
#8774 = CARTESIAN_POINT ( 'NONE',  ( 0.5068395831262153500, 0.7727760882107978000, 0.9300000000000000500 ) ) ;
#8775 = CARTESIAN_POINT ( 'NONE',  ( -0.006233202178846384100, 0.8414712763175875600, 0.9300000000000000500 ) ) ;
#8776 = STYLED_ITEM ( 'NONE', ( #9551 ), #5153 ) ;
#8777 = PRESENTATION_STYLE_ASSIGNMENT (( #6292 ) ) ;
#8778 = EDGE_CURVE ( 'NONE', #1912, #1385, #9286, .T. ) ;
#8779 = ORIENTED_EDGE ( 'NONE', *, *, #2617, .F. ) ;
#8780 = MECHANICAL_DESIGN_GEOMETRIC_PRESENTATION_REPRESENTATION (  '', ( #6482 ), #9329 ) ;
#8781 = ORIENTED_EDGE ( 'NONE', *, *, #7083, .F. ) ;
#8782 = FACE_OUTER_BOUND ( 'NONE', #9336, .T. ) ;
#8783 = FACE_OUTER_BOUND ( 'NONE', #6063, .T. ) ;
#8784 = EDGE_CURVE ( 'NONE', #5280, #4546, #5043, .T. ) ;
#8785 = COLOUR_RGB ( '',0.6666666666666666300, 0.6666666666666666300, 0.6666666666666666300 ) ;
#8786 = CARTESIAN_POINT ( 'NONE',  ( 0.5158266283375156900, 0.7860957309757735700, 0.9300000000000000500 ) ) ;
#8787 = EDGE_CURVE ( 'NONE', #6762, #8602, #7056, .T. ) ;
#8788 = ADVANCED_FACE ( 'NONE', ( #6778 ), #979, .F. ) ;
#8789 = SURFACE_SIDE_STYLE ('',( #9582 ) ) ;
#8790 = CARTESIAN_POINT ( 'NONE',  ( 0.6760832224229544900, 0.7064749667899301600, 0.9300000000000000500 ) ) ;
#8791 = EDGE_LOOP ( 'NONE', ( #838, #6897, #6810, #382 ) ) ;
#8792 = EDGE_CURVE ( 'NONE', #415, #10581, #4976, .T. ) ;
#8793 = EDGE_LOOP ( 'NONE', ( #5169, #4776, #9526, #7914 ) ) ;
#8794 = VECTOR ( 'NONE', #10685, 1000.000000000000000 ) ;
#8795 = CARTESIAN_POINT ( 'NONE',  ( 0.4863154495719740300, 0.6532954265311441400, 0.9400000000000000600 ) ) ;
#8796 = PRESENTATION_STYLE_ASSIGNMENT (( #2710 ) ) ;
#8797 = CARTESIAN_POINT ( 'NONE',  ( 0.6398131914727888100, 0.8601212548927491500, 0.9400000000000000600 ) ) ;
#8798 = CARTESIAN_POINT ( 'NONE',  ( -0.01174206647338270300, 0.8414712763175875600, 0.9300000000000000500 ) ) ;
#8799 = CARTESIAN_POINT ( 'NONE',  ( 0.4748773920304684700, 0.6322018658695104400, 0.9300000000000000500 ) ) ;
#8800 = AXIS2_PLACEMENT_3D ( 'NONE', #2238, #8904, #1225 ) ;
#8801 = CARTESIAN_POINT ( 'NONE',  ( 0.6157487067751006300, 0.6379456523407053300, 0.9400000000000000600 ) ) ;
#8802 = EDGE_LOOP ( 'NONE', ( #7109, #6111, #627, #875 ) ) ;
#8803 = CARTESIAN_POINT ( 'NONE',  ( 0.5448921684977193800, 0.6774094266293947400, 0.9400000000000000600 ) ) ;
#8804 = CARTESIAN_POINT ( 'NONE',  ( 0.4960947411931701000, 0.7727760882107978000, 0.9300000000000000500 ) ) ;
#8805 = ORIENTED_EDGE ( 'NONE', *, *, #1685, .T. ) ;
#8806 = SURFACE_STYLE_FILL_AREA ( #5793 ) ;
#8807 = LINE ( 'NONE', #1174, #2326 ) ;
#8808 = DIRECTION ( 'NONE',  ( 0.0000000000000000000, 1.000000000000000000, 0.0000000000000000000 ) ) ;
#8809 = AXIS2_PLACEMENT_3D ( 'NONE', #4139, #10062, #4989 ) ;
#8810 = CARTESIAN_POINT ( 'NONE',  ( 0.4666825932287401700, 0.8009503511599862500, 0.9400000000000000600 ) ) ;
#8811 =( NAMED_UNIT ( * ) SI_UNIT ( $, .STERADIAN. ) SOLID_ANGLE_UNIT ( ) );
#8812 = VERTEX_POINT ( 'NONE', #2614 ) ;
#8813 = VECTOR ( 'NONE', #6847, 1000.000000000000000 ) ;
#8814 = CARTESIAN_POINT ( 'NONE',  ( -0.03928643391532113400, 0.6218051319819646300, 0.9300000000000000500 ) ) ;
#8815 = ORIENTED_EDGE ( 'NONE', *, *, #6208, .T. ) ;
#8816 = VERTEX_POINT ( 'NONE', #9097 ) ;
#8817 = UNCERTAINTY_MEASURE_WITH_UNIT (LENGTH_MEASURE( 1.000000000000000100E-005 ), #8085, 'distance_accuracy_value', 'NONE');
#8818 = CARTESIAN_POINT ( 'NONE',  ( 0.4452424247632018100, 0.7064749667899272700, 0.9400000000000000600 ) ) ;
#8819 = DIRECTION ( 'NONE',  ( 0.0000000000000000000, -0.0000000000000000000, -1.000000000000000000 ) ) ;
#8820 = FACE_OUTER_BOUND ( 'NONE', #5984, .T. ) ;
#8821 = ADVANCED_FACE ( 'NONE', ( #9552 ), #8234, .F. ) ;
#8822 = CARTESIAN_POINT ( 'NONE',  ( 0.6059198997533431500, 0.6083354427740475000, 0.9400000000000000600 ) ) ;
#8823 = VERTEX_POINT ( 'NONE', #828 ) ;
#8824 = PLANE ( 'NONE',  #546 ) ;
#8825 = DIRECTION ( 'NONE',  ( 0.0000000000000000000, -1.000000000000000000, 0.0000000000000000000 ) ) ;
#8826 = CARTESIAN_POINT ( 'NONE',  ( 0.0000000000000000000, 0.0000000000000000000, 0.9300000000000000500 ) ) ;
#8827 = CARTESIAN_POINT ( 'NONE',  ( 0.4713617985869710800, 0.6369553443289065500, 0.9400000000000000600 ) ) ;
#8828 = CYLINDRICAL_SURFACE ( 'NONE', #4554, 0.09299432094351936500 ) ;
#8829 = VECTOR ( 'NONE', #978, 1000.000000000000000 ) ;
#8830 = CARTESIAN_POINT ( 'NONE',  ( 0.6126787519372730600, 0.7744100964311586600, 0.9400000000000000600 ) ) ;
#8831 = DIRECTION ( 'NONE',  ( 0.0000000000000000000, -0.0000000000000000000, -1.000000000000000000 ) ) ;
#8832 = CARTESIAN_POINT ( 'NONE',  ( 0.4550464740846773000, 0.8491288359565890600, 0.9300000000000000500 ) ) ;
#8833 = ORIENTED_EDGE ( 'NONE', *, *, #623, .T. ) ;
#8834 =( GEOMETRIC_REPRESENTATION_CONTEXT ( 3 ) GLOBAL_UNCERTAINTY_ASSIGNED_CONTEXT ( ( #1422 ) ) GLOBAL_UNIT_ASSIGNED_CONTEXT ( ( #589, #562, #526 ) ) REPRESENTATION_CONTEXT ( 'NONE', 'WORKASPACE' ) );
#8835 = EDGE_CURVE ( 'NONE', #8837, #4716, #2554, .T. ) ;
#8836 = VERTEX_POINT ( 'NONE', #2127 ) ;
#8837 = VERTEX_POINT ( 'NONE', #4097 ) ;
#8838 = B_SPLINE_CURVE_WITH_KNOTS ( 'NONE', 3,
 ( #8021, #8810, #4607, #10502 ),
 .UNSPECIFIED., .F., .F.,
 ( 4, 4 ),
 ( 10.00000000000000000, 11.00000000000000000 ),
 .UNSPECIFIED. ) ;
#8839 = VECTOR ( 'NONE', #9229, 1000.000000000000000 ) ;
#8840 = CARTESIAN_POINT ( 'NONE',  ( 0.8413161142685853200, 0.6472545476559552500, 0.9400000000000000600 ) ) ;
#8841 = DIRECTION ( 'NONE',  ( 0.0000000000000000000, 0.0000000000000000000, -1.000000000000000000 ) ) ;
#8842 = EDGE_CURVE ( 'NONE', #481, #8537, #4643, .T. ) ;
#8843 = STYLED_ITEM ( 'NONE', ( #4667 ), #15 ) ;
#8844 = DIRECTION ( 'NONE',  ( -0.0000000000000000000, 1.000000000000000000, -0.0000000000000000000 ) ) ;
#8845 = EDGE_CURVE ( 'NONE', #1760, #5986, #2296, .T. ) ;
#8846 = ORIENTED_EDGE ( 'NONE', *, *, #6864, .F. ) ;
#8847 = VERTEX_POINT ( 'NONE', #5577 ) ;
#8848 = ADVANCED_FACE ( 'NONE', ( #9014 ), #2745, .T. ) ;
#8849 = EDGE_CURVE ( 'NONE', #2368, #9558, #4244, .T. ) ;
#8851 = DIRECTION ( 'NONE',  ( -0.0000000000000000000, -0.0000000000000000000, -1.000000000000000000 ) ) ;
#8850 = VECTOR ( 'NONE', #6669, 1000.000000000000000 ) ;
#8852 = CARTESIAN_POINT ( 'NONE',  ( 0.6251813905923989700, 0.7854520307678748400, 0.9400000000000000600 ) ) ;
#8853 = ORIENTED_EDGE ( 'NONE', *, *, #5648, .T. ) ;
#8854 = EDGE_CURVE ( 'NONE', #8245, #8571, #8773, .T. ) ;
#8855 = ORIENTED_EDGE ( 'NONE', *, *, #10840, .F. ) ;
#8856 = LINE ( 'NONE', #8593, #2137 ) ;
#8857 = PRESENTATION_LAYER_ASSIGNMENT (  '', '', ( #7167 ) ) ;
#8858 = VERTEX_POINT ( 'NONE', #10373 ) ;
#8859 = CARTESIAN_POINT ( 'NONE',  ( 0.7605317381683398500, 0.6318057426650612900, 0.9400000000000000600 ) ) ;
#8860 = CARTESIAN_POINT ( 'NONE',  ( 0.7107192451513806300, 0.7744100964311586600, 0.9400000000000000600 ) ) ;
#8861 = UNCERTAINTY_MEASURE_WITH_UNIT (LENGTH_MEASURE( 1.000000000000000100E-005 ), #144, 'distance_accuracy_value', 'NONE');
#8862 = DIRECTION ( 'NONE',  ( -3.491481338843134100E-015, -1.000000000000000000, 0.0000000000000000000 ) ) ;
#8863 = ORIENTED_EDGE ( 'NONE', *, *, #7025, .F. ) ;
#8864 = PLANE ( 'NONE',  #4754 ) ;
#8865 = CARTESIAN_POINT ( 'NONE',  ( 0.4503920264270551700, 0.8210040884079528000, 0.9300000000000000500 ) ) ;
#8866 = ORIENTED_EDGE ( 'NONE', *, *, #7963, .T. ) ;
#8867 = ORIENTED_EDGE ( 'NONE', *, *, #4500, .T. ) ;
#8868 = PLANE ( 'NONE',  #6003 ) ;
#8869 = ADVANCED_FACE ( 'NONE', ( #8509 ), #4419, .T. ) ;
#8870 = VECTOR ( 'NONE', #4201, 1000.000000000000000 ) ;
#8871 = DIRECTION ( 'NONE',  ( 1.000000000000000000, -0.0000000000000000000, -0.0000000000000000000 ) ) ;
#8872 = PLANE ( 'NONE',  #2885 ) ;
#8873 = EDGE_LOOP ( 'NONE', ( #4504, #5015, #10631, #3141 ) ) ;
#8874 = ORIENTED_EDGE ( 'NONE', *, *, #147, .F. ) ;
#8875 = ORIENTED_EDGE ( 'NONE', *, *, #697, .T. ) ;
#8876 = CARTESIAN_POINT ( 'NONE',  ( -0.03928643391532113400, 0.6218051319819646300, 0.9400000000000000600 ) ) ;
#8877 = B_SPLINE_CURVE_WITH_KNOTS ( 'NONE', 3,
 ( #2600, #4847, #6802, #9353 ),
 .UNSPECIFIED., .F., .F.,
 ( 4, 4 ),
 ( 33.00000000000000000, 34.00000000000000000 ),
 .UNSPECIFIED. ) ;
#8878 = CARTESIAN_POINT ( 'NONE',  ( 0.8597606009971351400, 0.6984534718904845700, 0.9400000000000000600 ) ) ;
#8879 = EDGE_LOOP ( 'NONE', ( #9572, #3101, #2918, #3157 ) ) ;
#8880 = ORIENTED_EDGE ( 'NONE', *, *, #9036, .F. ) ;
#8881 = PLANE ( 'NONE',  #1622 ) ;
#8882 = EDGE_LOOP ( 'NONE', ( #472, #1278, #8880, #3966 ) ) ;
#8883 = CARTESIAN_POINT ( 'NONE',  ( 0.4424943200293258200, 0.6754783260056996800, 0.9400000000000000600 ) ) ;
#8884 = FACE_OUTER_BOUND ( 'NONE', #2275, .T. ) ;
#8885 = LINE ( 'NONE', #6546, #2415 ) ;
#8886 = LINE ( 'NONE', #615, #244 ) ;
#8887 = LINE ( 'NONE', #3907, #2177 ) ;
#8888 = CARTESIAN_POINT ( 'NONE',  ( 0.1672961807064048700, 0.6417747683330283800, 0.9300000000000000500 ) ) ;
#8889 = ORIENTED_EDGE ( 'NONE', *, *, #5227, .T. ) ;
#8890 = DIRECTION ( 'NONE',  ( 0.0000000000000000000, 0.0000000000000000000, -1.000000000000000000 ) ) ;
#8891 = DIRECTION ( 'NONE',  ( -0.0000000000000000000, -0.0000000000000000000, -1.000000000000000000 ) ) ;
#8892 = VERTEX_POINT ( 'NONE', #2465 ) ;
#8893 = DIRECTION ( 'NONE',  ( 0.9369753459545578900, 0.3493954794689488900, -0.0000000000000000000 ) ) ;
#8894 = LINE ( 'NONE', #6687, #10836 ) ;
#8895 = LINE ( 'NONE', #7064, #4392 ) ;
#8896 = SURFACE_SIDE_STYLE ('',( #4053 ) ) ;
#8897 = VECTOR ( 'NONE', #483, 1000.000000000000000 ) ;
#8898 = EDGE_CURVE ( 'NONE', #10365, #2900, #5367, .T. ) ;
#8899 = EDGE_CURVE ( 'NONE', #9365, #5621, #3970, .T. ) ;
#8900 = B_SPLINE_CURVE_WITH_KNOTS ( 'NONE', 3,
 ( #7543, #815, #8384, #3278 ),
 .UNSPECIFIED., .F., .F.,
 ( 4, 4 ),
 ( 8.000000000000000000, 9.000000000000000000 ),
 .UNSPECIFIED. ) ;
#8901 = CARTESIAN_POINT ( 'NONE',  ( 0.1170277513332148400, 0.8972485831191486800, 0.9300000000000000500 ) ) ;
#8902 = ORIENTED_EDGE ( 'NONE', *, *, #3293, .F. ) ;
#8903 = B_SPLINE_CURVE_WITH_KNOTS ( 'NONE', 3,
 ( #7788, #6252, #1842, #8568 ),
 .UNSPECIFIED., .F., .F.,
 ( 4, 4 ),
 ( 4.000000000000000000, 5.000000000000000000 ),
 .UNSPECIFIED. ) ;
#8904 = DIRECTION ( 'NONE',  ( -1.000000000000000000, 0.0000000000000000000, 0.0000000000000000000 ) ) ;
#8905 = EDGE_CURVE ( 'NONE', #3134, #219, #10087, .T. ) ;
#8906 = ORIENTED_EDGE ( 'NONE', *, *, #1473, .F. ) ;
#8907 =( NAMED_UNIT ( * ) SI_UNIT ( $, .STERADIAN. ) SOLID_ANGLE_UNIT ( ) );
#8908 = FACE_OUTER_BOUND ( 'NONE', #10788, .T. ) ;
#8909 = EDGE_CURVE ( 'NONE', #3492, #6589, #6497, .T. ) ;
#8910 = CARTESIAN_POINT ( 'NONE',  ( 0.2905571210839667500, 0.6514153005493975600, 0.9300000000000000500 ) ) ;
#8911 = AXIS2_PLACEMENT_3D ( 'NONE', #3699, #5417, #432 ) ;
#8912 = CARTESIAN_POINT ( 'NONE',  ( 0.5229073306253952900, 0.7904035708294961900, 0.9400000000000000600 ) ) ;
#8913 = EDGE_LOOP ( 'NONE', ( #10217, #356, #1322, #4030, #5850, #3181, #6046 ) ) ;
#8914 = EDGE_CURVE ( 'NONE', #10744, #9081, #6240, .T. ) ;
#8915 = ORIENTED_EDGE ( 'NONE', *, *, #7673, .T. ) ;
#8916 = LINE ( 'NONE', #1480, #8683 ) ;
#8917 = FACE_OUTER_BOUND ( 'NONE', #1623, .T. ) ;
#8918 = DIRECTION ( 'NONE',  ( -0.0000000000000000000, 1.000000000000000000, -0.0000000000000000000 ) ) ;
#8919 = EDGE_CURVE ( 'NONE', #3068, #9805, #8159, .T. ) ;
#8920 = ADVANCED_FACE ( 'NONE', ( #1550 ), #3946, .F. ) ;
#8921 = EDGE_CURVE ( 'NONE', #7558, #7800, #7292, .T. ) ;
#8922 = ORIENTED_EDGE ( 'NONE', *, *, #3912, .T. ) ;
#8923 = VERTEX_POINT ( 'NONE', #4808 ) ;
#8924 = LINE ( 'NONE', #8878, #8687 ) ;
#8925 = CARTESIAN_POINT ( 'NONE',  ( 0.5025069855725459200, 0.6647334840729866000, 0.9300000000000000500 ) ) ;
#8926 = CARTESIAN_POINT ( 'NONE',  ( 0.7702367566887100600, 0.7744100964311179100, 0.9300000000000000500 ) ) ;
#8927 = CARTESIAN_POINT ( 'NONE',  ( 0.5364250349926026300, 0.6205162313248981900, 0.9400000000000000600 ) ) ;
#8928 = AXIS2_PLACEMENT_3D ( 'NONE', #8987, #5750, #5744 ) ;
#8929 = CARTESIAN_POINT ( 'NONE',  ( 0.7996736623527519500, 0.6700811473390668700, 0.9400000000000000600 ) ) ;
#8930 = CARTESIAN_POINT ( 'NONE',  ( 0.5580880227609703600, 0.6191298001079786900, 0.9300000000000000500 ) ) ;
#8931 = DIRECTION ( 'NONE',  ( -1.000000000000000000, 0.0000000000000000000, -0.0000000000000000000 ) ) ;
#8932 = CARTESIAN_POINT ( 'NONE',  ( 0.3749999999999998900, 0.6250000000000000000, 0.0000000000000000000 ) ) ;
#8933 = CARTESIAN_POINT ( 'NONE',  ( 0.2106785231440085300, 0.8614409290860360900, 0.9300000000000000500 ) ) ;
#8934 = FACE_BOUND ( 'NONE', #6184, .T. ) ;
#8935 = LINE ( 'NONE', #6392, #6412 ) ;
#8936 = PLANE ( 'NONE',  #4014 ) ;
#8937 = PLANE ( 'NONE',  #7450 ) ;
#8938 = DIRECTION ( 'NONE',  ( -1.000000000000000000, 0.0000000000000000000, 0.0000000000000000000 ) ) ;
#8939 = EDGE_LOOP ( 'NONE', ( #674, #9890, #9507, #5016 ) ) ;
#8940 = ORIENTED_EDGE ( 'NONE', *, *, #10252, .T. ) ;
#8941 = SURFACE_SIDE_STYLE ('',( #5799 ) ) ;
#8942 = FACE_OUTER_BOUND ( 'NONE', #7792, .T. ) ;
#8943 = CARTESIAN_POINT ( 'NONE',  ( 0.0000000000000000000, 0.0000000000000000000, 0.9400000000000000600 ) ) ;
#8944 = CARTESIAN_POINT ( 'NONE',  ( 0.8749999999999958900, -0.3750000000000091000, -0.02000000000000000000 ) ) ;
#8945 = EDGE_LOOP ( 'NONE', ( #3687, #8120, #827, #5263 ) ) ;
#8946 = EDGE_CURVE ( 'NONE', #5738, #1412, #8257, .T. ) ;
#8947 = EDGE_LOOP ( 'NONE', ( #4398, #1118, #2695, #2282 ) ) ;
#8948 = FACE_OUTER_BOUND ( 'NONE', #9826, .T. ) ;
#8949 = CARTESIAN_POINT ( 'NONE',  ( -0.04892693329625855100, 0.8001547941092382900, 0.9300000000000000500 ) ) ;
#8950 = EDGE_CURVE ( 'NONE', #4745, #8966, #10210, .T. ) ;
#8951 = CARTESIAN_POINT ( 'NONE',  ( -0.06269910716643506400, 0.6789596614239176200, 0.9300000000000000500 ) ) ;
#8952 = CARTESIAN_POINT ( 'NONE',  ( 0.6677646351194723700, 0.8510104211797279200, 0.9300000000000000500 ) ) ;
#8953 = ORIENTED_EDGE ( 'NONE', *, *, #2684, .T. ) ;
#8954 = EDGE_LOOP ( 'NONE', ( #9948, #4572, #3424, #4215 ) ) ;
#8955 = CARTESIAN_POINT ( 'NONE',  ( 0.7384726271951779200, 0.8520997599932974600, 0.9400000000000000600 ) ) ;
#8956 = LINE ( 'NONE', #4313, #8721 ) ;
#8957 = PLANE ( 'NONE',  #10623 ) ;
#8958 = DIRECTION ( 'NONE',  ( -0.9903286039881383800, -0.1387416884822467400, -0.0000000000000000000 ) ) ;
#8959 = B_SPLINE_CURVE_WITH_KNOTS ( 'NONE', 3,
 ( #7404, #7439, #2359, #1568, #2658, #8002, #2391 ),
 .UNSPECIFIED., .F., .F.,
 ( 4, 3, 4 ),
 ( 0.0000000000000000000, 1.000000000000000000, 2.000000000000000000 ),
 .UNSPECIFIED. ) ;
#8960 =( LENGTH_UNIT ( ) NAMED_UNIT ( * ) SI_UNIT ( .MILLI., .METRE. ) );
#8961 = ADVANCED_FACE ( 'NONE', ( #3710 ), #8252, .F. ) ;
#8962 = B_SPLINE_CURVE_WITH_KNOTS ( 'NONE', 3,
 ( #10291, #2743, #4416, #10335 ),
 .UNSPECIFIED., .F., .F.,
 ( 4, 4 ),
 ( 4.000000000000000000, 5.000000000000000000 ),
 .UNSPECIFIED. ) ;
#8963 = CARTESIAN_POINT ( 'NONE',  ( 0.5744776203641002200, 0.6766666956203898400, 0.9400000000000000600 ) ) ;
#8964 = STYLED_ITEM ( 'NONE', ( #2967 ), #7982 ) ;
#8965 = VERTEX_POINT ( 'NONE', #679 ) ;
#8966 = VERTEX_POINT ( 'NONE', #22 ) ;
#8967 = CARTESIAN_POINT ( 'NONE',  ( 0.5921793760833068400, 0.8601212548927491500, 0.9300000000000000500 ) ) ;
#8968 = LINE ( 'NONE', #3388, #2011 ) ;
#8969 =( LENGTH_UNIT ( ) NAMED_UNIT ( * ) SI_UNIT ( .MILLI., .METRE. ) );
#8970 = CARTESIAN_POINT ( 'NONE',  ( 0.6635805837677987200, 0.7176159319277641800, 0.9400000000000000600 ) ) ;
#8971 = FACE_BOUND ( 'NONE', #4983, .T. ) ;
#8972 = EDGE_CURVE ( 'NONE', #8693, #2795, #9813, .T. ) ;
#8973 = MECHANICAL_DESIGN_GEOMETRIC_PRESENTATION_REPRESENTATION (  '', ( #7303 ), #9544 ) ;
#8974 = DIRECTION ( 'NONE',  ( 1.000000000000000000, -3.491481338843133400E-015, 0.0000000000000000000 ) ) ;
#8975 = DIRECTION ( 'NONE',  ( 0.0000000000000000000, 0.0000000000000000000, 1.000000000000000000 ) ) ;
#8976 = FACE_OUTER_BOUND ( 'NONE', #6842, .T. ) ;
#8977 = EDGE_CURVE ( 'NONE', #10496, #801, #3459, .T. ) ;
#8978 = CARTESIAN_POINT ( 'NONE',  ( 0.7337934218372772500, 0.8712622200305831800, 0.9400000000000000600 ) ) ;
#8979 = ORIENTED_EDGE ( 'NONE', *, *, #7009, .F. ) ;
#8980 = ORIENTED_EDGE ( 'NONE', *, *, #3524, .F. ) ;
#8981 = VERTEX_POINT ( 'NONE', #10101 ) ;
#8982 = LINE ( 'NONE', #8453, #2263 ) ;
#8983 = CARTESIAN_POINT ( 'NONE',  ( 0.6172341687937833400, 0.6322513812700694100, 0.9400000000000000600 ) ) ;
#8984 = CARTESIAN_POINT ( 'NONE',  ( 0.5229073306253952900, 0.7904035708294961900, 0.9400000000000000600 ) ) ;
#8985 = LINE ( 'NONE', #4245, #4484 ) ;
#8986 = STYLED_ITEM ( 'NONE', ( #5539 ), #3964 ) ;
#8987 = CARTESIAN_POINT ( 'NONE',  ( 0.5422926099655147600, 0.8712622200305797400, 0.9400000000000000600 ) ) ;
#8988 = CARTESIAN_POINT ( 'NONE',  ( 0.3153470498115536500, 0.7581496217756709100, 0.9400000000000000600 ) ) ;
#8989 = PRESENTATION_STYLE_ASSIGNMENT (( #2670 ) ) ;
#8990 = MECHANICAL_DESIGN_GEOMETRIC_PRESENTATION_REPRESENTATION (  '', ( #7321 ), #9561 ) ;
#8991 = CARTESIAN_POINT ( 'NONE',  ( 0.5912633411720135100, 0.5985809088531275400, 0.9400000000000000600 ) ) ;
#8992 = ORIENTED_EDGE ( 'NONE', *, *, #10339, .T. ) ;
#8993 = ORIENTED_EDGE ( 'NONE', *, *, #4360, .T. ) ;
#8994 = CARTESIAN_POINT ( 'NONE',  ( 0.4736890224157845300, 0.8508618749780546600, 0.9300000000000000500 ) ) ;
#8995 = ORIENTED_EDGE ( 'NONE', *, *, #7746, .F. ) ;
#8996 =( NAMED_UNIT ( * ) PLANE_ANGLE_UNIT ( ) SI_UNIT ( $, .RADIAN. ) );
#8997 = DIRECTION ( 'NONE',  ( -0.0000000000000000000, -1.000000000000000000, -0.0000000000000000000 ) ) ;
#8998 = SURFACE_STYLE_FILL_AREA ( #995 ) ;
#9000 = DIRECTION ( 'NONE',  ( -0.0000000000000000000, -0.0000000000000000000, -1.000000000000000000 ) ) ;
#8999 = VECTOR ( 'NONE', #2221, 1000.000000000000000 ) ;
#9001 = CARTESIAN_POINT ( 'NONE',  ( 0.8749999999999998900, 0.8749999999999998900, -0.02000000000000000000 ) ) ;
#9002 = VERTEX_POINT ( 'NONE', #1699 ) ;
#9003 = ORIENTED_EDGE ( 'NONE', *, *, #1388, .F. ) ;
#9004 = CARTESIAN_POINT ( 'NONE',  ( 0.4464307943782164800, 0.7744100964311524400, 0.9400000000000000600 ) ) ;
#9005 = CARTESIAN_POINT ( 'NONE',  ( -0.8749999999999978900, 0.6250000000000028900, -0.02000000000000000000 ) ) ;
#9006 = ORIENTED_EDGE ( 'NONE', *, *, #1115, .T. ) ;
#9007 = CARTESIAN_POINT ( 'NONE',  ( 0.01098200202495516600, 0.6162962151507489500, 0.9300000000000000500 ) ) ;
#9008 = FACE_OUTER_BOUND ( 'NONE', #4630, .T. ) ;
#9009 = DIRECTION ( 'NONE',  ( 0.3493954794689488900, -0.9369753459545578900, -0.0000000000000000000 ) ) ;
#9010 = LINE ( 'NONE', #9290, #2049 ) ;
#9011 = DIRECTION ( 'NONE',  ( 1.000000000000000000, -1.047444401652940200E-014, 0.0000000000000000000 ) ) ;
#9012 = ORIENTED_EDGE ( 'NONE', *, *, #1595, .T. ) ;
#9013 = ORIENTED_EDGE ( 'NONE', *, *, #9118, .F. ) ;
#9014 = FACE_OUTER_BOUND ( 'NONE', #1519, .T. ) ;
#9015 = FACE_OUTER_BOUND ( 'NONE', #9232, .T. ) ;
#9016 = VECTOR ( 'NONE', #2876, 1000.000000000000000 ) ;
#9017 = CARTESIAN_POINT ( 'NONE',  ( 0.5025069855725459200, 0.6488390404757544700, 0.9400000000000000600 ) ) ;
#9018 = ADVANCED_FACE ( 'NONE', ( #7739 ), #60, .F. ) ;
#9019 = ORIENTED_EDGE ( 'NONE', *, *, #1207, .F. ) ;
#9020 = CARTESIAN_POINT ( 'NONE',  ( 0.5021851354685962200, 0.6314591348604966500, 0.9400000000000000600 ) ) ;
#9021 = DIRECTION ( 'NONE',  ( -1.047444401652940200E-014, -1.000000000000000000, 0.0000000000000000000 ) ) ;
#9022 = VERTEX_POINT ( 'NONE', #4178 ) ;
#9023 = CARTESIAN_POINT ( 'NONE',  ( 0.7611011652754009500, 0.7064749667899301600, 0.9300000000000000500 ) ) ;
#9024 = VECTOR ( 'NONE', #160, 1000.000000000000000 ) ;
#9025 = LINE ( 'NONE', #1315, #6791 ) ;
#9026 = LINE ( 'NONE', #4330, #8016 ) ;
#9027 = CARTESIAN_POINT ( 'NONE',  ( 0.3070837402359121700, 0.6693191160733893400, 0.9400000000000000600 ) ) ;
#9028 = PRESENTATION_LAYER_ASSIGNMENT (  '', '', ( #7362 ) ) ;
#9029 = VECTOR ( 'NONE', #7695, 1000.000000000000000 ) ;
#9030 = DIRECTION ( 'NONE',  ( -1.000000000000000000, 0.0000000000000000000, 0.0000000000000000000 ) ) ;
#9031 = CARTESIAN_POINT ( 'NONE',  ( -0.9999999999999997800, -1.000000000000000200, 0.9300000000000000500 ) ) ;
#9032 = ORIENTED_EDGE ( 'NONE', *, *, #10445, .F. ) ;
#9033 = PLANE ( 'NONE',  #10823 ) ;
#9034 = ORIENTED_EDGE ( 'NONE', *, *, #4705, .F. ) ;
#9035 = LINE ( 'NONE', #813, #8794 ) ;
#9036 = EDGE_CURVE ( 'NONE', #9974, #8602, #9147, .T. ) ;
#9037 = EDGE_CURVE ( 'NONE', #7205, #5678, #6916, .T. ) ;
#9038 = CARTESIAN_POINT ( 'NONE',  ( 0.6112428053194750600, 0.6209123545300122600, 0.9400000000000000600 ) ) ;
#9039 = LINE ( 'NONE', #7470, #4542 ) ;
#9040 = SURFACE_STYLE_USAGE ( .BOTH. , #3955 ) ;
#9041 = ADVANCED_FACE ( 'NONE', ( #6623 ), #1764, .F. ) ;
#9042 = B_SPLINE_CURVE_WITH_KNOTS ( 'NONE', 3,
 ( #4974, #4793, #4717, #4690 ),
 .UNSPECIFIED., .F., .F.,
 ( 4, 4 ),
 ( 17.00000000000000000, 18.00000000000000000 ),
 .UNSPECIFIED. ) ;
#9043 = EDGE_CURVE ( 'NONE', #2160, #63, #8959, .T. ) ;
#9044 = CARTESIAN_POINT ( 'NONE',  ( 0.6915320274138230200, 0.8240740432464388500, 0.9300000000000000500 ) ) ;
#9045 = SURFACE_STYLE_USAGE ( .BOTH. , #9238 ) ;
#9046 = CARTESIAN_POINT ( 'NONE',  ( 0.8749999999999986700, -0.1250000000000091000, -0.02000000000000000000 ) ) ;
#9047 = ORIENTED_EDGE ( 'NONE', *, *, #2832, .F. ) ;
#9048 = CARTESIAN_POINT ( 'NONE',  ( 0.5547952486203071600, 0.8601212548927491500, 0.9400000000000000600 ) ) ;
#9049 = EDGE_LOOP ( 'NONE', ( #4387, #3467, #4888, #5193 ) ) ;
#9050 = EDGE_CURVE ( 'NONE', #6049, #2400, #8885, .T. ) ;
#9051 = CARTESIAN_POINT ( 'NONE',  ( -0.07922573945254762800, 0.6383317248649100800, 0.9300000000000000500 ) ) ;
#9052 = EDGE_CURVE ( 'NONE', #98, #2106, #4645, .T. ) ;
#9053 =( GEOMETRIC_REPRESENTATION_CONTEXT ( 3 ) GLOBAL_UNCERTAINTY_ASSIGNED_CONTEXT ( ( #6989 ) ) GLOBAL_UNIT_ASSIGNED_CONTEXT ( ( #8960, #6463, #638 ) ) REPRESENTATION_CONTEXT ( 'NONE', 'WORKASPACE' ) );
#9054 = ORIENTED_EDGE ( 'NONE', *, *, #4580, .T. ) ;
#9055 = DIRECTION ( 'NONE',  ( 1.000000000000000000, -3.491481338843133400E-015, 0.0000000000000000000 ) ) ;
#9056 = EDGE_CURVE ( 'NONE', #5267, #7566, #4380, .T. ) ;
#9057 = VECTOR ( 'NONE', #8163, 1000.000000000000000 ) ;
#9058 = COLOUR_RGB ( '',0.6666666666666666300, 0.6666666666666666300, 0.6666666666666666300 ) ;
#9059 = CARTESIAN_POINT ( 'NONE',  ( 0.2871140776165034800, 0.7946458904121934700, 0.9400000000000000600 ) ) ;
#9060 = DIRECTION ( 'NONE',  ( 0.0000000000000000000, 1.000000000000000000, 0.0000000000000000000 ) ) ;
#9061 = ORIENTED_EDGE ( 'NONE', *, *, #10339, .F. ) ;
#9062 = VECTOR ( 'NONE', #856, 1000.000000000000000 ) ;
#9063 = CARTESIAN_POINT ( 'NONE',  ( 0.4960947411931701000, 0.7727760882107978000, 0.9400000000000000600 ) ) ;
#9064 = CARTESIAN_POINT ( 'NONE',  ( 0.5913871296734051200, 0.5881826747243045200, 0.9400000000000000600 ) ) ;
#9065 = CARTESIAN_POINT ( 'NONE',  ( 0.8128200012164387100, 0.6847872213209504900, 0.9300000000000000500 ) ) ;
#9066 = SURFACE_SIDE_STYLE ('',( #1506 ) ) ;
#9067 = CARTESIAN_POINT ( 'NONE',  ( 0.6249999999999986700, -0.1250000000000064100, -0.02000000000000000000 ) ) ;
#9068 = CARTESIAN_POINT ( 'NONE',  ( -0.03859780289354117200, 0.6679419197013349900, 0.9300000000000000500 ) ) ;
#9069 = ADVANCED_FACE ( 'NONE', ( #2173 ), #2470, .F. ) ;
#9070 = ORIENTED_EDGE ( 'NONE', *, *, #10726, .T. ) ;
#9071 = UNCERTAINTY_MEASURE_WITH_UNIT (LENGTH_MEASURE( 1.000000000000000100E-005 ), #7973, 'distance_accuracy_value', 'NONE');
#9072 = MECHANICAL_DESIGN_GEOMETRIC_PRESENTATION_REPRESENTATION (  '', ( #7411 ), #9638 ) ;
#9073 = FACE_OUTER_BOUND ( 'NONE', #9891, .T. ) ;
#9074 = DIRECTION ( 'NONE',  ( -0.0000000000000000000, 1.000000000000000000, -0.0000000000000000000 ) ) ;
#9075 = CARTESIAN_POINT ( 'NONE',  ( 0.1249999999999998900, 0.8750000000000000000, -0.02000000000000000000 ) ) ;
#9076 = DIRECTION ( 'NONE',  ( -0.0000000000000000000, -1.000000000000000000, -0.0000000000000000000 ) ) ;
#9077 = CARTESIAN_POINT ( 'NONE',  ( 0.0000000000000000000, 0.0000000000000000000, 0.9400000000000000600 ) ) ;
#9078 = CARTESIAN_POINT ( 'NONE',  ( 0.4713617985869710800, 0.6402728761695148900, 0.9300000000000000500 ) ) ;
#9079 = EDGE_LOOP ( 'NONE', ( #1258, #5118, #10177, #3077 ) ) ;
#9080 = DIRECTION ( 'NONE',  ( -1.000000000000000000, -0.0000000000000000000, -0.0000000000000000000 ) ) ;
#9081 = VERTEX_POINT ( 'NONE', #7633 ) ;
#9082 = FACE_OUTER_BOUND ( 'NONE', #7046, .T. ) ;
#9083 = B_SPLINE_CURVE_WITH_KNOTS ( 'NONE', 3,
 ( #7118, #6232, #5733, #4811 ),
 .UNSPECIFIED., .F., .F.,
 ( 4, 4 ),
 ( 2.000000000000000000, 3.000000000000000000 ),
 .UNSPECIFIED. ) ;
#9084 = DIRECTION ( 'NONE',  ( 0.0000000000000000000, 1.000000000000000000, 0.0000000000000000000 ) ) ;
#9085 = MECHANICAL_DESIGN_GEOMETRIC_PRESENTATION_REPRESENTATION (  '', ( #7426 ), #9653 ) ;
#9086 = CARTESIAN_POINT ( 'NONE',  ( 0.1845113980440422100, 0.8841650181067611800, 0.9400000000000000600 ) ) ;
#9087 = EDGE_CURVE ( 'NONE', #6777, #7482, #5592, .T. ) ;
#9088 = ORIENTED_EDGE ( 'NONE', *, *, #7970, .F. ) ;
#9089 = ORIENTED_EDGE ( 'NONE', *, *, #1726, .F. ) ;
#9090 = ORIENTED_EDGE ( 'NONE', *, *, #2682, .F. ) ;
#9091 = CARTESIAN_POINT ( 'NONE',  ( -0.8750000000000013300, -0.3749999999999970600, -0.02000000000000000000 ) ) ;
#9092 = PRESENTATION_STYLE_ASSIGNMENT (( #3727 ) ) ;
#9093 = CARTESIAN_POINT ( 'NONE',  ( 0.5025069855725459200, 0.6554741041582921000, 0.9400000000000000600 ) ) ;
#9094 = EDGE_CURVE ( 'NONE', #2857, #3373, #3310, .T. ) ;
#9095 = FACE_OUTER_BOUND ( 'NONE', #3592, .T. ) ;
#9096 = CARTESIAN_POINT ( 'NONE',  ( 0.6181130671544109400, 0.6346219310747806000, 0.9400000000000000600 ) ) ;
#9097 = CARTESIAN_POINT ( 'NONE',  ( 0.7606060112698374000, 0.6207638083283396600, 0.9400000000000000600 ) ) ;
#9098 = EDGE_CURVE ( 'NONE', #4085, #3792, #1169, .T. ) ;
#9099 = CARTESIAN_POINT ( 'NONE',  ( 0.7390668120025230000, 0.8536842528131029000, 0.9300000000000000500 ) ) ;
#9100 = ORIENTED_EDGE ( 'NONE', *, *, #8350, .F. ) ;
#9101 = EDGE_LOOP ( 'NONE', ( #7894, #574, #8874, #5736 ) ) ;
#9102 = CARTESIAN_POINT ( 'NONE',  ( 0.5658124252567533500, 0.6571081123779910500, 0.9300000000000000500 ) ) ;
#9103 = VECTOR ( 'NONE', #9440, 1000.000000000000000 ) ;
#9104 = AXIS2_PLACEMENT_3D ( 'NONE', #10534, #4558, #8100 ) ;
#9105 = ORIENTED_EDGE ( 'NONE', *, *, #5655, .F. ) ;
#9106 = ORIENTED_EDGE ( 'NONE', *, *, #7155, .F. ) ;
#9107 = FACE_OUTER_BOUND ( 'NONE', #2345, .T. ) ;
#9108 = CARTESIAN_POINT ( 'NONE',  ( 0.02544278721532577900, 0.6700077142594130800, 0.9400000000000000600 ) ) ;
#9109 = CARTESIAN_POINT ( 'NONE',  ( 0.6190414809160874600, 0.6378466215395937100, 0.9400000000000000600 ) ) ;
#9110 = EDGE_CURVE ( 'NONE', #219, #7539, #10640, .T. ) ;
#9111 = COLOUR_RGB ( '',0.6666666666666666300, 0.6666666666666666300, 0.6666666666666666300 ) ;
#9112 = B_SPLINE_CURVE_WITH_KNOTS ( 'NONE', 3,
 ( #9068, #3992, #2267, #3149 ),
 .UNSPECIFIED., .F., .F.,
 ( 4, 4 ),
 ( 17.00000000000000000, 18.00000000000000000 ),
 .UNSPECIFIED. ) ;
#9113 = CARTESIAN_POINT ( 'NONE',  ( -0.8749999999999985600, 0.3750000000000029400, 0.0000000000000000000 ) ) ;
#9114 = COLOUR_RGB ( '',0.6666666666666666300, 0.6666666666666666300, 0.6666666666666666300 ) ;
#9115 = MECHANICAL_DESIGN_GEOMETRIC_PRESENTATION_REPRESENTATION (  '', ( #6860 ), #9680 ) ;
#9116 = SURFACE_STYLE_USAGE ( .BOTH. , #3194 ) ;
#9117 = DIRECTION ( 'NONE',  ( -0.0000000000000000000, -0.0000000000000000000, 1.000000000000000000 ) ) ;
#9118 = EDGE_CURVE ( 'NONE', #8133, #1742, #5468, .T. ) ;
#9119 = ORIENTED_EDGE ( 'NONE', *, *, #4355, .T. ) ;
#9120 = PRESENTATION_LAYER_ASSIGNMENT (  '', '', ( #8030 ) ) ;
#9121 = EDGE_LOOP ( 'NONE', ( #5208, #7576, #2084, #6332 ) ) ;
#9122 = CARTESIAN_POINT ( 'NONE',  ( 0.1913974587109590300, 0.6624330291384651300, 0.9400000000000000600 ) ) ;
#9123 = VERTEX_POINT ( 'NONE', #4926 ) ;
#9124 = CARTESIAN_POINT ( 'NONE',  ( 0.6760832224229499400, 0.6318057426650612900, 0.9400000000000000600 ) ) ;
#9125 = EDGE_CURVE ( 'NONE', #3698, #10540, #614, .T. ) ;
#9126 = VERTEX_POINT ( 'NONE', #9154 ) ;
#9127 = COLOUR_RGB ( '',0.6666666666666666300, 0.6666666666666666300, 0.6666666666666666300 ) ;
#9128 = CARTESIAN_POINT ( 'NONE',  ( 0.6969044483808419800, 0.7744100964311586600, 0.9300000000000000500 ) ) ;
#9129 = LINE ( 'NONE', #3244, #224 ) ;
#9130 = EDGE_LOOP ( 'NONE', ( #8110, #2781, #486, #9453 ) ) ;
#9131 = ORIENTED_EDGE ( 'NONE', *, *, #3015, .T. ) ;
#9132 = ORIENTED_EDGE ( 'NONE', *, *, #8381, .T. ) ;
#9133 = CARTESIAN_POINT ( 'NONE',  ( 0.8750000000000040000, 0.3749999999999909000, -0.02000000000000000000 ) ) ;
#9134 = CARTESIAN_POINT ( 'NONE',  ( 0.2141215666114700500, 0.7698559748191087200, 0.9400000000000000600 ) ) ;
#9135 = ORIENTED_EDGE ( 'NONE', *, *, #8946, .F. ) ;
#9136 = ADVANCED_FACE ( 'NONE', ( #1048 ), #4582, .F. ) ;
#9137 = ORIENTED_EDGE ( 'NONE', *, *, #8293, .F. ) ;
#9138 = CARTESIAN_POINT ( 'NONE',  ( 0.5777951522050398500, 0.6332416892825238900, 0.9300000000000000500 ) ) ;
#9139 = CARTESIAN_POINT ( 'NONE',  ( 0.6680369698231981600, 0.7955531724926939700, 0.9300000000000000500 ) ) ;
#9140 = VERTEX_POINT ( 'NONE', #837 ) ;
#9141 = VERTEX_POINT ( 'NONE', #6675 ) ;
#9142 = VERTEX_POINT ( 'NONE', #1671 ) ;
#9143 = CARTESIAN_POINT ( 'NONE',  ( 0.5777951522050398500, 0.6332416892825238900, 0.9400000000000000600 ) ) ;
#9144 = ORIENTED_EDGE ( 'NONE', *, *, #8488, .T. ) ;
#9145 = CARTESIAN_POINT ( 'NONE',  ( 0.7982129580350048000, 0.7047914431690173200, 0.9400000000000000600 ) ) ;
#9146 = FACE_OUTER_BOUND ( 'NONE', #773, .T. ) ;
#9147 = LINE ( 'NONE', #100, #499 ) ;
#9148 = CARTESIAN_POINT ( 'NONE',  ( 0.5519976284855505600, 0.6623567448429533700, 0.9300000000000000500 ) ) ;
#9149 = DIRECTION ( 'NONE',  ( -0.0000000000000000000, -0.0000000000000000000, -1.000000000000000000 ) ) ;
#9150 = FACE_OUTER_BOUND ( 'NONE', #6376, .T. ) ;
#9151 = CARTESIAN_POINT ( 'NONE',  ( 0.6549896617612845900, 0.8712622200305797400, 0.9400000000000000600 ) ) ;
#9152 = CARTESIAN_POINT ( 'NONE',  ( 0.02613141167001858900, 0.7133900960998563700, 0.9300000000000000500 ) ) ;
#9153 = ORIENTED_EDGE ( 'NONE', *, *, #3783, .F. ) ;
#9154 = CARTESIAN_POINT ( 'NONE',  ( 0.6760832224229499400, 0.6643868762684275200, 0.9300000000000000500 ) ) ;
#9155 = ORIENTED_EDGE ( 'NONE', *, *, #5245, .F. ) ;
#9156 = CARTESIAN_POINT ( 'NONE',  ( -0.3750000000000001100, 0.8750000000000000000, -0.02000000000000000000 ) ) ;
#9157 = CARTESIAN_POINT ( 'NONE',  ( 0.5439018604852625700, 0.6290328802305755800, 0.9400000000000000600 ) ) ;
#9158 = LINE ( 'NONE', #9942, #2697 ) ;
#9159 = CARTESIAN_POINT ( 'NONE',  ( 0.02613139853584862300, 0.5749797460765683200, 0.9300000000000000500 ) ) ;
#9160 = VECTOR ( 'NONE', #1709, 1000.000000000000000 ) ;
#9161 = CARTESIAN_POINT ( 'NONE',  ( -0.9999999999999997800, 1.000000000000000000, 0.0000000000000000000 ) ) ;
#9162 =( GEOMETRIC_REPRESENTATION_CONTEXT ( 3 ) GLOBAL_UNCERTAINTY_ASSIGNED_CONTEXT ( ( #964 ) ) GLOBAL_UNIT_ASSIGNED_CONTEXT ( ( #1735, #2539, #2620 ) ) REPRESENTATION_CONTEXT ( 'NONE', 'WORKASPACE' ) );
#9163 = CARTESIAN_POINT ( 'NONE',  ( 0.5025069855725459200, 0.6647334840729866000, 0.9300000000000000500 ) ) ;
#9164 = ORIENTED_EDGE ( 'NONE', *, *, #4714, .T. ) ;
#9165 = EDGE_CURVE ( 'NONE', #7735, #3644, #2946, .T. ) ;
#9166 = ORIENTED_EDGE ( 'NONE', *, *, #7172, .T. ) ;
#9167 = COLOUR_RGB ( '',0.6666666666666666300, 0.6666666666666666300, 0.6666666666666666300 ) ;
#9168 = COLOUR_RGB ( '',0.6666666666666666300, 0.6666666666666666300, 0.6666666666666666300 ) ;
#9169 = CARTESIAN_POINT ( 'NONE',  ( -0.6249999999999998900, -0.6250000000000000000, 0.0000000000000000000 ) ) ;
#9170 = DIRECTION ( 'NONE',  ( -0.0000000000000000000, -0.0000000000000000000, 1.000000000000000000 ) ) ;
#9171 = VECTOR ( 'NONE', #3977, 1000.000000000000000 ) ;
#9172 = EDGE_CURVE ( 'NONE', #7994, #7859, #7597, .T. ) ;
#9173 = CARTESIAN_POINT ( 'NONE',  ( 0.6250000000000013300, 0.1249999999999936000, 0.0000000000000000000 ) ) ;
#9174 = CARTESIAN_POINT ( 'NONE',  ( 0.6769249842330500300, 0.7879773161989130900, 0.9300000000000000500 ) ) ;
#9175 = EDGE_CURVE ( 'NONE', #9379, #3412, #768, .T. ) ;
#9176 = SURFACE_SIDE_STYLE ('',( #1142 ) ) ;
#9177 = ORIENTED_EDGE ( 'NONE', *, *, #1468, .F. ) ;
#9178 = VERTEX_POINT ( 'NONE', #34 ) ;
#9179 = EDGE_LOOP ( 'NONE', ( #9773, #975, #10439, #6465, #4492, #9316 ) ) ;
#9180 = VECTOR ( 'NONE', #3780, 1000.000000000000000 ) ;
#9181 = EDGE_CURVE ( 'NONE', #391, #3237, #513, .T. ) ;
#9182 = CARTESIAN_POINT ( 'NONE',  ( 0.7884831818150220800, 0.6252697097836351600, 0.9400000000000000600 ) ) ;
#9183 = AXIS2_PLACEMENT_3D ( 'NONE', #8532, #3446, #9367 ) ;
#9184 = FILL_AREA_STYLE_COLOUR ( '', #9058 ) ;
#9185 = CARTESIAN_POINT ( 'NONE',  ( 0.5529879364980065900, 0.6816677510825681600, 0.9300000000000000500 ) ) ;
#9186 = CARTESIAN_POINT ( 'NONE',  ( 0.7996736623527519500, 0.6700811473390668700, 0.9400000000000000600 ) ) ;
#9187 = VERTEX_POINT ( 'NONE', #877 ) ;
#9188 = EDGE_CURVE ( 'NONE', #7412, #4704, #7196, .T. ) ;
#9189 = STYLED_ITEM ( 'NONE', ( #5625 ), #308 ) ;
#9190 = CARTESIAN_POINT ( 'NONE',  ( 0.6393180374672204900, 0.7744100964311586600, 0.9300000000000000500 ) ) ;
#9191 = CARTESIAN_POINT ( 'NONE',  ( 0.5976755855513886700, 0.6899368229848047400, 0.9400000000000000600 ) ) ;
#9192 = VERTEX_POINT ( 'NONE', #2511 ) ;
#9193 = LINE ( 'NONE', #9926, #540 ) ;
#9194 = ADVANCED_FACE ( 'NONE', ( #2700 ), #8443, .F. ) ;
#9195 = EDGE_CURVE ( 'NONE', #7766, #5522, #1679, .T. ) ;
#9196 = CARTESIAN_POINT ( 'NONE',  ( 0.2492405994734337400, 0.7698559748191087200, 0.9300000000000000500 ) ) ;
#9197 = CARTESIAN_POINT ( 'NONE',  ( 0.1250000000000001100, -0.6250000000000000000, -0.02000000000000000000 ) ) ;
#9198 = CARTESIAN_POINT ( 'NONE',  ( 0.4896329814132432400, 0.6915213158045996300, 0.9300000000000000500 ) ) ;
#9199 = CARTESIAN_POINT ( 'NONE',  ( 0.6671952080124106100, 0.8670038955780724500, 0.9400000000000000600 ) ) ;
#9200 = CARTESIAN_POINT ( 'NONE',  ( 0.5841083657832981700, 0.6899368229848047400, 0.9300000000000000500 ) ) ;
#9201 = VECTOR ( 'NONE', #1145, 1000.000000000000000 ) ;
#9202 = DIRECTION ( 'NONE',  ( -0.0000000000000000000, -0.0000000000000000000, -1.000000000000000000 ) ) ;
#9203 = EDGE_CURVE ( 'NONE', #9208, #1077, #3840, .T. ) ;
#9204 = ORIENTED_EDGE ( 'NONE', *, *, #3242, .T. ) ;
#9205 = CARTESIAN_POINT ( 'NONE',  ( 0.5311516448273563300, 0.6712695169537451500, 0.9400000000000000600 ) ) ;
#9206 = ORIENTED_EDGE ( 'NONE', *, *, #4996, .T. ) ;
#9207 = CARTESIAN_POINT ( 'NONE',  ( 0.7408988818251066600, 0.8556648688373532700, 0.9400000000000000600 ) ) ;
#9208 = VERTEX_POINT ( 'NONE', #1772 ) ;
#9209 = VECTOR ( 'NONE', #5628, 1000.000000000000000 ) ;
#9210 = CARTESIAN_POINT ( 'NONE',  ( 0.4896329814132432400, 0.6915213158045996300, 0.9400000000000000600 ) ) ;
#9211 =( GEOMETRIC_REPRESENTATION_CONTEXT ( 3 ) GLOBAL_UNCERTAINTY_ASSIGNED_CONTEXT ( ( #2447 ) ) GLOBAL_UNIT_ASSIGNED_CONTEXT ( ( #5889, #920, #6753 ) ) REPRESENTATION_CONTEXT ( 'NONE', 'WORKASPACE' ) );
#9212 = CARTESIAN_POINT ( 'NONE',  ( 0.4078582973002071200, 0.7854520307678748400, 0.9400000000000000600 ) ) ;
#9213 = VERTEX_POINT ( 'NONE', #6796 ) ;
#9214 = CARTESIAN_POINT ( 'NONE',  ( -0.1129675628079643600, 0.6755165785539475300, 0.9300000000000000500 ) ) ;
#9215 = ORIENTED_EDGE ( 'NONE', *, *, #4980, .T. ) ;
#9216 = EDGE_LOOP ( 'NONE', ( #8180, #8472, #3620, #4555 ) ) ;
#9217 = PLANE ( 'NONE',  #2395 ) ;
#9218 = DIRECTION ( 'NONE',  ( 0.0000000000000000000, 0.0000000000000000000, 1.000000000000000000 ) ) ;
#9219 = CARTESIAN_POINT ( 'NONE',  ( 0.3750000000000001100, -0.8750000000000000000, 0.0000000000000000000 ) ) ;
#9220 = CARTESIAN_POINT ( 'NONE',  ( 0.6769249842330500300, 0.8584377312718356500, 0.9400000000000000600 ) ) ;
#9221 = DIRECTION ( 'NONE',  ( -0.0000000000000000000, -0.0000000000000000000, -1.000000000000000000 ) ) ;
#9222 = VERTEX_POINT ( 'NONE', #9302 ) ;
#9223 = CARTESIAN_POINT ( 'NONE',  ( -0.09093206622731372900, 0.8084180577156119300, 0.9400000000000000600 ) ) ;
#9224 = DIRECTION ( 'NONE',  ( -1.000000000000000000, 0.0000000000000000000, -0.0000000000000000000 ) ) ;
#9225 = VERTEX_POINT ( 'NONE', #2587 ) ;
#9226 = DIRECTION ( 'NONE',  ( -0.0000000000000000000, -0.0000000000000000000, -1.000000000000000000 ) ) ;
#9227 = VECTOR ( 'NONE', #2410, 1000.000000000000000 ) ;
#9228 = CARTESIAN_POINT ( 'NONE',  ( -0.03928643391532113400, 0.6218051319819646300, 0.9300000000000000500 ) ) ;
#9229 = DIRECTION ( 'NONE',  ( -1.000000000000000000, 0.0000000000000000000, 0.0000000000000000000 ) ) ;
#9230 = SHAPE_DEFINITION_REPRESENTATION ( #10182, #3964 ) ;
#9231 = ORIENTED_EDGE ( 'NONE', *, *, #8977, .F. ) ;
#9232 = EDGE_LOOP ( 'NONE', ( #3037, #10117, #4226, #6606 ) ) ;
#9233 = ORIENTED_EDGE ( 'NONE', *, *, #6334, .F. ) ;
#9234 = VECTOR ( 'NONE', #1362, 1000.000000000000000 ) ;
#9235 = B_SPLINE_CURVE_WITH_KNOTS ( 'NONE', 3,
 ( #5640, #9027, #6661, #19 ),
 .UNSPECIFIED., .F., .F.,
 ( 4, 4 ),
 ( 34.00000000000000000, 35.00000000000000000 ),
 .UNSPECIFIED. ) ;
#9236 = ORIENTED_EDGE ( 'NONE', *, *, #5872, .T. ) ;
#9237 = VECTOR ( 'NONE', #7233, 1000.000000000000000 ) ;
#9238 = SURFACE_SIDE_STYLE ('',( #3173 ) ) ;
#9239 = CARTESIAN_POINT ( 'NONE',  ( 0.5068395831262153500, 0.7727760882107978000, 0.9400000000000000600 ) ) ;
#9240 = VERTEX_POINT ( 'NONE', #7675 ) ;
#9241 = ADVANCED_FACE ( 'NONE', ( #10354 ), #9340, .F. ) ;
#9242 = DIRECTION ( 'NONE',  ( -1.000000000000000000, 4.336808689942017700E-016, 0.0000000000000000000 ) ) ;
#9243 = CARTESIAN_POINT ( 'NONE',  ( 0.8816464080683458200, 0.6472545476559552500, 0.9300000000000000500 ) ) ;
#9244 =( NAMED_UNIT ( * ) SI_UNIT ( $, .STERADIAN. ) SOLID_ANGLE_UNIT ( ) );
#9245 = ORIENTED_EDGE ( 'NONE', *, *, #1808, .T. ) ;
#9246 = PLANE ( 'NONE',  #1465 ) ;
#9247 = VERTEX_POINT ( 'NONE', #5927 ) ;
#9248 = EDGE_CURVE ( 'NONE', #7790, #1968, #5845, .T. ) ;
#9249 = EDGE_CURVE ( 'NONE', #9868, #7278, #3609, .T. ) ;
#9250 = ORIENTED_EDGE ( 'NONE', *, *, #769, .F. ) ;
#9251 = CARTESIAN_POINT ( 'NONE',  ( 0.4806211785016664700, 0.6915213158045996300, 0.9300000000000000500 ) ) ;
#9252 = LINE ( 'NONE', #8852, #2792 ) ;
#9253 = DIRECTION ( 'NONE',  ( -0.0000000000000000000, -0.0000000000000000000, -1.000000000000000000 ) ) ;
#9255 = CARTESIAN_POINT ( 'NONE',  ( 0.5310773717265184800, 0.6357174593130073800, 0.9300000000000000500 ) ) ;
#9254 = FACE_OUTER_BOUND ( 'NONE', #1066, .T. ) ;
#9256 = EDGE_CURVE ( 'NONE', #4487, #1313, #1434, .T. ) ;
#9257 = CARTESIAN_POINT ( 'NONE',  ( 0.3750000000000001100, -0.6250000000000000000, -0.02000000000000000000 ) ) ;
#9258 = CARTESIAN_POINT ( 'NONE',  ( 0.4974068993095763800, 0.6232395783588224900, 0.9400000000000000600 ) ) ;
#9259 = VERTEX_POINT ( 'NONE', #2626 ) ;
#9260 = EDGE_LOOP ( 'NONE', ( #9415, #1722, #5402, #31 ) ) ;
#9261 = CARTESIAN_POINT ( 'NONE',  ( 0.6546430539567265100, 0.7744100964311586600, 0.9300000000000000500 ) ) ;
#9262 = CARTESIAN_POINT ( 'NONE',  ( 0.5559093451341604600, 0.6487895250751982700, 0.9400000000000000600 ) ) ;
#9263 = EDGE_CURVE ( 'NONE', #9510, #599, #5604, .T. ) ;
#9264 = ORIENTED_EDGE ( 'NONE', *, *, #6058, .F. ) ;
#9265 = EDGE_CURVE ( 'NONE', #1573, #6339, #7891, .T. ) ;
#9266 = LINE ( 'NONE', #9113, #5022 ) ;
#9267 = FILL_AREA_STYLE ('',( #7603 ) ) ;
#9268 = CARTESIAN_POINT ( 'NONE',  ( 0.5580880227609703600, 0.6915213158045996300, 0.9400000000000000600 ) ) ;
#9269 = PLANE ( 'NONE',  #1796 ) ;
#9270 = FACE_OUTER_BOUND ( 'NONE', #6503, .T. ) ;
#9271 = CARTESIAN_POINT ( 'NONE',  ( 0.4806211785016664700, 0.6915213158045996300, 0.9400000000000000600 ) ) ;
#9272 = EDGE_CURVE ( 'NONE', #4284, #3145, #5338, .T. ) ;
#9273 = AXIS2_PLACEMENT_3D ( 'NONE', #7636, #6710, #9300 ) ;
#9274 = CARTESIAN_POINT ( 'NONE',  ( 0.6680369698231981600, 0.7955531724926939700, 0.9400000000000000600 ) ) ;
#9275 = ORIENTED_EDGE ( 'NONE', *, *, #3858, .T. ) ;
#9276 = EDGE_LOOP ( 'NONE', ( #2179, #4734, #347, #2649 ) ) ;
#9277 = EDGE_CURVE ( 'NONE', #7566, #5217, #1179, .T. ) ;
#9279 = ORIENTED_EDGE ( 'NONE', *, *, #7813, .T. ) ;
#9278 = CARTESIAN_POINT ( 'NONE',  ( 0.7337934218372772500, 0.8712622200305831800, 0.9400000000000000600 ) ) ;
#9280 = VECTOR ( 'NONE', #1673, 1000.000000000000000 ) ;
#9281 = CARTESIAN_POINT ( 'NONE',  ( 0.1886430396978598700, 0.6631216273244853200, 0.9400000000000000600 ) ) ;
#9282 = PLANE ( 'NONE',  #10063 ) ;
#9283 = ORIENTED_EDGE ( 'NONE', *, *, #9610, .F. ) ;
#9284 = ORIENTED_EDGE ( 'NONE', *, *, #5529, .T. ) ;
#9285 = EDGE_LOOP ( 'NONE', ( #261, #6542, #3397, #6853 ) ) ;
#9286 = LINE ( 'NONE', #9494, #7332 ) ;
#9287 = LINE ( 'NONE', #2851, #7058 ) ;
#9288 = DIRECTION ( 'NONE',  ( 0.0000000000000000000, 0.0000000000000000000, -1.000000000000000000 ) ) ;
#9289 = ORIENTED_EDGE ( 'NONE', *, *, #3160, .F. ) ;
#9290 = CARTESIAN_POINT ( 'NONE',  ( 0.1872658433254813200, 0.6204279093409176300, 0.9400000000000000600 ) ) ;
#9291 =( GEOMETRIC_REPRESENTATION_CONTEXT ( 3 ) GLOBAL_UNCERTAINTY_ASSIGNED_CONTEXT ( ( #8093 ) ) GLOBAL_UNIT_ASSIGNED_CONTEXT ( ( #1966, #7880, #2783 ) ) REPRESENTATION_CONTEXT ( 'NONE', 'WORKASPACE' ) );
#9292 = CARTESIAN_POINT ( 'NONE',  ( 0.6191157540169252000, 0.6103160587989604500, 0.9300000000000000500 ) ) ;
#9293 = EDGE_LOOP ( 'NONE', ( #4593, #4794, #5277, #4469 ) ) ;
#9294 = DIRECTION ( 'NONE',  ( 0.0000000000000000000, -1.000000000000000000, -0.0000000000000000000 ) ) ;
#9295 = CARTESIAN_POINT ( 'NONE',  ( 0.6178035959001904100, 0.6335387816865267800, 0.9300000000000000500 ) ) ;
#9296 = LINE ( 'NONE', #1535, #7069 ) ;
#9297 = VECTOR ( 'NONE', #6360, 1000.000000000000000 ) ;
#9298 = LINE ( 'NONE', #7563, #2308 ) ;
#9299 = LINE ( 'NONE', #5818, #2836 ) ;
#9300 = DIRECTION ( 'NONE',  ( 0.0000000000000000000, 0.0000000000000000000, 1.000000000000000000 ) ) ;
#9301 = ADVANCED_FACE ( 'NONE', ( #5045 ), #1052, .F. ) ;
#9302 = CARTESIAN_POINT ( 'NONE',  ( 0.004095928223868394700, 0.8400940602442806800, 0.9400000000000000600 ) ) ;
#9303 = CARTESIAN_POINT ( 'NONE',  ( 0.1762480884680702700, 0.6211165075269448100, 0.9400000000000000600 ) ) ;
#9304 = SURFACE_SIDE_STYLE ('',( #4391 ) ) ;
#9305 = CARTESIAN_POINT ( 'NONE',  ( 0.5372667968030555600, 0.6312610732582671900, 0.9400000000000000600 ) ) ;
#9306 = VERTEX_POINT ( 'NONE', #4329 ) ;
#9307 = CARTESIAN_POINT ( 'NONE',  ( 0.05229852363548511500, 0.6583013612159794900, 0.9300000000000000500 ) ) ;
#9308 = CARTESIAN_POINT ( 'NONE',  ( 0.5653420289508036500, 0.6410651225797496800, 0.9400000000000000600 ) ) ;
#9309 = ORIENTED_EDGE ( 'NONE', *, *, #9489, .T. ) ;
#9310 = ORIENTED_EDGE ( 'NONE', *, *, #4301, .T. ) ;
#9311 = DIRECTION ( 'NONE',  ( 1.000000000000000000, -1.047444401652940000E-014, -0.0000000000000000000 ) ) ;
#9312 = FACE_OUTER_BOUND ( 'NONE', #8329, .T. ) ;
#9313 = CARTESIAN_POINT ( 'NONE',  ( -0.01174206647338270300, 0.8414712763175875600, 0.9300000000000000500 ) ) ;
#9314 = CARTESIAN_POINT ( 'NONE',  ( -0.6250000000000004400, -0.1249999999999979500, -0.02000000000000000000 ) ) ;
#9315 = B_SPLINE_CURVE_WITH_KNOTS ( 'NONE', 3,
 ( #9730, #2496, #4052, #365 ),
 .UNSPECIFIED., .F., .F.,
 ( 4, 4 ),
 ( 3.000000000000000000, 4.000000000000000000 ),
 .UNSPECIFIED. ) ;
#9316 = ORIENTED_EDGE ( 'NONE', *, *, #5773, .T. ) ;
#9317 = SURFACE_SIDE_STYLE ('',( #5399 ) ) ;
#9318 = CARTESIAN_POINT ( 'NONE',  ( 0.6191157540169252000, 0.6103160587989605600, 0.9400000000000000600 ) ) ;
#9319 = CARTESIAN_POINT ( 'NONE',  ( 0.5547952486203071600, 0.8601212548927491500, 0.9400000000000000600 ) ) ;
#9320 = ORIENTED_EDGE ( 'NONE', *, *, #7956, .F. ) ;
#9321 = CARTESIAN_POINT ( 'NONE',  ( -0.01174206647338270300, 0.8414712763175875600, 0.9400000000000000600 ) ) ;
#9322 = AXIS2_PLACEMENT_3D ( 'NONE', #8826, #8841, #9224 ) ;
#9323 = ORIENTED_EDGE ( 'NONE', *, *, #2144, .T. ) ;
#9324 = ORIENTED_EDGE ( 'NONE', *, *, #4904, .F. ) ;
#9325 = DIRECTION ( 'NONE',  ( -0.0000000000000000000, 1.000000000000000000, -0.0000000000000000000 ) ) ;
#9326 = EDGE_CURVE ( 'NONE', #1760, #3602, #2828, .T. ) ;
#9327 = LINE ( 'NONE', #7389, #2336 ) ;
#9328 = FACE_OUTER_BOUND ( 'NONE', #455, .T. ) ;
#9329 =( GEOMETRIC_REPRESENTATION_CONTEXT ( 3 ) GLOBAL_UNCERTAINTY_ASSIGNED_CONTEXT ( ( #1692 ) ) GLOBAL_UNIT_ASSIGNED_CONTEXT ( ( #10471, #5432, #442 ) ) REPRESENTATION_CONTEXT ( 'NONE', 'WORKASPACE' ) );
#9330 = PLANE ( 'NONE',  #9183 ) ;
#9331 = CARTESIAN_POINT ( 'NONE',  ( 0.6251813905923989700, 0.8601212548927491500, 0.9400000000000000600 ) ) ;
#9332 = FILL_AREA_STYLE_COLOUR ( '', #2132 ) ;
#9333 = EDGE_CURVE ( 'NONE', #210, #1769, #9287, .T. ) ;
#9334 = AXIS2_PLACEMENT_3D ( 'NONE', #8247, #8269, #5564 ) ;
#9335 = CARTESIAN_POINT ( 'NONE',  ( 0.6505085180056106000, 0.6899368229848047400, 0.9400000000000000600 ) ) ;
#9336 = EDGE_LOOP ( 'NONE', ( #9692, #2546, #10536, #1781 ) ) ;
#9337 = VERTEX_POINT ( 'NONE', #9416 ) ;
#9338 = CARTESIAN_POINT ( 'NONE',  ( 0.7337934218372772500, 0.8712622200305831800, 0.9400000000000000600 ) ) ;
#9339 = EDGE_CURVE ( 'NONE', #1968, #3020, #3065, .T. ) ;
#9340 = PLANE ( 'NONE',  #1161 ) ;
#9341 = COLOUR_RGB ( '',0.6666666666666666300, 0.6666666666666666300, 0.6666666666666666300 ) ;
#9342 = FACE_OUTER_BOUND ( 'NONE', #5107, .T. ) ;
#9343 = CARTESIAN_POINT ( 'NONE',  ( 0.8631524059392393600, 0.6984534718904845700, 0.9400000000000000600 ) ) ;
#9344 = CARTESIAN_POINT ( 'NONE',  ( 0.5777951522050398500, 0.6395796605610599700, 0.9400000000000000600 ) ) ;
#9345 = CARTESIAN_POINT ( 'NONE',  ( 0.6157487067751006300, 0.6379456523407053300, 0.9300000000000000500 ) ) ;
#9346 = DIRECTION ( 'NONE',  ( 0.0000000000000000000, -0.0000000000000000000, -1.000000000000000000 ) ) ;
#9347 = EDGE_CURVE ( 'NONE', #7903, #2650, #4773, .T. ) ;
#9348 = CARTESIAN_POINT ( 'NONE',  ( 0.7156707852130119700, 0.6207638083283396600, 0.9400000000000000600 ) ) ;
#9349 = CARTESIAN_POINT ( 'NONE',  ( 0.2106785231440085300, 0.8614409290860360900, 0.9400000000000000600 ) ) ;
#9350 = CARTESIAN_POINT ( 'NONE',  ( -0.006233202178846384100, 0.8414712763175875600, 0.9300000000000000500 ) ) ;
#9351 = ORIENTED_EDGE ( 'NONE', *, *, #1993, .T. ) ;
#9352 = LINE ( 'NONE', #3043, #4832 ) ;
#9353 = CARTESIAN_POINT ( 'NONE',  ( 0.2905571210839667500, 0.6514153005493975600, 0.9300000000000000500 ) ) ;
#9354 = CARTESIAN_POINT ( 'NONE',  ( 0.6251813905923989700, 0.8601212548927491500, 0.9400000000000000600 ) ) ;
#9355 = CARTESIAN_POINT ( 'NONE',  ( 0.5934915341993809400, 0.5985809088531275400, 0.9300000000000000500 ) ) ;
#9356 = CARTESIAN_POINT ( 'NONE',  ( -0.006233202178846384100, 0.8414712763175875600, 0.9400000000000000600 ) ) ;
#9357 = CARTESIAN_POINT ( 'NONE',  ( 0.6671952080124106100, 0.7789159978871099700, 0.9300000000000000500 ) ) ;
#9358 = ORIENTED_EDGE ( 'NONE', *, *, #4444, .F. ) ;
#9359 = ORIENTED_EDGE ( 'NONE', *, *, #7540, .F. ) ;
#9360 = CARTESIAN_POINT ( 'NONE',  ( 0.4713617985869710800, 0.6440360466164558600, 0.9400000000000000600 ) ) ;
#9361 = ORIENTED_EDGE ( 'NONE', *, *, #1595, .F. ) ;
#9362 = ORIENTED_EDGE ( 'NONE', *, *, #9823, .F. ) ;
#9363 = CARTESIAN_POINT ( 'NONE',  ( 0.5751955936728356800, 0.6282406338210000400, 0.9400000000000000600 ) ) ;
#9364 = SURFACE_STYLE_USAGE ( .BOTH. , #3444 ) ;
#9365 = VERTEX_POINT ( 'NONE', #6231 ) ;
#9366 = ORIENTED_EDGE ( 'NONE', *, *, #9688, .T. ) ;
#9367 = DIRECTION ( 'NONE',  ( -1.000000000000000000, 4.336808689942018200E-016, 0.0000000000000000000 ) ) ;
#9368 = ADVANCED_FACE ( 'NONE', ( #380 ), #3701, .F. ) ;
#9369 = ORIENTED_EDGE ( 'NONE', *, *, #4213, .F. ) ;
#9370 = CARTESIAN_POINT ( 'NONE',  ( -0.06063329947386220100, 0.6273139962764989800, 0.9400000000000000600 ) ) ;
#9371 = FACE_OUTER_BOUND ( 'NONE', #6035, .T. ) ;
#9372 = EDGE_LOOP ( 'NONE', ( #10, #7627, #3598, #5061 ) ) ;
#9373 = FILL_AREA_STYLE ('',( #3451 ) ) ;
#9374 = CARTESIAN_POINT ( 'NONE',  ( 0.4666825932287401700, 0.8009503511599862500, 0.9400000000000000600 ) ) ;
#9375 = AXIS2_PLACEMENT_3D ( 'NONE', #10618, #10537, #5515 ) ;
#9376 = PLANE ( 'NONE',  #645 ) ;
#9377 = ORIENTED_EDGE ( 'NONE', *, *, #10166, .F. ) ;
#9378 = VERTEX_POINT ( 'NONE', #6259 ) ;
#9379 = VERTEX_POINT ( 'NONE', #1287 ) ;
#9380 = CARTESIAN_POINT ( 'NONE',  ( 0.5737348893547593600, 0.6510177181028996600, 0.9400000000000000600 ) ) ;
#9381 = CARTESIAN_POINT ( 'NONE',  ( 0.6671952080124106100, 0.8670038955780724500, 0.9300000000000000500 ) ) ;
#9382 = ORIENTED_EDGE ( 'NONE', *, *, #549, .T. ) ;
#9383 = FACE_OUTER_BOUND ( 'NONE', #259, .T. ) ;
#9384 = CARTESIAN_POINT ( 'NONE',  ( 0.8777842068209502600, 0.6581974511915668100, 0.9400000000000000600 ) ) ;
#9385 = LINE ( 'NONE', #6163, #7427 ) ;
#9386 = FACE_OUTER_BOUND ( 'NONE', #8791, .T. ) ;
#9387 = CARTESIAN_POINT ( 'NONE',  ( 0.1672961807064048700, 0.6534810951081286800, 0.9400000000000000600 ) ) ;
#9388 = ORIENTED_EDGE ( 'NONE', *, *, #10320, .T. ) ;
#9389 = ORIENTED_EDGE ( 'NONE', *, *, #1273, .T. ) ;
#9390 = FILL_AREA_STYLE ('',( #3475 ) ) ;
#9391 = DIRECTION ( 'NONE',  ( -0.0000000000000000000, -1.000000000000000000, -0.0000000000000000000 ) ) ;
#9392 = DIRECTION ( 'NONE',  ( 1.000000000000000000, -0.0000000000000000000, 0.0000000000000000000 ) ) ;
#9393 = DIRECTION ( 'NONE',  ( 1.000000000000000000, -0.0000000000000000000, -0.0000000000000000000 ) ) ;
#9394 = ORIENTED_EDGE ( 'NONE', *, *, #1266, .T. ) ;
#9395 = CARTESIAN_POINT ( 'NONE',  ( -0.001412936070664888900, 0.8407826715644759500, 0.9300000000000000500 ) ) ;
#9396 = CARTESIAN_POINT ( 'NONE',  ( 0.6783856885514542000, 0.8237274354418796500, 0.9400000000000000600 ) ) ;
#9397 = EDGE_CURVE ( 'NONE', #7626, #717, #1466, .T. ) ;
#9398 = VECTOR ( 'NONE', #7410, 1000.000000000000000 ) ;
#9399 = DIRECTION ( 'NONE',  ( -0.0000000000000000000, -0.0000000000000000000, -1.000000000000000000 ) ) ;
#9400 = EDGE_CURVE ( 'NONE', #4978, #2504, #2300, .T. ) ;
#9401 = EDGE_LOOP ( 'NONE', ( #6005, #2896, #8229, #9571 ) ) ;
#9402 = PRESENTATION_LAYER_ASSIGNMENT (  '', '', ( #8843 ) ) ;
#9403 = ORIENTED_EDGE ( 'NONE', *, *, #4006, .F. ) ;
#9404 = ADVANCED_FACE ( 'NONE', ( #6780 ), #10492, .F. ) ;
#9405 = CARTESIAN_POINT ( 'NONE',  ( 0.6769249842330500300, 0.7879773161989130900, 0.9300000000000000500 ) ) ;
#9406 = EDGE_LOOP ( 'NONE', ( #1141, #8662, #5252, #1747 ) ) ;
#9407 = VERTEX_POINT ( 'NONE', #8801 ) ;
#9408 = EDGE_CURVE ( 'NONE', #3373, #7445, #10212, .T. ) ;
#9409 = CARTESIAN_POINT ( 'NONE',  ( 0.5744776203641002200, 0.6884513609661171400, 0.9300000000000000500 ) ) ;
#9410 = SURFACE_STYLE_FILL_AREA ( #9373 ) ;
#9411 = SURFACE_STYLE_FILL_AREA ( #10286 ) ;
#9412 = DIRECTION ( 'NONE',  ( 0.0000000000000000000, 0.0000000000000000000, 1.000000000000000000 ) ) ;
#9413 = EDGE_CURVE ( 'NONE', #599, #2477, #8004, .T. ) ;
#9414 = ORIENTED_EDGE ( 'NONE', *, *, #474, .F. ) ;
#9415 = ORIENTED_EDGE ( 'NONE', *, *, #8899, .T. ) ;
#9416 = CARTESIAN_POINT ( 'NONE',  ( 0.6190414809160874600, 0.6378466215395937100, 0.9400000000000000600 ) ) ;
#9417 = ORIENTED_EDGE ( 'NONE', *, *, #9421, .T. ) ;
#9418 = CARTESIAN_POINT ( 'NONE',  ( 0.1672961807064048700, 0.6417747683330283800, 0.9300000000000000500 ) ) ;
#9419 = DIRECTION ( 'NONE',  ( -0.0000000000000000000, 1.000000000000000000, -0.0000000000000000000 ) ) ;
#9420 = VECTOR ( 'NONE', #8086, 1000.000000000000000 ) ;
#9421 = EDGE_CURVE ( 'NONE', #5953, #9247, #1554, .T. ) ;
#9422 = AXIS2_PLACEMENT_3D ( 'NONE', #9091, #4873, #9938 ) ;
#9423 = MECHANICAL_DESIGN_GEOMETRIC_PRESENTATION_REPRESENTATION (  '', ( #7167 ), #9973 ) ;
#9424 = CARTESIAN_POINT ( 'NONE',  ( 0.6059198997533431500, 0.6083354427740475000, 0.9300000000000000500 ) ) ;
#9425 =( NAMED_UNIT ( * ) SI_UNIT ( $, .STERADIAN. ) SOLID_ANGLE_UNIT ( ) );
#9426 = CARTESIAN_POINT ( 'NONE',  ( -0.001412936070664888900, 0.8407826715644759500, 0.9400000000000000600 ) ) ;
#9427 = ORIENTED_EDGE ( 'NONE', *, *, #4649, .T. ) ;
#9428 = CARTESIAN_POINT ( 'NONE',  ( 0.1769366866544296600, 0.6631216273244853200, 0.9400000000000000600 ) ) ;
#9429 = ADVANCED_FACE ( 'NONE', ( #1298 ), #3801, .F. ) ;
#9430 = VERTEX_POINT ( 'NONE', #8929 ) ;
#9431 = FACE_OUTER_BOUND ( 'NONE', #9460, .T. ) ;
#9432 = CARTESIAN_POINT ( 'NONE',  ( -0.8750000000000003300, -0.1249999999999970700, -0.02000000000000000000 ) ) ;
#9433 = CARTESIAN_POINT ( 'NONE',  ( 0.6112428053194750600, 0.6209123545300122600, 0.9400000000000000600 ) ) ;
#9434 =( LENGTH_UNIT ( ) NAMED_UNIT ( * ) SI_UNIT ( .MILLI., .METRE. ) );
#9435 = CARTESIAN_POINT ( 'NONE',  ( 0.5505121664671922500, 0.6915213158045996300, 0.9300000000000000500 ) ) ;
#9436 = VECTOR ( 'NONE', #3301, 1000.000000000000000 ) ;
#9437 = CARTESIAN_POINT ( 'NONE',  ( 0.004095928223868394700, 0.8400940602442806800, 0.9300000000000000500 ) ) ;
#9438 = CARTESIAN_POINT ( 'NONE',  ( 0.7611011652754009500, 0.7064749667899301600, 0.9400000000000000600 ) ) ;
#9439 = ORIENTED_EDGE ( 'NONE', *, *, #6555, .T. ) ;
#9440 = DIRECTION ( 'NONE',  ( -0.0000000000000000000, -0.0000000000000000000, -1.000000000000000000 ) ) ;
#9441 = EDGE_LOOP ( 'NONE', ( #7447, #935, #9153, #2990 ) ) ;
#9442 = ORIENTED_EDGE ( 'NONE', *, *, #8448, .F. ) ;
#9443 = FACE_OUTER_BOUND ( 'NONE', #3281, .T. ) ;
#9444 = LINE ( 'NONE', #2240, #3206 ) ;
#9445 = CARTESIAN_POINT ( 'NONE',  ( 0.5777951522050398500, 0.6395796605610599700, 0.9400000000000000600 ) ) ;
#9446 = FILL_AREA_STYLE_COLOUR ( '', #7180 ) ;
#9447 = ADVANCED_FACE ( 'NONE', ( #9150 ), #4701, .F. ) ;
#9448 = CARTESIAN_POINT ( 'NONE',  ( 0.5737348893547593600, 0.6510177181028996600, 0.9400000000000000600 ) ) ;
#9449 =( NAMED_UNIT ( * ) PLANE_ANGLE_UNIT ( ) SI_UNIT ( $, .RADIAN. ) );
#9450 = ORIENTED_EDGE ( 'NONE', *, *, #10031, .F. ) ;
#9451 = VERTEX_POINT ( 'NONE', #2165 ) ;
#9452 = CARTESIAN_POINT ( 'NONE',  ( 0.6783856885514542000, 0.8358091931916126200, 0.9400000000000000600 ) ) ;
#9453 = ORIENTED_EDGE ( 'NONE', *, *, #9098, .T. ) ;
#9454 = VECTOR ( 'NONE', #2686, 1000.000000000000000 ) ;
#9455 = DIRECTION ( 'NONE',  ( 1.000000000000000000, 0.0000000000000000000, -0.0000000000000000000 ) ) ;
#9456 = CARTESIAN_POINT ( 'NONE',  ( 0.8128200012164387100, 0.6704277551429660400, 0.9400000000000000600 ) ) ;
#9457 =( NAMED_UNIT ( * ) PLANE_ANGLE_UNIT ( ) SI_UNIT ( $, .RADIAN. ) );
#9458 = CARTESIAN_POINT ( 'NONE',  ( 0.5310773717265184800, 0.6357174593130073800, 0.9400000000000000600 ) ) ;
#9459 = CARTESIAN_POINT ( 'NONE',  ( 0.5699964766084249000, 0.6246260095757295600, 0.9400000000000000600 ) ) ;
#9460 = EDGE_LOOP ( 'NONE', ( #9417, #2583, #8536, #7979, #3751, #9640, #6077, #4410, #2031, #4491, #5705, #10421 ) ) ;
#9461 = CARTESIAN_POINT ( 'NONE',  ( 0.6392437643663834200, 0.7854520307678748400, 0.9300000000000000500 ) ) ;
#9462 = ADVANCED_FACE ( 'NONE', ( #6919 ), #4640, .T. ) ;
#9463 = ORIENTED_EDGE ( 'NONE', *, *, #9953, .F. ) ;
#9464 = VECTOR ( 'NONE', #3722, 999.9999999999998900 ) ;
#9465 = CARTESIAN_POINT ( 'NONE',  ( -0.03859780289354117200, 0.6679419197013349900, 0.9400000000000000600 ) ) ;
#9466 = B_SPLINE_CURVE_WITH_KNOTS ( 'NONE', 3,
 ( #2592, #3549, #2513, #3500 ),
 .UNSPECIFIED., .F., .F.,
 ( 4, 4 ),
 ( 9.000000000000000000, 10.00000000000000000 ),
 .UNSPECIFIED. ) ;
#9467 = CARTESIAN_POINT ( 'NONE',  ( 0.4737137801160609100, 0.8681427497922001900, 0.9300000000000000500 ) ) ;
#9468 = CARTESIAN_POINT ( 'NONE',  ( 0.5229073306253952900, 0.8689349962017674000, 0.9400000000000000600 ) ) ;
#9469 =( LENGTH_UNIT ( ) NAMED_UNIT ( * ) SI_UNIT ( .MILLI., .METRE. ) );
#9470 = ORIENTED_EDGE ( 'NONE', *, *, #5566, .F. ) ;
#9471 = EDGE_CURVE ( 'NONE', #6192, #7949, #4648, .T. ) ;
#9472 = EDGE_CURVE ( 'NONE', #10041, #3273, #2266, .T. ) ;
#9473 = CARTESIAN_POINT ( 'NONE',  ( 0.1170277513332148400, 0.8972485831191486800, 0.9400000000000000600 ) ) ;
#9474 = LINE ( 'NONE', #4498, #6979 ) ;
#9475 = EDGE_CURVE ( 'NONE', #10410, #10256, #2419, .T. ) ;
#9476 = CARTESIAN_POINT ( 'NONE',  ( 0.5751955936728356800, 0.6282406338210000400, 0.9300000000000000500 ) ) ;
#9477 = EDGE_CURVE ( 'NONE', #136, #8106, #8887, .T. ) ;
#9478 = EDGE_LOOP ( 'NONE', ( #5329, #3438, #3094, #1439 ) ) ;
#9479 = ORIENTED_EDGE ( 'NONE', *, *, #10015, .F. ) ;
#9480 = CARTESIAN_POINT ( 'NONE',  ( 0.5622225587120900400, 0.6449768392276955500, 0.9300000000000000500 ) ) ;
#9481 = DIRECTION ( 'NONE',  ( 0.0000000000000000000, -0.0000000000000000000, -1.000000000000000000 ) ) ;
#9482 = LINE ( 'NONE', #3875, #7254 ) ;
#9483 = ADVANCED_FACE ( 'NONE', ( #245 ), #5645, .F. ) ;
#9484 = DIRECTION ( 'NONE',  ( -0.0000000000000000000, -0.0000000000000000000, 1.000000000000000000 ) ) ;
#9485 = EDGE_CURVE ( 'NONE', #1573, #5482, #7878, .T. ) ;
#9486 = STYLED_ITEM ( 'NONE', ( #3056 ), #1172 ) ;
#9487 = DIRECTION ( 'NONE',  ( -0.0000000000000000000, 1.000000000000000000, -0.0000000000000000000 ) ) ;
#9488 = DIRECTION ( 'NONE',  ( 0.0000000000000000000, -0.0000000000000000000, -1.000000000000000000 ) ) ;
#9489 = EDGE_CURVE ( 'NONE', #9022, #7120, #10068, .T. ) ;
#9490 = CARTESIAN_POINT ( 'NONE',  ( 0.5894312713490678100, 0.8180331643712409600, 0.9300000000000000500 ) ) ;
#9491 = CARTESIAN_POINT ( 'NONE',  ( 0.5025069855725459200, 0.6488390404757544700, 0.9300000000000000500 ) ) ;
#9492 = ORIENTED_EDGE ( 'NONE', *, *, #8510, .F. ) ;
#9493 = CARTESIAN_POINT ( 'NONE',  ( 0.5426639754700232100, 0.6191298001079786900, 0.9400000000000000600 ) ) ;
#9494 = CARTESIAN_POINT ( 'NONE',  ( 0.5943828114103957300, 0.7854520307678748400, 0.9400000000000000600 ) ) ;
#9495 = EDGE_CURVE ( 'NONE', #3544, #1424, #3081, .T. ) ;
#9496 = CARTESIAN_POINT ( 'NONE',  ( 0.7890526089214275900, 0.6973641330769089200, 0.9300000000000000500 ) ) ;
#9497 = DIRECTION ( 'NONE',  ( 1.000000000000000000, 0.0000000000000000000, 0.0000000000000000000 ) ) ;
#9498 = CARTESIAN_POINT ( 'NONE',  ( 0.7156707852130119700, 0.6318057426650612900, 0.9400000000000000600 ) ) ;
#9499 = CARTESIAN_POINT ( 'NONE',  ( 0.7239893725158002000, 0.8118437392950346200, 0.9400000000000000600 ) ) ;
#9500 = PRESENTATION_LAYER_ASSIGNMENT (  '', '', ( #8390 ) ) ;
#9501 = LINE ( 'NONE', #4290, #2773 ) ;
#9502 =( NAMED_UNIT ( * ) PLANE_ANGLE_UNIT ( ) SI_UNIT ( $, .RADIAN. ) );
#9503 = DIRECTION ( 'NONE',  ( -0.0000000000000000000, -0.0000000000000000000, -1.000000000000000000 ) ) ;
#9504 = CARTESIAN_POINT ( 'NONE',  ( 0.4078582973002103900, 0.6318057426650551800, 0.9300000000000000500 ) ) ;
#9505 = ORIENTED_EDGE ( 'NONE', *, *, #294, .F. ) ;
#9506 = VERTEX_POINT ( 'NONE', #4809 ) ;
#9507 = ORIENTED_EDGE ( 'NONE', *, *, #2893, .T. ) ;
#9508 = LINE ( 'NONE', #3806, #584 ) ;
#9509 = ORIENTED_EDGE ( 'NONE', *, *, #2698, .F. ) ;
#9510 = VERTEX_POINT ( 'NONE', #3140 ) ;
#9511 = CARTESIAN_POINT ( 'NONE',  ( 0.5894312713490678100, 0.8180331643712409600, 0.9400000000000000600 ) ) ;
#9512 = DIRECTION ( 'NONE',  ( 0.0000000000000000000, 0.0000000000000000000, 1.000000000000000000 ) ) ;
#9513 = ORIENTED_EDGE ( 'NONE', *, *, #1953, .F. ) ;
#9514 = CARTESIAN_POINT ( 'NONE',  ( 0.4078582973002103900, 0.6643868762684275200, 0.9300000000000000500 ) ) ;
#9515 = EDGE_LOOP ( 'NONE', ( #4322, #3908, #7401, #1952 ) ) ;
#9516 = DIRECTION ( 'NONE',  ( 0.0000000000000000000, -0.0000000000000000000, 1.000000000000000000 ) ) ;
#9517 = ORIENTED_EDGE ( 'NONE', *, *, #6408, .F. ) ;
#9518 = SURFACE_SIDE_STYLE ('',( #8268 ) ) ;
#9519 =( NAMED_UNIT ( * ) SI_UNIT ( $, .STERADIAN. ) SOLID_ANGLE_UNIT ( ) );
#9520 = FACE_OUTER_BOUND ( 'NONE', #1311, .T. ) ;
#9521 = EDGE_CURVE ( 'NONE', #1586, #481, #3915, .T. ) ;
#9522 = CARTESIAN_POINT ( 'NONE',  ( 0.5025069855725459200, 0.6554741041582921000, 0.9400000000000000600 ) ) ;
#9523 = EDGE_LOOP ( 'NONE', ( #9366, #8535, #4821, #9654 ) ) ;
#9524 = ORIENTED_EDGE ( 'NONE', *, *, #1649, .F. ) ;
#9525 = DIRECTION ( 'NONE',  ( 0.0000000000000000000, 0.0000000000000000000, 1.000000000000000000 ) ) ;
#9526 = ORIENTED_EDGE ( 'NONE', *, *, #7159, .F. ) ;
#9527 = VERTEX_POINT ( 'NONE', #2361 ) ;
#9528 = EDGE_CURVE ( 'NONE', #3792, #3440, #6325, .T. ) ;
#9529 = DIRECTION ( 'NONE',  ( -0.0000000000000000000, -0.0000000000000000000, -1.000000000000000000 ) ) ;
#9530 = LINE ( 'NONE', #408, #2528 ) ;
#9531 = ADVANCED_FACE ( 'NONE', ( #1171 ), #709, .F. ) ;
#9532 = B_SPLINE_CURVE_WITH_KNOTS ( 'NONE', 3,
 ( #1438, #5542, #9569, #9630, #9712, #9007, #10341 ),
 .UNSPECIFIED., .F., .F.,
 ( 4, 3, 4 ),
 ( 2.000000000000000000, 3.000000000000000000, 4.000000000000000000 ),
 .UNSPECIFIED. ) ;
#9533 = CARTESIAN_POINT ( 'NONE',  ( 0.8616421862209343600, 0.7052370817740308800, 0.9400000000000000600 ) ) ;
#9534 = FACE_OUTER_BOUND ( 'NONE', #9641, .T. ) ;
#9535 = DIRECTION ( 'NONE',  ( -1.000000000000000000, 3.491481338843134100E-015, 0.0000000000000000000 ) ) ;
#9536 = ORIENTED_EDGE ( 'NONE', *, *, #2144, .F. ) ;
#9537 = EDGE_LOOP ( 'NONE', ( #485, #861, #9463, #6054 ) ) ;
#9538 =( LENGTH_UNIT ( ) NAMED_UNIT ( * ) SI_UNIT ( .MILLI., .METRE. ) );
#9539 = EDGE_CURVE ( 'NONE', #6386, #4691, #7222, .T. ) ;
#9540 = ORIENTED_EDGE ( 'NONE', *, *, #9037, .F. ) ;
#9541 = AXIS2_PLACEMENT_3D ( 'NONE', #9354, #10200, #5136 ) ;
#9542 = LINE ( 'NONE', #4609, #2815 ) ;
#9543 = EDGE_CURVE ( 'NONE', #10237, #171, #4707, .T. ) ;
#9544 =( GEOMETRIC_REPRESENTATION_CONTEXT ( 3 ) GLOBAL_UNCERTAINTY_ASSIGNED_CONTEXT ( ( #535 ) ) GLOBAL_UNIT_ASSIGNED_CONTEXT ( ( #10279, #4602, #4571 ) ) REPRESENTATION_CONTEXT ( 'NONE', 'WORKASPACE' ) );
#9545 = ORIENTED_EDGE ( 'NONE', *, *, #2893, .F. ) ;
#9546 = EDGE_CURVE ( 'NONE', #92, #5738, #5586, .T. ) ;
#9547 = ADVANCED_FACE ( 'NONE', ( #9798 ), #4681, .F. ) ;
#9548 = ORIENTED_EDGE ( 'NONE', *, *, #10642, .T. ) ;
#9549 = CARTESIAN_POINT ( 'NONE',  ( 0.6379316062503077600, 0.6899368229848047400, 0.9400000000000000600 ) ) ;
#9550 = ADVANCED_FACE ( 'NONE', ( #3597 ), #829, .F. ) ;
#9551 = PRESENTATION_STYLE_ASSIGNMENT (( #8446 ) ) ;
#9552 = FACE_OUTER_BOUND ( 'NONE', #3291, .T. ) ;
#9553 = VECTOR ( 'NONE', #9591, 1000.000000000000000 ) ;
#9554 = PLANE ( 'NONE',  #3235 ) ;
#9555 = CARTESIAN_POINT ( 'NONE',  ( -1.500000000000000000, 0.0000000000000000000, -0.02000000000000000000 ) ) ;
#9556 = CARTESIAN_POINT ( 'NONE',  ( 0.8749999999999986700, -0.1250000000000091000, -0.02000000000000000000 ) ) ;
#9557 = PRESENTATION_LAYER_ASSIGNMENT (  '', '', ( #8986 ) ) ;
#9558 = VERTEX_POINT ( 'NONE', #5851 ) ;
#9559 = CARTESIAN_POINT ( 'NONE',  ( 0.8616421862209343600, 0.7052370817740308800, 0.9300000000000000500 ) ) ;
#9560 = ORIENTED_EDGE ( 'NONE', *, *, #10397, .T. ) ;
#9561 =( GEOMETRIC_REPRESENTATION_CONTEXT ( 3 ) GLOBAL_UNCERTAINTY_ASSIGNED_CONTEXT ( ( #2386 ) ) GLOBAL_UNIT_ASSIGNED_CONTEXT ( ( #2227, #3998, #2813 ) ) REPRESENTATION_CONTEXT ( 'NONE', 'WORKASPACE' ) );
#9562 = CARTESIAN_POINT ( 'NONE',  ( 0.5737348893547593600, 0.6510177181028996600, 0.9300000000000000500 ) ) ;
#9563 = LINE ( 'NONE', #898, #639 ) ;
#9564 = FACE_OUTER_BOUND ( 'NONE', #228, .T. ) ;
#9565 = SURFACE_STYLE_USAGE ( .BOTH. , #3641 ) ;
#9566 = SURFACE_STYLE_USAGE ( .BOTH. , #3642 ) ;
#9567 = VECTOR ( 'NONE', #5707, 1000.000000000000000 ) ;
#9568 = CARTESIAN_POINT ( 'NONE',  ( 0.6172341687937833400, 0.6322513812700694100, 0.9400000000000000600 ) ) ;
#9569 = CARTESIAN_POINT ( 'NONE',  ( -0.001412949204835072700, 0.6583013612159794900, 0.9300000000000000500 ) ) ;
#9570 = AXIS2_PLACEMENT_3D ( 'NONE', #7255, #2197, #8116 ) ;
#9571 = ORIENTED_EDGE ( 'NONE', *, *, #830, .T. ) ;
#9572 = ORIENTED_EDGE ( 'NONE', *, *, #6219, .T. ) ;
#9573 = CARTESIAN_POINT ( 'NONE',  ( 0.4628203919810128200, 0.7859967001746557300, 0.9300000000000000500 ) ) ;
#9574 = CARTESIAN_POINT ( 'NONE',  ( -0.04135224160789507200, 0.8414712763175875600, 0.9400000000000000600 ) ) ;
#9575 = EDGE_LOOP ( 'NONE', ( #9623, #8833, #1647, #3292 ) ) ;
#9576 = FACE_OUTER_BOUND ( 'NONE', #9372, .T. ) ;
#9577 = DIRECTION ( 'NONE',  ( 1.000000000000000000, -4.336808689942018200E-016, 0.0000000000000000000 ) ) ;
#9578 = CARTESIAN_POINT ( 'NONE',  ( 0.2733419037463276100, 0.6879115429175741700, 0.9400000000000000600 ) ) ;
#9579 = ORIENTED_EDGE ( 'NONE', *, *, #756, .T. ) ;
#9580 = ORIENTED_EDGE ( 'NONE', *, *, #6549, .F. ) ;
#9581 = SURFACE_STYLE_FILL_AREA ( #6763 ) ;
#9582 = SURFACE_STYLE_FILL_AREA ( #2865 ) ;
#9583 = CARTESIAN_POINT ( 'NONE',  ( 0.6398131914727888100, 0.8601212548927491500, 0.9400000000000000600 ) ) ;
#9584 = ADVANCED_FACE ( 'NONE', ( #4508 ), #794, .T. ) ;
#9585 = CARTESIAN_POINT ( 'NONE',  ( 0.5229073306253952900, 0.8558629304402384200, 0.9400000000000000600 ) ) ;
#9586 = SURFACE_STYLE_USAGE ( .BOTH. , #4519 ) ;
#9587 = ORIENTED_EDGE ( 'NONE', *, *, #3854, .F. ) ;
#9588 = LINE ( 'NONE', #7354, #943 ) ;
#9589 = VECTOR ( 'NONE', #1452, 1000.000000000000000 ) ;
#9590 = CARTESIAN_POINT ( 'NONE',  ( -0.01174206647338270300, 0.8414712763175875600, 0.9400000000000000600 ) ) ;
#9591 = DIRECTION ( 'NONE',  ( -0.0000000000000000000, -0.0000000000000000000, 1.000000000000000000 ) ) ;
#9592 = CARTESIAN_POINT ( 'NONE',  ( 0.4713617985869710800, 0.6402728761695148900, 0.9400000000000000600 ) ) ;
#9593 = MECHANICAL_DESIGN_GEOMETRIC_PRESENTATION_REPRESENTATION (  '', ( #7362 ), #10157 ) ;
#9594 = ORIENTED_EDGE ( 'NONE', *, *, #8292, .F. ) ;
#9595 = VERTEX_POINT ( 'NONE', #3328 ) ;
#9596 = VERTEX_POINT ( 'NONE', #9255 ) ;
#9597 = ADVANCED_FACE ( 'NONE', ( #373 ), #8396, .T. ) ;
#9598 = FACE_OUTER_BOUND ( 'NONE', #6985, .T. ) ;
#9599 = LINE ( 'NONE', #2905, #2867 ) ;
#9600 = B_SPLINE_CURVE_WITH_KNOTS ( 'NONE', 3,
 ( #4713, #4893, #6024, #5803 ),
 .UNSPECIFIED., .F., .F.,
 ( 4, 4 ),
 ( 6.000000000000000000, 7.000000000000000000 ),
 .UNSPECIFIED. ) ;
#9601 = CARTESIAN_POINT ( 'NONE',  ( 0.5229073306253952900, 0.7784208438808782900, 0.9300000000000000500 ) ) ;
#9602 = EDGE_CURVE ( 'NONE', #2388, #5973, #8764, .T. ) ;
#9603 = EDGE_CURVE ( 'NONE', #6251, #7442, #106, .T. ) ;
#9604 = CARTESIAN_POINT ( 'NONE',  ( 0.4713617985869710800, 0.6402728761695148900, 0.9400000000000000600 ) ) ;
#9605 = ORIENTED_EDGE ( 'NONE', *, *, #7235, .F. ) ;
#9606 = ORIENTED_EDGE ( 'NONE', *, *, #4224, .T. ) ;
#9607 = ORIENTED_EDGE ( 'NONE', *, *, #484, .T. ) ;
#9608 = EDGE_CURVE ( 'NONE', #3805, #4284, #9010, .T. ) ;
#9609 = LINE ( 'NONE', #5660, #5109 ) ;
#9610 = EDGE_CURVE ( 'NONE', #7800, #9595, #2289, .T. ) ;
#9611 = CARTESIAN_POINT ( 'NONE',  ( 0.7996736623527519500, 0.6700811473390668700, 0.9300000000000000500 ) ) ;
#9612 =( NAMED_UNIT ( * ) PLANE_ANGLE_UNIT ( ) SI_UNIT ( $, .RADIAN. ) );
#9613 = ORIENTED_EDGE ( 'NONE', *, *, #2830, .F. ) ;
#9614 = EDGE_CURVE ( 'NONE', #811, #9378, #4233, .T. ) ;
#9615 = ORIENTED_EDGE ( 'NONE', *, *, #7681, .T. ) ;
#9616 = CARTESIAN_POINT ( 'NONE',  ( 0.2519950447545432600, 0.6224937301679918100, 0.9400000000000000600 ) ) ;
#9617 =( NAMED_UNIT ( * ) SI_UNIT ( $, .STERADIAN. ) SOLID_ANGLE_UNIT ( ) );
#9618 = EDGE_CURVE ( 'NONE', #9681, #9595, #6409, .T. ) ;
#9619 = CARTESIAN_POINT ( 'NONE',  ( 0.05229852363548511500, 0.6286911926485471100, 0.9300000000000000500 ) ) ;
#9620 = CARTESIAN_POINT ( 'NONE',  ( -0.09093206622731372900, 0.8084180577156119300, 0.9400000000000000600 ) ) ;
#9621 =( NAMED_UNIT ( * ) PLANE_ANGLE_UNIT ( ) SI_UNIT ( $, .RADIAN. ) );
#9622 = ORIENTED_EDGE ( 'NONE', *, *, #4858, .F. ) ;
#9623 = ORIENTED_EDGE ( 'NONE', *, *, #10092, .T. ) ;
#9624 = CARTESIAN_POINT ( 'NONE',  ( 0.4841367719451629700, 0.6290823956311254500, 0.9300000000000000500 ) ) ;
#9625 = FACE_OUTER_BOUND ( 'NONE', #2035, .T. ) ;
#9626 = CARTESIAN_POINT ( 'NONE',  ( 0.5473431808279249900, 0.6790929502503110200, 0.9400000000000000600 ) ) ;
#9627 = CARTESIAN_POINT ( 'NONE',  ( 1.000000000000000200, -1.000000000000000200, 0.0000000000000000000 ) ) ;
#9628 = CARTESIAN_POINT ( 'NONE',  ( 0.5463033574149133200, 0.6659218536876677600, 0.9300000000000000500 ) ) ;
#9629 = ADVANCED_FACE ( 'NONE', ( #1786 ), #5105, .F. ) ;
#9630 = CARTESIAN_POINT ( 'NONE',  ( -0.001412949204835072700, 0.6431519647050799600, 0.9300000000000000500 ) ) ;
#9631 = ORIENTED_EDGE ( 'NONE', *, *, #6002, .F. ) ;
#9632 = SURFACE_SIDE_STYLE ('',( #9831 ) ) ;
#9633 = ORIENTED_EDGE ( 'NONE', *, *, #5988, .T. ) ;
#9634 = VECTOR ( 'NONE', #9399, 1000.000000000000000 ) ;
#9635 = DIRECTION ( 'NONE',  ( -1.000000000000000000, -0.0000000000000000000, -0.0000000000000000000 ) ) ;
#9636 = FACE_OUTER_BOUND ( 'NONE', #772, .T. ) ;
#9637 = CARTESIAN_POINT ( 'NONE',  ( -0.6249999999999970000, 0.8750000000000021100, 0.0000000000000000000 ) ) ;
#9638 =( GEOMETRIC_REPRESENTATION_CONTEXT ( 3 ) GLOBAL_UNCERTAINTY_ASSIGNED_CONTEXT ( ( #166 ) ) GLOBAL_UNIT_ASSIGNED_CONTEXT ( ( #7334, #2261, #8188 ) ) REPRESENTATION_CONTEXT ( 'NONE', 'WORKASPACE' ) );
#9639 = ORIENTED_EDGE ( 'NONE', *, *, #7755, .F. ) ;
#9640 = ORIENTED_EDGE ( 'NONE', *, *, #5922, .T. ) ;
#9641 = EDGE_LOOP ( 'NONE', ( #1343, #8063, #5498, #4861 ) ) ;
#9642 = CARTESIAN_POINT ( 'NONE',  ( 0.8616421862209343600, 0.7052370817740308800, 0.9400000000000000600 ) ) ;
#9643 = DIRECTION ( 'NONE',  ( 0.3493954794973055400, -0.9369753459439835700, -0.0000000000000000000 ) ) ;
#9644 = VERTEX_POINT ( 'NONE', #6825 ) ;
#9645 = FACE_OUTER_BOUND ( 'NONE', #665, .T. ) ;
#9646 = CARTESIAN_POINT ( 'NONE',  ( 0.2478634031010534800, 0.8070408416423106000, 0.9400000000000000600 ) ) ;
#9647 = DIRECTION ( 'NONE',  ( -0.0000000000000000000, -0.0000000000000000000, -1.000000000000000000 ) ) ;
#9648 = DIRECTION ( 'NONE',  ( 1.000000000000000000, -3.491481338843133400E-015, 0.0000000000000000000 ) ) ;
#9649 = EDGE_LOOP ( 'NONE', ( #4241, #10787, #7388, #4349 ) ) ;
#9650 = DIRECTION ( 'NONE',  ( -0.0000000000000000000, -0.0000000000000000000, -1.000000000000000000 ) ) ;
#9651 =( NAMED_UNIT ( * ) PLANE_ANGLE_UNIT ( ) SI_UNIT ( $, .RADIAN. ) );
#9652 = ORIENTED_EDGE ( 'NONE', *, *, #8724, .F. ) ;
#9653 =( GEOMETRIC_REPRESENTATION_CONTEXT ( 3 ) GLOBAL_UNCERTAINTY_ASSIGNED_CONTEXT ( ( #1028 ) ) GLOBAL_UNIT_ASSIGNED_CONTEXT ( ( #4472, #3087, #1787 ) ) REPRESENTATION_CONTEXT ( 'NONE', 'WORKASPACE' ) );
#9654 = ORIENTED_EDGE ( 'NONE', *, *, #2634, .T. ) ;
#9655 = ORIENTED_EDGE ( 'NONE', *, *, #420, .F. ) ;
#9656 = CARTESIAN_POINT ( 'NONE',  ( 0.5547952486202794000, 0.8180331643712409600, 0.9400000000000000600 ) ) ;
#9657 = CARTESIAN_POINT ( 'NONE',  ( 0.5025069855725459200, 0.6207638083283396600, 0.9400000000000000600 ) ) ;
#9658 = CARTESIAN_POINT ( 'NONE',  ( 0.8750000000000001100, -0.8750000000000000000, -0.0000000000000000000 ) ) ;
#9659 = VECTOR ( 'NONE', #4765, 1000.000000000000000 ) ;
#9660 = FACE_OUTER_BOUND ( 'NONE', #2009, .T. ) ;
#9662 = DIRECTION ( 'NONE',  ( -0.0000000000000000000, -1.000000000000000000, -0.0000000000000000000 ) ) ;
#9661 = VECTOR ( 'NONE', #3523, 1000.000000000000000 ) ;
#9663 =( LENGTH_UNIT ( ) NAMED_UNIT ( * ) SI_UNIT ( .MILLI., .METRE. ) );
#9664 = CARTESIAN_POINT ( 'NONE',  ( 0.4643801271002033200, 0.8586357928740651100, 0.9300000000000000500 ) ) ;
#9665 = ADVANCED_FACE ( 'NONE', ( #10444 ), #2616, .F. ) ;
#9666 = EDGE_CURVE ( 'NONE', #7949, #3921, #7456, .T. ) ;
#9667 = VERTEX_POINT ( 'NONE', #7745 ) ;
#9668 = CARTESIAN_POINT ( 'NONE',  ( 0.8816464080683457100, 0.6472545476559552500, 0.9400000000000000600 ) ) ;
#9669 = CARTESIAN_POINT ( 'NONE',  ( 0.7762776355632417000, 0.7176159319277641800, 0.9300000000000000500 ) ) ;
#9670 = ORIENTED_EDGE ( 'NONE', *, *, #10109, .T. ) ;
#9671 = B_SPLINE_CURVE_WITH_KNOTS ( 'NONE', 3,
 ( #2107, #4541, #9863, #9846 ),
 .UNSPECIFIED., .F., .F.,
 ( 4, 4 ),
 ( 6.000000000000000000, 7.000000000000000000 ),
 .UNSPECIFIED. ) ;
#9672 = FACE_OUTER_BOUND ( 'NONE', #2531, .T. ) ;
#9673 = CARTESIAN_POINT ( 'NONE',  ( 0.7403542124183174500, 0.8588833698775091300, 0.9300000000000000500 ) ) ;
#9674 = CARTESIAN_POINT ( 'NONE',  ( 0.8621868556270615400, 0.7020185807345342700, 0.9300000000000000500 ) ) ;
#9675 = STYLED_ITEM ( 'NONE', ( #6915 ), #5394 ) ;
#9676 = FACE_OUTER_BOUND ( 'NONE', #9575, .T. ) ;
#9677 = B_SPLINE_CURVE_WITH_KNOTS ( 'NONE', 3,
 ( #3741, #4562, #6294, #1325 ),
 .UNSPECIFIED., .F., .F.,
 ( 4, 4 ),
 ( 14.00000000000000000, 15.00000000000000000 ),
 .UNSPECIFIED. ) ;
#9678 = EDGE_CURVE ( 'NONE', #7884, #8584, #3175, .T. ) ;
#9679 = VERTEX_POINT ( 'NONE', #2656 ) ;
#9680 =( GEOMETRIC_REPRESENTATION_CONTEXT ( 3 ) GLOBAL_UNCERTAINTY_ASSIGNED_CONTEXT ( ( #1604 ) ) GLOBAL_UNIT_ASSIGNED_CONTEXT ( ( #4034, #9961, #4890 ) ) REPRESENTATION_CONTEXT ( 'NONE', 'WORKASPACE' ) );
#9681 = VERTEX_POINT ( 'NONE', #215 ) ;
#9682 = VECTOR ( 'NONE', #9060, 1000.000000000000000 ) ;
#9683 = EDGE_CURVE ( 'NONE', #6619, #5933, #2204, .T. ) ;
#9684 = MECHANICAL_DESIGN_GEOMETRIC_PRESENTATION_REPRESENTATION (  '', ( #8030 ), #10253 ) ;
#9685 = COLOUR_RGB ( '',0.4980392156862745200, 0.4980392156862745200, 0.4980392156862745200 ) ;
#9686 = VECTOR ( 'NONE', #4069, 1000.000000000000000 ) ;
#9687 = CARTESIAN_POINT ( 'NONE',  ( 0.4973078685081360800, 0.6347271513012086000, 0.9400000000000000600 ) ) ;
#9688 = EDGE_CURVE ( 'NONE', #7494, #5267, #2925, .T. ) ;
#9689 = ADVANCED_FACE ( 'NONE', ( #4892 ), #8599, .F. ) ;
#9690 = VERTEX_POINT ( 'NONE', #1063 ) ;
#9691 = CARTESIAN_POINT ( 'NONE',  ( -0.01105345515318837700, 0.8001547941092382900, 0.9400000000000000600 ) ) ;
#9692 = ORIENTED_EDGE ( 'NONE', *, *, #5846, .T. ) ;
#9693 = VECTOR ( 'NONE', #2869, 1000.000000000000000 ) ;
#9694 = LINE ( 'NONE', #6377, #1059 ) ;
#9695 = CARTESIAN_POINT ( 'NONE',  ( 0.4960947411931701000, 0.7727760882107978000, 0.9400000000000000600 ) ) ;
#9696 =( LENGTH_UNIT ( ) NAMED_UNIT ( * ) SI_UNIT ( .MILLI., .METRE. ) );
#9697 = FILL_AREA_STYLE ('',( #1030 ) ) ;
#9698 = CARTESIAN_POINT ( 'NONE',  ( 0.7605317381683398500, 0.6318057426650612900, 0.9300000000000000500 ) ) ;
#9699 = DIRECTION ( 'NONE',  ( 0.9345104387417435500, -0.3559357243698840200, 0.0000000000000000000 ) ) ;
#9700 = CARTESIAN_POINT ( 'NONE',  ( -0.6249999999999998900, -0.6250000000000000000, -0.02000000000000000000 ) ) ;
#9701 = CARTESIAN_POINT ( 'NONE',  ( 0.02613141167001858900, 0.7133900960998563700, 0.9400000000000000600 ) ) ;
#9702 = PRESENTATION_LAYER_ASSIGNMENT (  '', '', ( #8042 ) ) ;
#9703 = CARTESIAN_POINT ( 'NONE',  ( 0.5841083657832982800, 0.6899368229848047400, 0.9300000000000000500 ) ) ;
#9704 = ORIENTED_EDGE ( 'NONE', *, *, #359, .F. ) ;
#9705 = EDGE_LOOP ( 'NONE', ( #495, #4642, #109, #10593 ) ) ;
#9706 = DIRECTION ( 'NONE',  ( 0.0000000000000000000, 0.0000000000000000000, -1.000000000000000000 ) ) ;
#9707 = ORIENTED_EDGE ( 'NONE', *, *, #9602, .T. ) ;
#9708 = LINE ( 'NONE', #3929, #2726 ) ;
#9709 = COLOUR_RGB ( '',0.6666666666666666300, 0.6666666666666666300, 0.6666666666666666300 ) ;
#9710 = CARTESIAN_POINT ( 'NONE',  ( 0.2196304309060044000, 0.7698559748191087200, 0.9400000000000000600 ) ) ;
#9711 = CARTESIAN_POINT ( 'NONE',  ( 0.5229073306253952900, 0.7904035708294961900, 0.9400000000000000600 ) ) ;
#9712 = CARTESIAN_POINT ( 'NONE',  ( -0.001412949204835072700, 0.6280025681941859800, 0.9300000000000000500 ) ) ;
#9713 = AXIS2_PLACEMENT_3D ( 'NONE', #5346, #2016, #7925 ) ;
#9714 = CARTESIAN_POINT ( 'NONE',  ( 0.5568996531462886400, 0.6816677510825681600, 0.9400000000000000600 ) ) ;
#9715 = DIRECTION ( 'NONE',  ( 0.3559357243698839700, 0.9345104387417434400, 0.0000000000000000000 ) ) ;
#9716 = DIRECTION ( 'NONE',  ( 1.000000000000000000, 0.0000000000000000000, -0.0000000000000000000 ) ) ;
#9717 = ORIENTED_EDGE ( 'NONE', *, *, #6342, .T. ) ;
#9718 = LINE ( 'NONE', #10234, #2732 ) ;
#9719 = SURFACE_STYLE_FILL_AREA ( #141 ) ;
#9720 = B_SPLINE_CURVE_WITH_KNOTS ( 'NONE', 3,
 ( #10843, #4954, #6667, #1663 ),
 .UNSPECIFIED., .F., .F.,
 ( 4, 4 ),
 ( 3.000000000000000000, 4.000000000000000000 ),
 .UNSPECIFIED. ) ;
#9721 = DIRECTION ( 'NONE',  ( -0.0000000000000000000, -0.0000000000000000000, -1.000000000000000000 ) ) ;
#9722 = VERTEX_POINT ( 'NONE', #3560 ) ;
#9723 = ORIENTED_EDGE ( 'NONE', *, *, #474, .T. ) ;
#9724 = CARTESIAN_POINT ( 'NONE',  ( 0.5943828114103957300, 0.7744100964311524400, 0.9400000000000000600 ) ) ;
#9725 = DIRECTION ( 'NONE',  ( 0.0000000000000000000, 1.000000000000000000, 0.0000000000000000000 ) ) ;
#9726 = VECTOR ( 'NONE', #5530, 1000.000000000000000 ) ;
#9727 = SURFACE_STYLE_FILL_AREA ( #4820 ) ;
#9728 = CARTESIAN_POINT ( 'NONE',  ( 0.5310773717265184800, 0.6231900629582662900, 0.9300000000000000500 ) ) ;
#9729 = EDGE_CURVE ( 'NONE', #9595, #5491, #3011, .T. ) ;
#9730 = CARTESIAN_POINT ( 'NONE',  ( 0.6680369698231981600, 0.7955531724926939700, 0.9300000000000000500 ) ) ;
#9731 = SURFACE_STYLE_USAGE ( .BOTH. , #10143 ) ;
#9732 = EDGE_CURVE ( 'NONE', #4990, #6618, #4090, .T. ) ;
#9733 = EDGE_LOOP ( 'NONE', ( #8365, #3594, #6556, #656 ) ) ;
#9734 = CARTESIAN_POINT ( 'NONE',  ( 0.4452424247632018100, 0.7064749667899272700, 0.9400000000000000600 ) ) ;
#9735 = CARTESIAN_POINT ( 'NONE',  ( 0.8621868556270615400, 0.7020185807345342700, 0.9400000000000000600 ) ) ;
#9736 = ORIENTED_EDGE ( 'NONE', *, *, #1746, .F. ) ;
#9737 = DIRECTION ( 'NONE',  ( 0.0000000000000000000, -1.000000000000000000, 0.0000000000000000000 ) ) ;
#9738 = VECTOR ( 'NONE', #947, 1000.000000000000000 ) ;
#9739 = VECTOR ( 'NONE', #2939, 1000.000000000000000 ) ;
#9740 = FILL_AREA_STYLE ('',( #8075 ) ) ;
#9741 = CARTESIAN_POINT ( 'NONE',  ( 0.5229073306253952900, 0.8689349962017674000, 0.9400000000000000600 ) ) ;
#9742 = UNCERTAINTY_MEASURE_WITH_UNIT (LENGTH_MEASURE( 1.000000000000000100E-005 ), #6154, 'distance_accuracy_value', 'NONE');
#9743 = PLANE ( 'NONE',  #2212 ) ;
#9744 = B_SPLINE_CURVE_WITH_KNOTS ( 'NONE', 3,
 ( #6772, #933, #2569, #8483 ),
 .UNSPECIFIED., .F., .F.,
 ( 4, 4 ),
 ( 4.000000000000000000, 5.000000000000000000 ),
 .UNSPECIFIED. ) ;
#9745 = CARTESIAN_POINT ( 'NONE',  ( 0.7339667257398894100, 0.6207638083283396600, 0.9400000000000000600 ) ) ;
#9746 = EDGE_CURVE ( 'NONE', #5864, #10688, #10819, .T. ) ;
#9747 = ADVANCED_FACE ( 'NONE', ( #6098 ), #3599, .F. ) ;
#9748 = B_SPLINE_CURVE_WITH_KNOTS ( 'NONE', 3,
 ( #1219, #3603, #8690, #7704 ),
 .UNSPECIFIED., .F., .F.,
 ( 4, 4 ),
 ( 11.00000000000000000, 12.00000000000000000 ),
 .UNSPECIFIED. ) ;
#9749 = ORIENTED_EDGE ( 'NONE', *, *, #10013, .T. ) ;
#9750 = STYLED_ITEM ( 'NONE', ( #7365 ), #7824 ) ;
#9751 = EDGE_LOOP ( 'NONE', ( #4192, #6443, #4736, #3426 ) ) ;
#9752 = CARTESIAN_POINT ( 'NONE',  ( 1.500000000000000000, 0.0000000000000000000, -0.02000000000000000000 ) ) ;
#9753 = CARTESIAN_POINT ( 'NONE',  ( 0.1672961807064048700, 0.6417747683330283800, 0.9400000000000000600 ) ) ;
#9754 = EDGE_CURVE ( 'NONE', #2218, #9208, #6345, .T. ) ;
#9755 = AXIS2_PLACEMENT_3D ( 'NONE', #7117, #4933, #4959 ) ;
#9756 = FILL_AREA_STYLE ('',( #9923 ) ) ;
#9757 = UNCERTAINTY_MEASURE_WITH_UNIT (LENGTH_MEASURE( 1.000000000000000100E-005 ), #1729, 'distance_accuracy_value', 'NONE');
#9758 = EDGE_CURVE ( 'NONE', #7415, #5675, #3841, .T. ) ;
#9759 = ORIENTED_EDGE ( 'NONE', *, *, #10512, .T. ) ;
#9760 = CARTESIAN_POINT ( 'NONE',  ( 0.004095928223868394700, 0.8400940602442806800, 0.9400000000000000600 ) ) ;
#9761 = ORIENTED_EDGE ( 'NONE', *, *, #2348, .T. ) ;
#9762 = CARTESIAN_POINT ( 'NONE',  ( 0.5894312713490678100, 0.8291246141085187900, 0.9300000000000000500 ) ) ;
#9763 = CARTESIAN_POINT ( 'NONE',  ( 0.4658160737180047600, 0.6850843137249499300, 0.9400000000000000600 ) ) ;
#9764 =( NAMED_UNIT ( * ) SI_UNIT ( $, .STERADIAN. ) SOLID_ANGLE_UNIT ( ) );
#9765 = EDGE_CURVE ( 'NONE', #10378, #7291, #1918, .T. ) ;
#9766 = ORIENTED_EDGE ( 'NONE', *, *, #10320, .F. ) ;
#9767 = AXIS2_PLACEMENT_3D ( 'NONE', #588, #5137, #6420 ) ;
#9768 = FACE_OUTER_BOUND ( 'NONE', #7814, .T. ) ;
#9769 = CARTESIAN_POINT ( 'NONE',  ( 0.5418717290601226000, 0.6542362191423900500, 0.9300000000000000500 ) ) ;
#9770 = EDGE_LOOP ( 'NONE', ( #5481, #8863, #2190, #10284 ) ) ;
#9771 = CARTESIAN_POINT ( 'NONE',  ( 0.7156707852130119700, 0.6318057426650612900, 0.9400000000000000600 ) ) ;
#9772 = CARTESIAN_POINT ( 'NONE',  ( 0.5074832833341178500, 0.7839170533486318200, 0.9400000000000000600 ) ) ;
#9773 = ORIENTED_EDGE ( 'NONE', *, *, #7095, .T. ) ;
#9774 = VERTEX_POINT ( 'NONE', #358 ) ;
#9775 = VECTOR ( 'NONE', #1616, 1000.000000000000000 ) ;
#9776 = CARTESIAN_POINT ( 'NONE',  ( 0.4464307943782164800, 0.7854520307678748400, 0.9300000000000000500 ) ) ;
#9777 = LINE ( 'NONE', #1938, #5011 ) ;
#9778 = CARTESIAN_POINT ( 'NONE',  ( 0.5168664517505301400, 0.8715593124345798500, 0.9300000000000000500 ) ) ;
#9779 = ORIENTED_EDGE ( 'NONE', *, *, #3653, .F. ) ;
#9780 = CARTESIAN_POINT ( 'NONE',  ( 0.4726739567030484600, 0.6893921535780167500, 0.9400000000000000600 ) ) ;
#9781 = VERTEX_POINT ( 'NONE', #1980 ) ;
#9782 = ORIENTED_EDGE ( 'NONE', *, *, #4910, .T. ) ;
#9783 = ORIENTED_EDGE ( 'NONE', *, *, #10517, .F. ) ;
#9784 =( LENGTH_UNIT ( ) NAMED_UNIT ( * ) SI_UNIT ( .MILLI., .METRE. ) );
#9785 = VECTOR ( 'NONE', #1973, 1000.000000000000000 ) ;
#9786 = CARTESIAN_POINT ( 'NONE',  ( 0.6403083454796753000, 0.8712622200305797400, 0.9400000000000000600 ) ) ;
#9787 = LINE ( 'NONE', #1307, #5312 ) ;
#9788 = EDGE_LOOP ( 'NONE', ( #5376, #9837, #882, #5074 ) ) ;
#9789 = VERTEX_POINT ( 'NONE', #10390 ) ;
#9790 = CARTESIAN_POINT ( 'NONE',  ( 0.8626820096339490300, 0.6997903877068363300, 0.9300000000000000500 ) ) ;
#9791 = DIRECTION ( 'NONE',  ( -1.000000000000000000, 0.0000000000000000000, -0.0000000000000000000 ) ) ;
#9792 = ADVANCED_FACE ( 'NONE', ( #5824 ), #6181, .F. ) ;
#9793 = ORIENTED_EDGE ( 'NONE', *, *, #10386, .T. ) ;
#9794 = CARTESIAN_POINT ( 'NONE',  ( 0.4809925440061695300, 0.6191298001079786900, 0.9400000000000000600 ) ) ;
#9795 = CARTESIAN_POINT ( 'NONE',  ( 0.6915320274138230200, 0.8384335094237693700, 0.9300000000000000500 ) ) ;
#9796 = LINE ( 'NONE', #4152, #8125 ) ;
#9797 = VECTOR ( 'NONE', #8465, 1000.000000000000000 ) ;
#9798 = FACE_OUTER_BOUND ( 'NONE', #2332, .T. ) ;
#9799 = PRESENTATION_LAYER_ASSIGNMENT (  '', '', ( #7578 ) ) ;
#9800 = ORIENTED_EDGE ( 'NONE', *, *, #2489, .T. ) ;
#9801 = VERTEX_POINT ( 'NONE', #3659 ) ;
#9802 = CARTESIAN_POINT ( 'NONE',  ( -0.07991432450440462400, 0.7030609656968133100, 0.9300000000000000500 ) ) ;
#9803 = CARTESIAN_POINT ( 'NONE',  ( -0.8749999999999978900, 0.6250000000000028900, 0.0000000000000000000 ) ) ;
#9804 = CARTESIAN_POINT ( 'NONE',  ( 0.7403542124183174500, 0.8588833698775091300, 0.9399999999999998400 ) ) ;
#9805 = VERTEX_POINT ( 'NONE', #9583 ) ;
#9806 = DIRECTION ( 'NONE',  ( -0.0000000000000000000, -0.0000000000000000000, 1.000000000000000000 ) ) ;
#9807 = VECTOR ( 'NONE', #10556, 1000.000000000000000 ) ;
#9808 = CARTESIAN_POINT ( 'NONE',  ( 0.5498437085590167600, 0.6191298001079786900, 0.9400000000000000600 ) ) ;
#9809 = VECTOR ( 'NONE', #5999, 1000.000000000000000 ) ;
#9810 = EDGE_CURVE ( 'NONE', #5391, #3022, #8115, .T. ) ;
#9811 = EDGE_CURVE ( 'NONE', #7298, #516, #10569, .T. ) ;
#9812 = FILL_AREA_STYLE_COLOUR ( '', #385 ) ;
#9813 = B_SPLINE_CURVE_WITH_KNOTS ( 'NONE', 3,
 ( #5849, #1660, #7593, #2499 ),
 .UNSPECIFIED., .F., .F.,
 ( 4, 4 ),
 ( 11.00000000000000000, 12.00000000000000000 ),
 .UNSPECIFIED. ) ;
#9814 = CARTESIAN_POINT ( 'NONE',  ( 5.237222008264700000E-015, 1.500000000000000000, -0.02000000000000000000 ) ) ;
#9815 = VERTEX_POINT ( 'NONE', #6214 ) ;
#9816 = B_SPLINE_CURVE_WITH_KNOTS ( 'NONE', 3,
 ( #7527, #6631, #2437, #9152 ),
 .UNSPECIFIED., .F., .F.,
 ( 4, 4 ),
 ( 15.00000000000000000, 16.00000000000000000 ),
 .UNSPECIFIED. ) ;
#9817 = EDGE_CURVE ( 'NONE', #6385, #10481, #547, .T. ) ;
#9818 = ORIENTED_EDGE ( 'NONE', *, *, #9249, .T. ) ;
#9819 = CARTESIAN_POINT ( 'NONE',  ( 0.6393180374672204900, 0.7744100964311586600, 0.9300000000000000500 ) ) ;
#9820 = CARTESIAN_POINT ( 'NONE',  ( 0.4658160737180047600, 0.6850843137249499300, 0.9300000000000000500 ) ) ;
#9821 = LINE ( 'NONE', #8512, #7618 ) ;
#9822 = LINE ( 'NONE', #4788, #3074 ) ;
#9823 = EDGE_CURVE ( 'NONE', #8046, #10294, #1389, .T. ) ;
#9824 = CARTESIAN_POINT ( 'NONE',  ( -0.3750000000000001100, 0.6250000000000000000, -0.02000000000000000000 ) ) ;
#9825 = CARTESIAN_POINT ( 'NONE',  ( 0.7982129580350048000, 0.6343310280960995400, 0.9400000000000000600 ) ) ;
#9826 = EDGE_LOOP ( 'NONE', ( #9388, #8489, #4335, #5941 ) ) ;
#9827 = EDGE_CURVE ( 'NONE', #3068, #10041, #10053, .T. ) ;
#9828 = STYLED_ITEM ( 'NONE', ( #4891 ), #1291 ) ;
#9829 = ORIENTED_EDGE ( 'NONE', *, *, #3653, .T. ) ;
#9830 = PRESENTATION_STYLE_ASSIGNMENT (( #172 ) ) ;
#9831 = SURFACE_STYLE_FILL_AREA ( #3711 ) ;
#9832 = DIRECTION ( 'NONE',  ( -1.000000000000000000, 3.491481338843133400E-015, -0.0000000000000000000 ) ) ;
#9833 = EDGE_CURVE ( 'NONE', #925, #8481, #1653, .T. ) ;
#9834 = CARTESIAN_POINT ( 'NONE',  ( 0.8616421862209343600, 0.7052370817740308800, 0.9300000000000000500 ) ) ;
#9835 = CARTESIAN_POINT ( 'NONE',  ( 0.1170277513332148400, 0.8972485831191486800, 0.9300000000000000500 ) ) ;
#9836 = CARTESIAN_POINT ( 'NONE',  ( 0.5944323268112803300, 0.5881826747243045200, 0.9400000000000000600 ) ) ;
#9837 = ORIENTED_EDGE ( 'NONE', *, *, #10257, .F. ) ;
#9838 = ORIENTED_EDGE ( 'NONE', *, *, #8096, .T. ) ;
#9839 = FACE_OUTER_BOUND ( 'NONE', #9101, .T. ) ;
#9840 = FACE_BOUND ( 'NONE', #3112, .T. ) ;
#9841 = DIRECTION ( 'NONE',  ( -0.0000000000000000000, -0.0000000000000000000, -1.000000000000000000 ) ) ;
#9842 = CARTESIAN_POINT ( 'NONE',  ( 0.6398131914727888100, 0.8601212548927491500, 0.9400000000000000600 ) ) ;
#9843 = CARTESIAN_POINT ( 'NONE',  ( 0.6677646351194723700, 0.8510104211797279200, 0.9400000000000000600 ) ) ;
#9844 = CARTESIAN_POINT ( 'NONE',  ( -0.1249999999999998900, -0.6250000000000000000, 0.0000000000000000000 ) ) ;
#9845 = DIRECTION ( 'NONE',  ( -0.0000000000000000000, 0.0000000000000000000, 1.000000000000000000 ) ) ;
#9846 = CARTESIAN_POINT ( 'NONE',  ( 0.5311516448273563300, 0.6712695169537451500, 0.9300000000000000500 ) ) ;
#9847 = ORIENTED_EDGE ( 'NONE', *, *, #8905, .T. ) ;
#9848 = FACE_OUTER_BOUND ( 'NONE', #7744, .T. ) ;
#9849 = ADVANCED_FACE ( 'NONE', ( #3303 ), #4547, .F. ) ;
#9850 = DIRECTION ( 'NONE',  ( -0.0000000000000000000, -0.0000000000000000000, -1.000000000000000000 ) ) ;
#9851 = CARTESIAN_POINT ( 'NONE',  ( -0.3420636973039750700, 0.1402995633473302100, -0.001000000000000000000 ) ) ;
#9852 = CARTESIAN_POINT ( 'NONE',  ( 0.06400487667892096300, 0.5749797460765683200, 0.9400000000000000600 ) ) ;
#9853 = CARTESIAN_POINT ( 'NONE',  ( 0.4979020533154743800, 0.7839170533486318200, 0.9400000000000000600 ) ) ;
#9854 = CARTESIAN_POINT ( 'NONE',  ( 0.6866547604536933400, 0.8498715669655995100, 0.9300000000000000500 ) ) ;
#9855 = ORIENTED_EDGE ( 'NONE', *, *, #1533, .F. ) ;
#9856 = DIRECTION ( 'NONE',  ( 1.000000000000000000, -3.491481338843133400E-015, 0.0000000000000000000 ) ) ;
#9857 = LINE ( 'NONE', #3313, #7658 ) ;
#9858 = LINE ( 'NONE', #9935, #7386 ) ;
#9859 = AXIS2_PLACEMENT_3D ( 'NONE', #4337, #5959, #6196 ) ;
#9860 = CARTESIAN_POINT ( 'NONE',  ( 0.4635136075897990400, 0.8217468194176258400, 0.9400000000000000600 ) ) ;
#9861 = ORIENTED_EDGE ( 'NONE', *, *, #5865, .T. ) ;
#9862 = CARTESIAN_POINT ( 'NONE',  ( 0.6783856885514575300, 0.8116456776921494600, 0.9400000000000000600 ) ) ;
#9863 = CARTESIAN_POINT ( 'NONE',  ( 0.5311516448273537700, 0.6774094266293947400, 0.9300000000000000500 ) ) ;
#9864 = FACE_OUTER_BOUND ( 'NONE', #7055, .T. ) ;
#9865 = CARTESIAN_POINT ( 'NONE',  ( -0.01105345515318837700, 0.8001547941092382900, 0.9400000000000000600 ) ) ;
#9866 = CARTESIAN_POINT ( 'NONE',  ( 0.4590572215344044200, 0.6522060877175773800, 0.9400000000000000600 ) ) ;
#9867 = CARTESIAN_POINT ( 'NONE',  ( 0.7134673498856181100, 0.7064749667899301600, 0.9300000000000000500 ) ) ;
#9868 = VERTEX_POINT ( 'NONE', #6282 ) ;
#9869 = DIRECTION ( 'NONE',  ( 0.9209172030172450000, -0.3897582650655330700, 0.0000000000000000000 ) ) ;
#9870 = DIRECTION ( 'NONE',  ( 0.0000000000000000000, -0.0000000000000000000, 1.000000000000000000 ) ) ;
#9871 = FACE_OUTER_BOUND ( 'NONE', #8059, .T. ) ;
#9872 = DIRECTION ( 'NONE',  ( -1.000000000000000000, 4.336808689942017700E-016, 0.0000000000000000000 ) ) ;
#9873 = DIRECTION ( 'NONE',  ( 0.3658589216693958800, -0.9306703226357371200, -0.0000000000000000000 ) ) ;
#9874 = PRESENTATION_LAYER_ASSIGNMENT (  '', '', ( #8776 ) ) ;
#9875 = FILL_AREA_STYLE ('',( #1496 ) ) ;
#9876 = EDGE_CURVE ( 'NONE', #136, #221, #3587, .T. ) ;
#9877 = B_SPLINE_CURVE_WITH_KNOTS ( 'NONE', 3,
 ( #4129, #3211, #7059, #9210 ),
 .UNSPECIFIED., .F., .F.,
 ( 4, 4 ),
 ( 1.000000000000000000, 2.000000000000000000 ),
 .UNSPECIFIED. ) ;
#9878 = UNCERTAINTY_MEASURE_WITH_UNIT (LENGTH_MEASURE( 1.000000000000000100E-005 ), #3666, 'distance_accuracy_value', 'NONE');
#9879 = ORIENTED_EDGE ( 'NONE', *, *, #2343, .T. ) ;
#9880 = ORIENTED_EDGE ( 'NONE', *, *, #3299, .T. ) ;
#9881 = CARTESIAN_POINT ( 'NONE',  ( 0.5841083657832982800, 0.6899368229848047400, 0.9400000000000000600 ) ) ;
#9882 = CARTESIAN_POINT ( 'NONE',  ( 0.6769249842330500300, 0.7879773161989130900, 0.9400000000000000600 ) ) ;
#9883 = CARTESIAN_POINT ( 'NONE',  ( 0.07777706368359811600, 0.6899774031471595000, 0.9400000000000000600 ) ) ;
#9884 = VECTOR ( 'NONE', #10652, 1000.000000000000000 ) ;
#9885 = EDGE_CURVE ( 'NONE', #438, #9899, #9787, .T. ) ;
#9886 = AXIS2_PLACEMENT_3D ( 'NONE', #874, #834, #857 ) ;
#9887 = CARTESIAN_POINT ( 'NONE',  ( 0.5229073306253952900, 0.8689349962017674000, 0.9400000000000000600 ) ) ;
#9888 = EDGE_CURVE ( 'NONE', #2776, #8074, #7584, .T. ) ;
#9889 = CARTESIAN_POINT ( 'NONE',  ( 0.4658160737180047600, 0.6850843137249499300, 0.9300000000000000500 ) ) ;
#9890 = ORIENTED_EDGE ( 'NONE', *, *, #1964, .F. ) ;
#9891 = EDGE_LOOP ( 'NONE', ( #4615, #2354, #2585, #460 ) ) ;
#9892 = FACE_OUTER_BOUND ( 'NONE', #3360, .T. ) ;
#9893 = CARTESIAN_POINT ( 'NONE',  ( 0.6769249842330500300, 0.7879773161989130900, 0.9300000000000000500 ) ) ;
#9894 = CARTESIAN_POINT ( 'NONE',  ( 0.2141215666114700500, 0.7698559748191087200, 0.9400000000000000600 ) ) ;
#9895 = LINE ( 'NONE', #4019, #5415 ) ;
#9896 = ADVANCED_FACE ( 'NONE', ( #1160 ), #3363, .F. ) ;
#9897 = CARTESIAN_POINT ( 'NONE',  ( 0.5229073306253952900, 0.7904035708294961900, 0.9400000000000000600 ) ) ;
#9898 = STYLED_ITEM ( 'NONE', ( #477 ), #6131 ) ;
#9899 = VERTEX_POINT ( 'NONE', #2928 ) ;
#9900 = ORIENTED_EDGE ( 'NONE', *, *, #10826, .T. ) ;
#9901 = CARTESIAN_POINT ( 'NONE',  ( 0.6677646351194723700, 0.8510104211797279200, 0.9300000000000000500 ) ) ;
#9902 = ORIENTED_EDGE ( 'NONE', *, *, #10167, .T. ) ;
#9903 = CARTESIAN_POINT ( 'NONE',  ( 0.5158266283375156900, 0.7860957309757735700, 0.9400000000000000600 ) ) ;
#9904 = VECTOR ( 'NONE', #6238, 1000.000000000000000 ) ;
#9905 = CARTESIAN_POINT ( 'NONE',  ( 0.5777951522050398500, 0.6395796605610599700, 0.9400000000000000600 ) ) ;
#9907 = CARTESIAN_POINT ( 'NONE',  ( 0.7395867237090291100, 0.8559619612413554800, 0.9300000000000000500 ) ) ;
#9906 = VECTOR ( 'NONE', #8278, 1000.000000000000000 ) ;
#9908 = AXIS2_PLACEMENT_3D ( 'NONE', #1700, #6666, #7594 ) ;
#9909 = CARTESIAN_POINT ( 'NONE',  ( 0.8750000000000001100, -0.6250000000000000000, -0.0000000000000000000 ) ) ;
#9910 =( LENGTH_UNIT ( ) NAMED_UNIT ( * ) SI_UNIT ( .MILLI., .METRE. ) );
#9911 = ORIENTED_EDGE ( 'NONE', *, *, #4288, .T. ) ;
#9912 = EDGE_LOOP ( 'NONE', ( #8168, #4652, #5544, #10424 ) ) ;
#9913 =( NAMED_UNIT ( * ) PLANE_ANGLE_UNIT ( ) SI_UNIT ( $, .RADIAN. ) );
#9914 = FILL_AREA_STYLE_COLOUR ( '', #5325 ) ;
#9915 = ORIENTED_EDGE ( 'NONE', *, *, #8899, .F. ) ;
#9916 = ORIENTED_EDGE ( 'NONE', *, *, #629, .T. ) ;
#9917 = ADVANCED_FACE ( 'NONE', ( #9534 ), #8881, .T. ) ;
#9918 = CARTESIAN_POINT ( 'NONE',  ( -0.8749999999999995600, 0.1250000000000029400, -0.02000000000000000000 ) ) ;
#9919 = FACE_OUTER_BOUND ( 'NONE', #5377, .T. ) ;
#9920 = CARTESIAN_POINT ( 'NONE',  ( 0.6760832224229499400, 0.6318057426650612900, 0.9300000000000000500 ) ) ;
#9921 = CARTESIAN_POINT ( 'NONE',  ( 0.7464693643943523000, 0.7064749667899301600, 0.9400000000000000600 ) ) ;
#9922 = LINE ( 'NONE', #4144, #3448 ) ;
#9923 = FILL_AREA_STYLE_COLOUR ( '', #7907 ) ;
#9924 = CARTESIAN_POINT ( 'NONE',  ( 0.4713617985869710800, 0.6369553443289065500, 0.9300000000000000500 ) ) ;
#9925 = VERTEX_POINT ( 'NONE', #8061 ) ;
#9927 = ORIENTED_EDGE ( 'NONE', *, *, #9050, .T. ) ;
#9926 = CARTESIAN_POINT ( 'NONE',  ( 0.4658160737180047600, 0.6732996483785580500, 0.9300000000000000500 ) ) ;
#9928 = LINE ( 'NONE', #9771, #1035 ) ;
#9929 = VECTOR ( 'NONE', #9253, 1000.000000000000000 ) ;
#9930 = UNCERTAINTY_MEASURE_WITH_UNIT (LENGTH_MEASURE( 1.000000000000000100E-005 ), #9434, 'distance_accuracy_value', 'NONE');
#9931 = LINE ( 'NONE', #6359, #3187 ) ;
#9932 = VECTOR ( 'NONE', #4634, 1000.000000000000000 ) ;
#9933 = CARTESIAN_POINT ( 'NONE',  ( 0.6635805837678008200, 0.6207638083283396600, 0.9400000000000000600 ) ) ;
#9934 = ORIENTED_EDGE ( 'NONE', *, *, #1387, .T. ) ;
#9935 = CARTESIAN_POINT ( 'NONE',  ( 0.8750000000000040000, 0.3749999999999909000, -0.02000000000000000000 ) ) ;
#9936 = PLANE ( 'NONE',  #355 ) ;
#9937 = ORIENTED_EDGE ( 'NONE', *, *, #611, .T. ) ;
#9938 = DIRECTION ( 'NONE',  ( 3.925162207837335900E-015, 1.000000000000000000, 0.0000000000000000000 ) ) ;
#9939 = ORIENTED_EDGE ( 'NONE', *, *, #6719, .F. ) ;
#9940 = FACE_OUTER_BOUND ( 'NONE', #9406, .T. ) ;
#9941 = FACE_OUTER_BOUND ( 'NONE', #10323, .T. ) ;
#9942 = CARTESIAN_POINT ( 'NONE',  ( 0.4078582973002103900, 0.6318057426650551800, 0.9400000000000000600 ) ) ;
#9943 = STYLED_ITEM ( 'NONE', ( #9830 ), #4339 ) ;
#9944 = CIRCLE ( 'NONE', #9886, 0.09299432094351936500 ) ;
#9945 = CARTESIAN_POINT ( 'NONE',  ( -0.01174206647338270300, 0.8414712763175875600, 0.9300000000000000500 ) ) ;
#9946 = CARTESIAN_POINT ( 'NONE',  ( -0.03859780289354117200, 0.6679419197013349900, 0.9400000000000000600 ) ) ;
#9947 = CARTESIAN_POINT ( 'NONE',  ( 0.7339667257398868600, 0.7176159319277641800, 0.9400000000000000600 ) ) ;
#9948 = ORIENTED_EDGE ( 'NONE', *, *, #4706, .T. ) ;
#9949 = PLANE ( 'NONE',  #5126 ) ;
#9950 = CARTESIAN_POINT ( 'NONE',  ( -0.1232966932103497500, 0.7299166758492917600, 0.9300000000000000500 ) ) ;
#9951 = ORIENTED_EDGE ( 'NONE', *, *, #2284, .F. ) ;
#9952 = FACE_OUTER_BOUND ( 'NONE', #1712, .T. ) ;
#9953 = EDGE_CURVE ( 'NONE', #1912, #7436, #7310, .T. ) ;
#9954 = MECHANICAL_DESIGN_GEOMETRIC_PRESENTATION_REPRESENTATION (  '', ( #8843 ), #10505 ) ;
#9955 = DIRECTION ( 'NONE',  ( -0.0000000000000000000, -0.0000000000000000000, -1.000000000000000000 ) ) ;
#9956 = DIRECTION ( 'NONE',  ( 3.925162207837335900E-015, 1.000000000000000000, 0.0000000000000000000 ) ) ;
#9957 = ADVANCED_FACE ( 'NONE', ( #9270 ), #1370, .F. ) ;
#9958 = B_SPLINE_CURVE_WITH_KNOTS ( 'NONE', 3,
 ( #3108, #821, #17, #9023 ),
 .UNSPECIFIED., .F., .F.,
 ( 4, 4 ),
 ( 5.000000000000000000, 6.000000000000000000 ),
 .UNSPECIFIED. ) ;
#9959 = CARTESIAN_POINT ( 'NONE',  ( 0.2905571210839667500, 0.6514153005493975600, 0.9400000000000000600 ) ) ;
#9960 = EDGE_CURVE ( 'NONE', #6595, #2795, #7040, .T. ) ;
#9961 =( NAMED_UNIT ( * ) PLANE_ANGLE_UNIT ( ) SI_UNIT ( $, .RADIAN. ) );
#9962 = CARTESIAN_POINT ( 'NONE',  ( 0.6250000000000013300, 0.1249999999999936000, -0.02000000000000000000 ) ) ;
#9963 = DIRECTION ( 'NONE',  ( 0.0000000000000000000, -1.000000000000000000, -0.0000000000000000000 ) ) ;
#9964 = ORIENTED_EDGE ( 'NONE', *, *, #760, .F. ) ;
#9965 = CARTESIAN_POINT ( 'NONE',  ( 0.5547952486202794000, 0.7854520307678748400, 0.9400000000000000600 ) ) ;
#9966 = ORIENTED_EDGE ( 'NONE', *, *, #824, .T. ) ;
#9967 = VECTOR ( 'NONE', #5223, 1000.000000000000000 ) ;
#9968 = EDGE_CURVE ( 'NONE', #5819, #1385, #606, .T. ) ;
#9969 = LINE ( 'NONE', #5980, #7498 ) ;
#9970 = VERTEX_POINT ( 'NONE', #5562 ) ;
#9971 = DIRECTION ( 'NONE',  ( 0.0000000000000000000, -0.0000000000000000000, -1.000000000000000000 ) ) ;
#9972 = EDGE_CURVE ( 'NONE', #7067, #9781, #2805, .T. ) ;
#9973 =( GEOMETRIC_REPRESENTATION_CONTEXT ( 3 ) GLOBAL_UNCERTAINTY_ASSIGNED_CONTEXT ( ( #9757 ) ) GLOBAL_UNIT_ASSIGNED_CONTEXT ( ( #1729, #7630, #2535 ) ) REPRESENTATION_CONTEXT ( 'NONE', 'WORKASPACE' ) );
#9974 = VERTEX_POINT ( 'NONE', #1414 ) ;
#9975 = CARTESIAN_POINT ( 'NONE',  ( 0.6175560188974045200, 0.6322513812700694100, 0.9400000000000000600 ) ) ;
#9976 = VECTOR ( 'NONE', #35, 1000.000000000000000 ) ;
#9977 = CARTESIAN_POINT ( 'NONE',  ( 0.4884941271991148900, 0.6816677510825681600, 0.9300000000000000500 ) ) ;
#9978 =( LENGTH_UNIT ( ) NAMED_UNIT ( * ) SI_UNIT ( .MILLI., .METRE. ) );
#9979 = DIRECTION ( 'NONE',  ( -0.0000000000000000000, -0.0000000000000000000, -1.000000000000000000 ) ) ;
#9980 = ORIENTED_EDGE ( 'NONE', *, *, #10573, .T. ) ;
#9981 = DIRECTION ( 'NONE',  ( -0.0000000000000000000, -0.0000000000000000000, 1.000000000000000000 ) ) ;
#9982 = LINE ( 'NONE', #2083, #7793 ) ;
#9983 = VECTOR ( 'NONE', #1962, 1000.000000000000000 ) ;
#9984 = CARTESIAN_POINT ( 'NONE',  ( 0.6398131914727888100, 0.8601212548927491500, 0.9400000000000000600 ) ) ;
#9985 = CARTESIAN_POINT ( 'NONE',  ( -0.1232966932103497500, 0.7595268444160593300, 0.9400000000000000600 ) ) ;
#9986 = CARTESIAN_POINT ( 'NONE',  ( 0.5480859118372697300, 0.6643373608678726500, 0.9300000000000000500 ) ) ;
#9987 = CARTESIAN_POINT ( 'NONE',  ( 0.8452773463184134500, 0.6581974511915668100, 0.9400000000000000600 ) ) ;
#9988 = CARTESIAN_POINT ( 'NONE',  ( 0.7893249436251499300, 0.6419068843898757500, 0.9400000000000000600 ) ) ;
#9989 = DIRECTION ( 'NONE',  ( -3.491481338843133400E-015, -1.000000000000000000, 0.0000000000000000000 ) ) ;
#9990 = CARTESIAN_POINT ( 'NONE',  ( 0.6249999999999998900, 0.8750000000000000000, 0.0000000000000000000 ) ) ;
#9991 = ORIENTED_EDGE ( 'NONE', *, *, #5375, .F. ) ;
#9992 = ORIENTED_EDGE ( 'NONE', *, *, #8496, .T. ) ;
#9993 = CARTESIAN_POINT ( 'NONE',  ( 0.2196304309060044000, 0.7698559748191087200, 0.9400000000000000600 ) ) ;
#9994 = SURFACE_STYLE_FILL_AREA ( #1022 ) ;
#9995 = VECTOR ( 'NONE', #2690, 1000.000000000000000 ) ;
#9996 = CARTESIAN_POINT ( 'NONE',  ( 0.4896329814132432400, 0.6915213158045996300, 0.9300000000000000500 ) ) ;
#9997 = CARTESIAN_POINT ( 'NONE',  ( -0.04892693329625855100, 0.8001547941092382900, 0.9400000000000000600 ) ) ;
#9998 = UNCERTAINTY_MEASURE_WITH_UNIT (LENGTH_MEASURE( 1.000000000000000100E-005 ), #7367, 'distance_accuracy_value', 'NONE');
#9999 = CARTESIAN_POINT ( 'NONE',  ( 0.4820076097185750900, 0.6618615908373892700, 0.9400000000000000600 ) ) ;
#10000 = CARTESIAN_POINT ( 'NONE',  ( -0.004167394486273090900, 0.5749797460765683200, 0.9300000000000000500 ) ) ;
#10001 = CARTESIAN_POINT ( 'NONE',  ( 0.3749999999999998900, 0.6250000000000000000, -0.02000000000000000000 ) ) ;
#10002 = CARTESIAN_POINT ( 'NONE',  ( 0.5159751745395185800, 0.8597251316876345400, 0.9300000000000000500 ) ) ;
#10003 = ORIENTED_EDGE ( 'NONE', *, *, #1746, .T. ) ;
#10004 = FACE_OUTER_BOUND ( 'NONE', #10163, .T. ) ;
#10005 = B_SPLINE_CURVE_WITH_KNOTS ( 'NONE', 3,
 ( #6721, #2640, #6770, #5009 ),
 .UNSPECIFIED., .F., .F.,
 ( 4, 4 ),
 ( 2.000000000000000000, 3.000000000000000000 ),
 .UNSPECIFIED. ) ;
#10006 = UNCERTAINTY_MEASURE_WITH_UNIT (LENGTH_MEASURE( 1.000000000000000100E-005 ), #4287, 'distance_accuracy_value', 'NONE');
#10007 = CARTESIAN_POINT ( 'NONE',  ( 0.4464307943782164800, 0.7854520307678748400, 0.9300000000000000500 ) ) ;
#10008 = ADVANCED_FACE ( 'NONE', ( #6757 ), #3030, .F. ) ;
#10009 = CARTESIAN_POINT ( 'NONE',  ( 0.4884941271991148900, 0.6816677510825681600, 0.9400000000000000600 ) ) ;
#10010 = CARTESIAN_POINT ( 'NONE',  ( 0.8181924221821361700, 0.6207638083283396600, 0.9400000000000000600 ) ) ;
#10011 = ORIENTED_EDGE ( 'NONE', *, *, #7225, .F. ) ;
#10012 = EDGE_CURVE ( 'NONE', #8427, #210, #4749, .T. ) ;
#10013 = EDGE_CURVE ( 'NONE', #6121, #2952, #2279, .T. ) ;
#10014 = CARTESIAN_POINT ( 'NONE',  ( 0.7982129580350048000, 0.6343310280960995400, 0.9400000000000000600 ) ) ;
#10015 = EDGE_CURVE ( 'NONE', #9337, #4409, #94, .T. ) ;
#10016 = ORIENTED_EDGE ( 'NONE', *, *, #8239, .T. ) ;
#10017 = ORIENTED_EDGE ( 'NONE', *, *, #9475, .T. ) ;
#10018 = DIRECTION ( 'NONE',  ( 0.0000000000000000000, -0.0000000000000000000, 1.000000000000000000 ) ) ;
#10019 = ORIENTED_EDGE ( 'NONE', *, *, #84, .F. ) ;
#10020 = CARTESIAN_POINT ( 'NONE',  ( 0.5568996531462886400, 0.6816677510825681600, 0.9300000000000000500 ) ) ;
#10021 = CARTESIAN_POINT ( 'NONE',  ( 0.7564962330183363500, 0.8118437392950346200, 0.9400000000000000600 ) ) ;
#10022 = ORIENTED_EDGE ( 'NONE', *, *, #1812, .T. ) ;
#10023 = FACE_OUTER_BOUND ( 'NONE', #6419, .T. ) ;
#10024 = SURFACE_SIDE_STYLE ('',( #2048 ) ) ;
#10025 = EDGE_CURVE ( 'NONE', #7539, #10162, #364, .T. ) ;
#10026 = VECTOR ( 'NONE', #2980, 1000.000000000000000 ) ;
#10027 = AXIS2_PLACEMENT_3D ( 'NONE', #8797, #8825, #3737 ) ;
#10028 = CARTESIAN_POINT ( 'NONE',  ( 0.2733419037463276100, 0.7457546705462094700, 0.9300000000000000500 ) ) ;
#10029 = CARTESIAN_POINT ( 'NONE',  ( 0.4863154495719740300, 0.6532954265311441400, 0.9400000000000000600 ) ) ;
#10030 = DIRECTION ( 'NONE',  ( -0.0000000000000000000, -0.0000000000000000000, -1.000000000000000000 ) ) ;
#10031 = EDGE_CURVE ( 'NONE', #2637, #8720, #6469, .T. ) ;
#10032 = ORIENTED_EDGE ( 'NONE', *, *, #4291, .T. ) ;
#10033 = AXIS2_PLACEMENT_3D ( 'NONE', #8261, #2334, #7409 ) ;
#10034 = SURFACE_SIDE_STYLE ('',( #10232 ) ) ;
#10035 = ORIENTED_EDGE ( 'NONE', *, *, #9400, .F. ) ;
#10036 = COLOUR_RGB ( '',0.6666666666666666300, 0.6666666666666666300, 0.6666666666666666300 ) ;
#10037 = EDGE_CURVE ( 'NONE', #1099, #2811, #2039, .T. ) ;
#10038 = FACE_OUTER_BOUND ( 'NONE', #9523, .T. ) ;
#10039 = DIRECTION ( 'NONE',  ( 0.0000000000000000000, -1.000000000000000000, 0.0000000000000000000 ) ) ;
#10040 = LINE ( 'NONE', #4314, #1146 ) ;
#10041 = VERTEX_POINT ( 'NONE', #6460 ) ;
#10042 = EDGE_CURVE ( 'NONE', #9178, #9781, #8487, .T. ) ;
#10043 = VERTEX_POINT ( 'NONE', #2283 ) ;
#10044 = VERTEX_POINT ( 'NONE', #3936 ) ;
#10045 = ORIENTED_EDGE ( 'NONE', *, *, #10776, .T. ) ;
#10046 = CARTESIAN_POINT ( 'NONE',  ( 0.4711142215838566300, 0.7771829588656382600, 0.9400000000000000600 ) ) ;
#10047 = VERTEX_POINT ( 'NONE', #8205 ) ;
#10048 = DIRECTION ( 'NONE',  ( -0.0000000000000000000, -0.0000000000000000000, 1.000000000000000000 ) ) ;
#10049 = DIRECTION ( 'NONE',  ( 1.000000000000000000, -0.0000000000000000000, -0.0000000000000000000 ) ) ;
#10050 = LINE ( 'NONE', #4537, #9785 ) ;
#10051 = MECHANICAL_DESIGN_GEOMETRIC_PRESENTATION_REPRESENTATION (  '', ( #8390 ), #10603 ) ;
#10052 = LINE ( 'NONE', #6971, #3586 ) ;
#10053 = LINE ( 'NONE', #1272, #3818 ) ;
#10054 = CARTESIAN_POINT ( 'NONE',  ( 0.7107192451513808500, 0.7744100964311587700, 0.9300000000000000500 ) ) ;
#10055 = CARTESIAN_POINT ( 'NONE',  ( -0.01105345515318837700, 0.8001547941092382900, 0.9300000000000000500 ) ) ;
#10056 = ORIENTED_EDGE ( 'NONE', *, *, #10504, .T. ) ;
#10057 = ORIENTED_EDGE ( 'NONE', *, *, #8654, .T. ) ;
#10058 = ORIENTED_EDGE ( 'NONE', *, *, #10716, .F. ) ;
#10059 = DIRECTION ( 'NONE',  ( -0.2524218971877271700, 0.9676172723862200800, -0.0000000000000000000 ) ) ;
#10060 = VERTEX_POINT ( 'NONE', #10658 ) ;
#10061 = CARTESIAN_POINT ( 'NONE',  ( -0.09437512939602889200, 0.6548583440168537200, 0.9300000000000000500 ) ) ;
#10062 = DIRECTION ( 'NONE',  ( 1.047444401652940200E-014, 1.000000000000000000, 0.0000000000000000000 ) ) ;
#10063 = AXIS2_PLACEMENT_3D ( 'NONE', #10125, #91, #5907 ) ;
#10064 = VECTOR ( 'NONE', #5418, 1000.000000000000000 ) ;
#10065 = SURFACE_SIDE_STYLE ('',( #7375 ) ) ;
#10066 = CARTESIAN_POINT ( 'NONE',  ( 0.6769249842330500300, 0.8584377312718356500, 0.9300000000000000500 ) ) ;
#10067 = CARTESIAN_POINT ( 'NONE',  ( 0.5653420289508036500, 0.6383912909463753700, 0.9300000000000000500 ) ) ;
#10068 = LINE ( 'NONE', #10669, #3312 ) ;
#10069 = CARTESIAN_POINT ( 'NONE',  ( 0.6769249842330500300, 0.8584377312718356500, 0.9300000000000000500 ) ) ;
#10070 = CARTESIAN_POINT ( 'NONE',  ( 0.3749999999999998900, 0.8749999999999998900, -0.02000000000000000000 ) ) ;
#10071 = ADVANCED_FACE ( 'NONE', ( #10436 ), #10712, .F. ) ;
#10072 = ORIENTED_EDGE ( 'NONE', *, *, #10189, .T. ) ;
#10073 = DIRECTION ( 'NONE',  ( -0.0000000000000000000, -0.0000000000000000000, 1.000000000000000000 ) ) ;
#10074 = ORIENTED_EDGE ( 'NONE', *, *, #2082, .F. ) ;
#10075 = CARTESIAN_POINT ( 'NONE',  ( -0.09093206622731372900, 0.8084180577156119300, 0.9300000000000000500 ) ) ;
#10076 = CARTESIAN_POINT ( 'NONE',  ( 0.7982129580350048000, 0.7047914431690173200, 0.9400000000000000600 ) ) ;
#10077 = DIRECTION ( 'NONE',  ( -1.000000000000000000, 0.0000000000000000000, 0.0000000000000000000 ) ) ;
#10078 = VECTOR ( 'NONE', #1318, 1000.000000000000000 ) ;
#10079 = CARTESIAN_POINT ( 'NONE',  ( 0.8749999999999998900, 0.8749999999999998900, -0.02000000000000000000 ) ) ;
#10080 = UNCERTAINTY_MEASURE_WITH_UNIT (LENGTH_MEASURE( 1.000000000000000100E-005 ), #4549, 'distance_accuracy_value', 'NONE');
#10081 = VECTOR ( 'NONE', #3633, 1000.000000000000000 ) ;
#10082 = VECTOR ( 'NONE', #8503, 1000.000000000000000 ) ;
#10083 = CARTESIAN_POINT ( 'NONE',  ( -0.8749999999999968900, 0.8750000000000030000, -0.02000000000000000000 ) ) ;
#10084 = CARTESIAN_POINT ( 'NONE',  ( 0.3953556586454127200, 0.7176159319277641800, 0.9400000000000000600 ) ) ;
#10085 = ORIENTED_EDGE ( 'NONE', *, *, #8616, .T. ) ;
#10086 = ORIENTED_EDGE ( 'NONE', *, *, #4663, .F. ) ;
#10087 = B_SPLINE_CURVE_WITH_KNOTS ( 'NONE', 3,
 ( #4911, #10800, #3220, #9063 ),
 .UNSPECIFIED., .F., .F.,
 ( 4, 4 ),
 ( 1.000000000000000000, 2.000000000000000000 ),
 .UNSPECIFIED. ) ;
#10088 = VECTOR ( 'NONE', #3059, 1000.000000000000000 ) ;
#10089 = VECTOR ( 'NONE', #4851, 1000.000000000000000 ) ;
#10090 = CARTESIAN_POINT ( 'NONE',  ( 0.5157771129369606000, 0.7746576734339373200, 0.9400000000000000600 ) ) ;
#10091 = VERTEX_POINT ( 'NONE', #3132 ) ;
#10092 = EDGE_CURVE ( 'NONE', #9178, #9801, #3694, .T. ) ;
#10093 = SURFACE_STYLE_USAGE ( .BOTH. , #1319 ) ;
#10094 = ORIENTED_EDGE ( 'NONE', *, *, #4305, .F. ) ;
#10095 = CARTESIAN_POINT ( 'NONE',  ( 0.8621868556270615400, 0.7020185807345342700, 0.9400000000000000600 ) ) ;
#10096 = AXIS2_PLACEMENT_3D ( 'NONE', #2935, #5239, #3494 ) ;
#10097 = VERTEX_POINT ( 'NONE', #4828 ) ;
#10098 = VECTOR ( 'NONE', #9955, 1000.000000000000000 ) ;
#10099 = CARTESIAN_POINT ( 'NONE',  ( 0.6126787519372730600, 0.8712622200305797400, 0.9300000000000000500 ) ) ;
#10100 = EDGE_CURVE ( 'NONE', #1803, #10043, #10187, .T. ) ;
#10101 = CARTESIAN_POINT ( 'NONE',  ( 0.5389255627236907400, 0.6860251063361897400, 0.9300000000000000500 ) ) ;
#10102 = CARTESIAN_POINT ( 'NONE',  ( 0.7996736623527519500, 0.6821629050887998400, 0.9400000000000000600 ) ) ;
#10103 = PRESENTATION_LAYER_ASSIGNMENT (  '', '', ( #8964 ) ) ;
#10104 = SURFACE_SIDE_STYLE ('',( #10490 ) ) ;
#10105 = CARTESIAN_POINT ( 'NONE',  ( 0.6059198997533431500, 0.6083354427740475000, 0.9400000000000000600 ) ) ;
#10106 = CARTESIAN_POINT ( 'NONE',  ( 0.3750000000000001100, -0.8750000000000000000, -0.02000000000000000000 ) ) ;
#10107 = EDGE_LOOP ( 'NONE', ( #1844, #10164, #10334, #10057 ) ) ;
#10108 = ORIENTED_EDGE ( 'NONE', *, *, #998, .T. ) ;
#10109 = EDGE_CURVE ( 'NONE', #9407, #9510, #1527, .T. ) ;
#10110 = PLANE ( 'NONE',  #9273 ) ;
#10111 = ORIENTED_EDGE ( 'NONE', *, *, #6921, .T. ) ;
#10112 = FACE_BOUND ( 'NONE', #3193, .T. ) ;
#10113 = EDGE_CURVE ( 'NONE', #5270, #5621, #3947, .T. ) ;
#10114 = CARTESIAN_POINT ( 'NONE',  ( 0.7107192451514131600, 0.6643868762684275200, 0.9400000000000000600 ) ) ;
#10115 = CARTESIAN_POINT ( 'NONE',  ( 0.5389255627236907400, 0.6860251063361897400, 0.9400000000000000600 ) ) ;
#10116 = PLANE ( 'NONE',  #5145 ) ;
#10117 = ORIENTED_EDGE ( 'NONE', *, *, #77, .T. ) ;
#10118 = ORIENTED_EDGE ( 'NONE', *, *, #8510, .T. ) ;
#10119 =( NAMED_UNIT ( * ) PLANE_ANGLE_UNIT ( ) SI_UNIT ( $, .RADIAN. ) );
#10120 = LINE ( 'NONE', #1440, #1215 ) ;
#10121 = DIRECTION ( 'NONE',  ( -0.0000000000000000000, -1.000000000000000000, -0.0000000000000000000 ) ) ;
#10122 = MECHANICAL_DESIGN_GEOMETRIC_PRESENTATION_REPRESENTATION (  '', ( #8986 ), #10660 ) ;
#10123 =( NAMED_UNIT ( * ) PLANE_ANGLE_UNIT ( ) SI_UNIT ( $, .RADIAN. ) );
#10124 = DIRECTION ( 'NONE',  ( -0.0000000000000000000, -1.000000000000000000, -0.0000000000000000000 ) ) ;
#10125 = CARTESIAN_POINT ( 'NONE',  ( 0.4839944151682716900, 0.7864732859053491500, 0.9400000000000000600 ) ) ;
#10126 = ADVANCED_FACE ( 'NONE', ( #1276 ), #4010, .F. ) ;
#10127 = ORIENTED_EDGE ( 'NONE', *, *, #1199, .F. ) ;
#10128 = ORIENTED_EDGE ( 'NONE', *, *, #9036, .T. ) ;
#10129 = CARTESIAN_POINT ( 'NONE',  ( 0.1170277513332148400, 0.8972485831191486800, 0.9400000000000000600 ) ) ;
#10130 = FACE_OUTER_BOUND ( 'NONE', #5994, .T. ) ;
#10131 = FACE_OUTER_BOUND ( 'NONE', #2077, .T. ) ;
#10132 = CARTESIAN_POINT ( 'NONE',  ( 0.5495218584550677400, 0.6511662643045632600, 0.9300000000000000500 ) ) ;
#10133 = STYLED_ITEM ( 'NONE', ( #8647 ), #9483 ) ;
#10134 = EDGE_LOOP ( 'NONE', ( #749, #9540, #2356, #8088 ) ) ;
#10135 = CARTESIAN_POINT ( 'NONE',  ( 0.6783856885514542000, 0.8237274354418796500, 0.9400000000000000600 ) ) ;
#10136 = CARTESIAN_POINT ( 'NONE',  ( 0.1672961807064048700, 0.6417747683330283800, 0.9400000000000000600 ) ) ;
#10137 = LINE ( 'NONE', #5281, #1234 ) ;
#10138 = CARTESIAN_POINT ( 'NONE',  ( 0.4748773920304684700, 0.6322018658695104400, 0.9400000000000000600 ) ) ;
#10139 = CARTESIAN_POINT ( 'NONE',  ( 0.2478634031010534800, 0.8070408416423106000, 0.9400000000000000600 ) ) ;
#10140 = CARTESIAN_POINT ( 'NONE',  ( 0.4658160737180047600, 0.6732996483785580500, 0.9400000000000000600 ) ) ;
#10141 = UNCERTAINTY_MEASURE_WITH_UNIT (LENGTH_MEASURE( 1.000000000000000100E-005 ), #24, 'distance_accuracy_value', 'NONE');
#10142 = DIRECTION ( 'NONE',  ( -0.0000000000000000000, -0.0000000000000000000, -1.000000000000000000 ) ) ;
#10143 = SURFACE_SIDE_STYLE ('',( #2956 ) ) ;
#10144 = VERTEX_POINT ( 'NONE', #9975 ) ;
#10145 = VERTEX_POINT ( 'NONE', #4901 ) ;
#10146 = CARTESIAN_POINT ( 'NONE',  ( 0.1872658433254813200, 0.6204279093409176300, 0.9400000000000000600 ) ) ;
#10147 = CARTESIAN_POINT ( 'NONE',  ( 0.4658160737180047600, 0.6732996483785580500, 0.9300000000000000500 ) ) ;
#10148 = CARTESIAN_POINT ( 'NONE',  ( 0.2106785231440085300, 0.8614409290860360900, 0.9300000000000000500 ) ) ;
#10149 = CARTESIAN_POINT ( 'NONE',  ( 0.8128200012164387100, 0.6704277551429660400, 0.9300000000000000500 ) ) ;
#10150 = DIRECTION ( 'NONE',  ( -0.0000000000000000000, -0.0000000000000000000, -1.000000000000000000 ) ) ;
#10151 = ORIENTED_EDGE ( 'NONE', *, *, #1342, .F. ) ;
#10152 = B_SPLINE_CURVE_WITH_KNOTS ( 'NONE', 3,
 ( #4071, #3712, #3089, #2679 ),
 .UNSPECIFIED., .F., .F.,
 ( 4, 4 ),
 ( 7.000000000000000000, 8.000000000000000000 ),
 .UNSPECIFIED. ) ;
#10153 = VECTOR ( 'NONE', #5792, 1000.000000000000000 ) ;
#10154 = CARTESIAN_POINT ( 'NONE',  ( 0.2733419037463276100, 0.7457546705462094700, 0.9400000000000000600 ) ) ;
#10155 =( NAMED_UNIT ( * ) PLANE_ANGLE_UNIT ( ) SI_UNIT ( $, .RADIAN. ) );
#10156 = CARTESIAN_POINT ( 'NONE',  ( -0.01174206647338270300, 0.8414712763175875600, 0.9400000000000000600 ) ) ;
#10157 =( GEOMETRIC_REPRESENTATION_CONTEXT ( 3 ) GLOBAL_UNCERTAINTY_ASSIGNED_CONTEXT ( ( #870 ) ) GLOBAL_UNIT_ASSIGNED_CONTEXT ( ( #6600, #6532, #6494 ) ) REPRESENTATION_CONTEXT ( 'NONE', 'WORKASPACE' ) );
#10158 = DIRECTION ( 'NONE',  ( -0.0000000000000000000, -0.0000000000000000000, -1.000000000000000000 ) ) ;
#10159 = DIRECTION ( 'NONE',  ( -0.0000000000000000000, -1.000000000000000000, -0.0000000000000000000 ) ) ;
#10160 = CARTESIAN_POINT ( 'NONE',  ( 0.6251813905923989700, 0.8601212548927491500, 0.9400000000000000600 ) ) ;
#10161 = FACE_OUTER_BOUND ( 'NONE', #5854, .T. ) ;
#10162 = VERTEX_POINT ( 'NONE', #5771 ) ;
#10163 = EDGE_LOOP ( 'NONE', ( #9902, #10151, #6253, #3943 ) ) ;
#10164 = ORIENTED_EDGE ( 'NONE', *, *, #4914, .F. ) ;
#10165 = LINE ( 'NONE', #9465, #5679 ) ;
#10166 = EDGE_CURVE ( 'NONE', #1803, #724, #8080, .T. ) ;
#10167 = EDGE_CURVE ( 'NONE', #5676, #2314, #6895, .T. ) ;
#10168 = DIRECTION ( 'NONE',  ( -1.000000000000000000, -0.0000000000000000000, -0.0000000000000000000 ) ) ;
#10170 = CARTESIAN_POINT ( 'NONE',  ( 0.5622225587120900400, 0.6449768392276955500, 0.9300000000000000500 ) ) ;
#10169 = LINE ( 'NONE', #1079, #7974 ) ;
#10171 = EDGE_CURVE ( 'NONE', #10236, #5916, #9129, .T. ) ;
#10172 = FILL_AREA_STYLE_COLOUR ( '', #2979 ) ;
#10173 = CARTESIAN_POINT ( 'NONE',  ( 0.7107192451514131600, 0.6754783260056996800, 0.9400000000000000600 ) ) ;
#10174 = SURFACE_SIDE_STYLE ('',( #10528 ) ) ;
#10175 = ORIENTED_EDGE ( 'NONE', *, *, #6146, .F. ) ;
#10176 = ORIENTED_EDGE ( 'NONE', *, *, #8442, .F. ) ;
#10177 = ORIENTED_EDGE ( 'NONE', *, *, #4008, .F. ) ;
#10178 = PLANE ( 'NONE',  #3932 ) ;
#10179 = ORIENTED_EDGE ( 'NONE', *, *, #10710, .T. ) ;
#10180 = EDGE_CURVE ( 'NONE', #9801, #9002, #4623, .T. ) ;
#10181 = FILL_AREA_STYLE ('',( #10553 ) ) ;
#10182 = PRODUCT_DEFINITION_SHAPE ( 'NONE', 'NONE',  #2026 ) ;
#10183 = FACE_OUTER_BOUND ( 'NONE', #6169, .T. ) ;
#10184 = DIRECTION ( 'NONE',  ( 0.0000000000000000000, 0.0000000000000000000, -1.000000000000000000 ) ) ;
#10185 = CARTESIAN_POINT ( 'NONE',  ( 0.3070837402359121700, 0.6693191160733893400, 0.9400000000000000600 ) ) ;
#10186 = CARTESIAN_POINT ( 'NONE',  ( 0.2733419037463276100, 0.7161445019787834300, 0.9400000000000000600 ) ) ;
#10187 = LINE ( 'NONE', #9894, #7986 ) ;
#10188 = CARTESIAN_POINT ( 'NONE',  ( 0.2106785231440085300, 0.8614409290860360900, 0.9400000000000000600 ) ) ;
#10189 = EDGE_CURVE ( 'NONE', #5712, #1301, #2393, .T. ) ;
#10190 = CARTESIAN_POINT ( 'NONE',  ( 0.2478634031010534800, 0.8070408416423106000, 0.9300000000000000500 ) ) ;
#10191 = ORIENTED_EDGE ( 'NONE', *, *, #7382, .F. ) ;
#10192 = DIRECTION ( 'NONE',  ( -1.000000000000000000, -0.0000000000000000000, -0.0000000000000000000 ) ) ;
#10193 = ORIENTED_EDGE ( 'NONE', *, *, #6334, .T. ) ;
#10194 = EDGE_CURVE ( 'NONE', #1313, #2776, #8900, .T. ) ;
#10195 = ORIENTED_EDGE ( 'NONE', *, *, #3716, .T. ) ;
#10196 = EDGE_LOOP ( 'NONE', ( #7194, #9003, #6891, #4230 ) ) ;
#10197 = CARTESIAN_POINT ( 'NONE',  ( 0.4078582973002071200, 0.8712622200305797400, 0.9400000000000000600 ) ) ;
#10198 = ADVANCED_FACE ( 'NONE', ( #10801 ), #7132, .F. ) ;
#10199 = PLANE ( 'NONE',  #2906 ) ;
#10200 = DIRECTION ( 'NONE',  ( 1.000000000000000000, 0.0000000000000000000, -0.0000000000000000000 ) ) ;
#10201 = CARTESIAN_POINT ( 'NONE',  ( 0.1672961807064048700, 0.6417747683330283800, 0.9300000000000000500 ) ) ;
#10202 = CARTESIAN_POINT ( 'NONE',  ( 0.6393180374672204900, 0.7744100964311586600, 0.9400000000000000600 ) ) ;
#10203 = CARTESIAN_POINT ( 'NONE',  ( 0.1700506259875117500, 0.7381800116929384500, 0.9400000000000000600 ) ) ;
#10204 = VERTEX_POINT ( 'NONE', #10007 ) ;
#10205 = CARTESIAN_POINT ( 'NONE',  ( -0.3750000000000001100, 0.8750000000000000000, -0.02000000000000000000 ) ) ;
#10206 = EDGE_LOOP ( 'NONE', ( #199, #5797, #1152, #9937 ) ) ;
#10207 = AXIS2_PLACEMENT_3D ( 'NONE', #4829, #3304, #4153 ) ;
#10208 = CARTESIAN_POINT ( 'NONE',  ( 0.5372667968030555600, 0.6312610732582671900, 0.9300000000000000500 ) ) ;
#10209 = FACE_OUTER_BOUND ( 'NONE', #648, .T. ) ;
#10210 = LINE ( 'NONE', #10740, #5716 ) ;
#10211 = LINE ( 'NONE', #7204, #5718 ) ;
#10212 = LINE ( 'NONE', #4599, #5719 ) ;
#10213 = PLANE ( 'NONE',  #8186 ) ;
#10214 = ORIENTED_EDGE ( 'NONE', *, *, #5306, .T. ) ;
#10215 =( NAMED_UNIT ( * ) PLANE_ANGLE_UNIT ( ) SI_UNIT ( $, .RADIAN. ) );
#10216 = CARTESIAN_POINT ( 'NONE',  ( 0.4863154495719740300, 0.6532954265311441400, 0.9400000000000000600 ) ) ;
#10217 = ORIENTED_EDGE ( 'NONE', *, *, #7013, .F. ) ;
#10218 = VECTOR ( 'NONE', #5457, 1000.000000000000000 ) ;
#10219 = FACE_OUTER_BOUND ( 'NONE', #1240, .T. ) ;
#10220 = LINE ( 'NONE', #799, #3198 ) ;
#10221 = SURFACE_STYLE_USAGE ( .BOTH. , #4292 ) ;
#10222 = FILL_AREA_STYLE ('',( #6959 ) ) ;
#10223 = CARTESIAN_POINT ( 'NONE',  ( 0.09499226788739424700, 0.6507267023633703800, 0.9400000000000000600 ) ) ;
#10224 = CARTESIAN_POINT ( 'NONE',  ( 0.7384726271951779200, 0.8520997599932974600, 0.9400000000000000600 ) ) ;
#10225 = CARTESIAN_POINT ( 'NONE',  ( 0.4802002975962708100, 0.6816677510825681600, 0.9400000000000000600 ) ) ;
#10226 = ORIENTED_EDGE ( 'NONE', *, *, #3009, .T. ) ;
#10227 = CARTESIAN_POINT ( 'NONE',  ( 0.6915320274138230200, 0.8240740432464388500, 0.9300000000000000500 ) ) ;
#10228 = VERTEX_POINT ( 'NONE', #1690 ) ;
#10229 = FACE_OUTER_BOUND ( 'NONE', #3263, .T. ) ;
#10230 = CARTESIAN_POINT ( 'NONE',  ( 0.6132729367446168000, 0.5955604694158568300, 0.9300000000000000500 ) ) ;
#10231 = DIRECTION ( 'NONE',  ( -0.9398440417738135300, -0.3416038306902637300, 0.0000000000000000000 ) ) ;
#10232 = SURFACE_STYLE_FILL_AREA ( #4143 ) ;
#10233 = ADVANCED_FACE ( 'NONE', ( #6329 ), #7150, .F. ) ;
#10234 = CARTESIAN_POINT ( 'NONE',  ( 0.7339667257398868600, 0.7176159319277641800, 0.9400000000000000600 ) ) ;
#10235 = B_SPLINE_CURVE_WITH_KNOTS ( 'NONE', 3,
 ( #1624, #6624, #2433, #8358 ),
 .UNSPECIFIED., .F., .F.,
 ( 4, 4 ),
 ( 7.000000000000000000, 8.000000000000000000 ),
 .UNSPECIFIED. ) ;
#10236 = VERTEX_POINT ( 'NONE', #8421 ) ;
#10237 = VERTEX_POINT ( 'NONE', #6730 ) ;
#10238 = SURFACE_STYLE_USAGE ( .BOTH. , #4312 ) ;
#10239 = CARTESIAN_POINT ( 'NONE',  ( 0.09499226788739424700, 0.6479722570819322900, 0.9400000000000000600 ) ) ;
#10240 = CARTESIAN_POINT ( 'NONE',  ( 0.5448921684977193800, 0.6774094266293947400, 0.9300000000000000500 ) ) ;
#10241 = ORIENTED_EDGE ( 'NONE', *, *, #6425, .F. ) ;
#10242 = LINE ( 'NONE', #4235, #7777 ) ;
#10243 = EDGE_CURVE ( 'NONE', #3167, #508, #8614, .T. ) ;
#10244 = DIRECTION ( 'NONE',  ( 0.0000000000000000000, 0.0000000000000000000, -1.000000000000000000 ) ) ;
#10245 = DIRECTION ( 'NONE',  ( -0.0000000000000000000, -0.0000000000000000000, -1.000000000000000000 ) ) ;
#10246 = AXIS2_PLACEMENT_3D ( 'NONE', #8127, #8138, #10427 ) ;
#10247 = CARTESIAN_POINT ( 'NONE',  ( 0.4726491990027723000, 0.6788453732475261400, 0.9300000000000000500 ) ) ;
#10248 = EDGE_CURVE ( 'NONE', #7324, #7394, #1906, .T. ) ;
#10249 = DIRECTION ( 'NONE',  ( -0.0000000000000000000, -0.0000000000000000000, -1.000000000000000000 ) ) ;
#10250 = CARTESIAN_POINT ( 'NONE',  ( 0.5694270495013639100, 0.6905310077921418300, 0.9300000000000000500 ) ) ;
#10251 = ADVANCED_FACE ( 'NONE', ( #6081 ), #9282, .F. ) ;
#10252 = EDGE_CURVE ( 'NONE', #8858, #10091, #9744, .T. ) ;
#10253 =( GEOMETRIC_REPRESENTATION_CONTEXT ( 3 ) GLOBAL_UNCERTAINTY_ASSIGNED_CONTEXT ( ( #2913 ) ) GLOBAL_UNIT_ASSIGNED_CONTEXT ( ( #1140, #1106, #6073 ) ) REPRESENTATION_CONTEXT ( 'NONE', 'WORKASPACE' ) );
#10254 = CARTESIAN_POINT ( 'NONE',  ( 0.8777842068209502600, 0.6581974511915668100, 0.9300000000000000500 ) ) ;
#10255 = ORIENTED_EDGE ( 'NONE', *, *, #6002, .T. ) ;
#10256 = VERTEX_POINT ( 'NONE', #5057 ) ;
#10257 = EDGE_CURVE ( 'NONE', #3697, #10442, #10549, .T. ) ;
#10258 = CARTESIAN_POINT ( 'NONE',  ( -0.01174206647338270300, 0.8414712763175875600, 0.9300000000000000500 ) ) ;
#10259 = VECTOR ( 'NONE', #419, 1000.000000000000000 ) ;
#10260 = VECTOR ( 'NONE', #10491, 1000.000000000000000 ) ;
#10261 = CARTESIAN_POINT ( 'NONE',  ( 0.8128200012164387100, 0.6847872213209504900, 0.9400000000000000600 ) ) ;
#10262 = CARTESIAN_POINT ( 'NONE',  ( 0.7390668120025230000, 0.8536842528131029000, 0.9400000000000000600 ) ) ;
#10263 = CARTESIAN_POINT ( 'NONE',  ( 0.2478634031010534800, 0.8070408416423106000, 0.9300000000000000500 ) ) ;
#10264 = EDGE_CURVE ( 'NONE', #8240, #9925, #3809, .T. ) ;
#10265 = CARTESIAN_POINT ( 'NONE',  ( 0.2519950447545432600, 0.6644988499655392100, 0.9400000000000000600 ) ) ;
#10266 = PLANE ( 'NONE',  #8007 ) ;
#10267 = CARTESIAN_POINT ( 'NONE',  ( 0.8750000000000040000, 0.3749999999999909000, -0.02000000000000000000 ) ) ;
#10268 = DIRECTION ( 'NONE',  ( -1.000000000000000000, 0.0000000000000000000, 0.0000000000000000000 ) ) ;
#10269 = ORIENTED_EDGE ( 'NONE', *, *, #1415, .F. ) ;
#10270 = CARTESIAN_POINT ( 'NONE',  ( 1.000000000000000200, -1.000000000000000200, 0.9300000000000000500 ) ) ;
#10271 = VECTOR ( 'NONE', #10846, 1000.000000000000000 ) ;
#10272 = FACE_OUTER_BOUND ( 'NONE', #3120, .T. ) ;
#10273 = MECHANICAL_DESIGN_GEOMETRIC_PRESENTATION_REPRESENTATION (  '', ( #8042 ), #10793 ) ;
#10274 = CARTESIAN_POINT ( 'NONE',  ( 0.5693032609999676400, 0.6799842274616579900, 0.9400000000000000600 ) ) ;
#10275 = DIRECTION ( 'NONE',  ( -0.0000000000000000000, -0.0000000000000000000, -1.000000000000000000 ) ) ;
#10276 = CARTESIAN_POINT ( 'NONE',  ( 0.4745802996267991000, 0.6490371020779830400, 0.9300000000000000500 ) ) ;
#10277 = CARTESIAN_POINT ( 'NONE',  ( 0.5441246797880990900, 0.6896892459820190800, 0.9300000000000000500 ) ) ;
#10278 = DIRECTION ( 'NONE',  ( 0.0000000000000000000, 1.000000000000000000, -0.0000000000000000000 ) ) ;
#10279 =( LENGTH_UNIT ( ) NAMED_UNIT ( * ) SI_UNIT ( .MILLI., .METRE. ) );
#10280 = VERTEX_POINT ( 'NONE', #129 ) ;
#10281 = CARTESIAN_POINT ( 'NONE',  ( 0.6783856885514542000, 0.8237274354418796500, 0.9400000000000000600 ) ) ;
#10282 = VECTOR ( 'NONE', #607, 1000.000000000000000 ) ;
#10283 = VERTEX_POINT ( 'NONE', #6814 ) ;
#10284 = ORIENTED_EDGE ( 'NONE', *, *, #5167, .T. ) ;
#10285 = CARTESIAN_POINT ( 'NONE',  ( 0.4726491990027723000, 0.6788453732475261400, 0.9400000000000000600 ) ) ;
#10286 = FILL_AREA_STYLE ('',( #9446 ) ) ;
#10287 = CARTESIAN_POINT ( 'NONE',  ( 0.5547952486203097100, 0.8291246141085187900, 0.9400000000000000600 ) ) ;
#10288 = COLOUR_RGB ( '',0.6666666666666666300, 0.6666666666666666300, 0.6666666666666666300 ) ;
#10289 = CARTESIAN_POINT ( 'NONE',  ( 0.6505085180056106000, 0.6899368229848047400, 0.9300000000000000500 ) ) ;
#10290 = PLANE ( 'NONE',  #10311 ) ;
#10291 = CARTESIAN_POINT ( 'NONE',  ( 0.004095928223868394700, 0.8400940602442806800, 0.9400000000000000600 ) ) ;
#10292 = CARTESIAN_POINT ( 'NONE',  ( 0.7840515534599025200, 0.7744100964311586600, 0.9300000000000000500 ) ) ;
#10293 = EDGE_CURVE ( 'NONE', #2908, #7205, #5812, .T. ) ;
#10294 = VERTEX_POINT ( 'NONE', #7694 ) ;
#10295 = CARTESIAN_POINT ( 'NONE',  ( 0.7982129580350048000, 0.6343310280960995400, 0.9300000000000000500 ) ) ;
#10296 = ORIENTED_EDGE ( 'NONE', *, *, #6708, .T. ) ;
#10297 = ORIENTED_EDGE ( 'NONE', *, *, #10264, .F. ) ;
#10298 = LINE ( 'NONE', #9824, #3556 ) ;
#10299 = FILL_AREA_STYLE_COLOUR ( '', #6994 ) ;
#10300 = PLANE ( 'NONE',  #7631 ) ;
#10301 = B_SPLINE_SURFACE_WITH_KNOTS ( 'NONE', 3, 1, ( 
 ( #2669, #6879 ),
 ( #1039, #6006 ),
 ( #192, #10230 ),
 ( #7683, #3418 ) ),
 .UNSPECIFIED., .F., .F., .F.,
 ( 4, 4 ),
 ( 2, 2 ),
 ( 1.000000000000000000, 2.000000000000000000 ),
 ( 0.0000000000000000000, 1.000000000000000000 ),
 .UNSPECIFIED. ) ;
#10302 = EDGE_CURVE ( 'NONE', #6339, #9225, #8104, .T. ) ;
#10303 = DIRECTION ( 'NONE',  ( -0.0000000000000000000, -0.0000000000000000000, -1.000000000000000000 ) ) ;
#10304 = FACE_OUTER_BOUND ( 'NONE', #2085, .T. ) ;
#10305 = ADVANCED_FACE ( 'NONE', ( #7854 ), #4274, .F. ) ;
#10306 = B_SPLINE_CURVE_WITH_KNOTS ( 'NONE', 3,
 ( #7359, #9428, #9387, #3468 ),
 .UNSPECIFIED., .F., .F.,
 ( 4, 4 ),
 ( 27.00000000000000000, 28.00000000000000000 ),
 .UNSPECIFIED. ) ;
#10307 = EDGE_LOOP ( 'NONE', ( #5525, #4479, #6071, #3814 ) ) ;
#10308 = CARTESIAN_POINT ( 'NONE',  ( 0.6112428053194750600, 0.6209123545300122600, 0.9400000000000000600 ) ) ;
#10309 = CARTESIAN_POINT ( 'NONE',  ( 0.002030107397126002000, 0.8001547941092382900, 0.9300000000000000500 ) ) ;
#10310 = DIRECTION ( 'NONE',  ( 1.000000000000000000, 2.950894056614934800E-012, -0.0000000000000000000 ) ) ;
#10311 = AXIS2_PLACEMENT_3D ( 'NONE', #9555, #9516, #9455 ) ;
#10312 = VERTEX_POINT ( 'NONE', #6851 ) ;
#10313 = CARTESIAN_POINT ( 'NONE',  ( 0.5744776203641002200, 0.6766666956203898400, 0.9400000000000000600 ) ) ;
#10314 = VERTEX_POINT ( 'NONE', #1828 ) ;
#10315 = EDGE_CURVE ( 'NONE', #8374, #8338, #5565, .T. ) ;
#10316 = FACE_OUTER_BOUND ( 'NONE', #7014, .T. ) ;
#10317 = VECTOR ( 'NONE', #3477, 1000.000000000000000 ) ;
#10318 = AXIS2_PLACEMENT_3D ( 'NONE', #8563, #2894, #8819 ) ;
#10319 = PLANE ( 'NONE',  #5083 ) ;
#10320 = EDGE_CURVE ( 'NONE', #6501, #8693, #7128, .T. ) ;
#10321 = ORIENTED_EDGE ( 'NONE', *, *, #10716, .T. ) ;
#10322 = PRESENTATION_LAYER_ASSIGNMENT (  '', '', ( #9189 ) ) ;
#10323 = EDGE_LOOP ( 'NONE', ( #7946, #1669, #2989, #7197 ) ) ;
#10324 = CARTESIAN_POINT ( 'NONE',  ( -0.3749999999999998900, -0.8749999999999998900, 0.0000000000000000000 ) ) ;
#10325 = ORIENTED_EDGE ( 'NONE', *, *, #9175, .T. ) ;
#10326 = EDGE_CURVE ( 'NONE', #3373, #8087, #10040, .T. ) ;
#10327 = CARTESIAN_POINT ( 'NONE',  ( -0.001412949204835072700, 0.6431519647050799600, 0.9400000000000000600 ) ) ;
#10328 = FACE_OUTER_BOUND ( 'NONE', #5703, .T. ) ;
#10329 = VECTOR ( 'NONE', #7899, 1000.000000000000000 ) ;
#10330 = PLANE ( 'NONE',  #1068 ) ;
#10331 = EDGE_LOOP ( 'NONE', ( #1683, #10736, #5288, #3128 ) ) ;
#10332 = DIRECTION ( 'NONE',  ( 1.343328941721107400E-014, -1.000000000000000000, -0.0000000000000000000 ) ) ;
#10333 = ORIENTED_EDGE ( 'NONE', *, *, #2216, .T. ) ;
#10334 = ORIENTED_EDGE ( 'NONE', *, *, #6795, .F. ) ;
#10335 = CARTESIAN_POINT ( 'NONE',  ( -0.01174206647338270300, 0.8414712763175875600, 0.9400000000000000600 ) ) ;
#10336 = CARTESIAN_POINT ( 'NONE',  ( 0.02613139853584862300, 0.5749797460765683200, 0.9400000000000000600 ) ) ;
#10337 =( NAMED_UNIT ( * ) SI_UNIT ( $, .STERADIAN. ) SOLID_ANGLE_UNIT ( ) );
#10338 = VECTOR ( 'NONE', #5446, 1000.000000000000000 ) ;
#10339 = EDGE_CURVE ( 'NONE', #7442, #1017, #1394, .T. ) ;
#10340 = STYLED_ITEM ( 'NONE', ( #5553 ), #2092 ) ;
#10341 = CARTESIAN_POINT ( 'NONE',  ( 0.02544278721532577900, 0.6162962151507489500, 0.9300000000000000500 ) ) ;
#10342 = CARTESIAN_POINT ( 'NONE',  ( 0.2272051422956250000, 0.8462915358590125100, 0.9400000000000000600 ) ) ;
#10343 = DIRECTION ( 'NONE',  ( 0.0000000000000000000, -1.000000000000000000, 0.0000000000000000000 ) ) ;
#10344 = ADVANCED_FACE ( 'NONE', ( #3034 ), #3486, .F. ) ;
#10345 = PLANE ( 'NONE',  #6321 ) ;
#10346 = ORIENTED_EDGE ( 'NONE', *, *, #4282, .F. ) ;
#10347 = ORIENTED_EDGE ( 'NONE', *, *, #2094, .T. ) ;
#10348 = VECTOR ( 'NONE', #8033, 1000.000000000000000 ) ;
#10349 = FACE_OUTER_BOUND ( 'NONE', #8651, .T. ) ;
#10350 = PLANE ( 'NONE',  #7084 ) ;
#10351 = CARTESIAN_POINT ( 'NONE',  ( 0.09499226788739424700, 0.6059671372843856700, 0.9400000000000000600 ) ) ;
#10352 = PLANE ( 'NONE',  #3052 ) ;
#10353 = FACE_OUTER_BOUND ( 'NONE', #89, .T. ) ;
#10354 = FACE_OUTER_BOUND ( 'NONE', #2156, .T. ) ;
#10355 = CARTESIAN_POINT ( 'NONE',  ( 0.9053395272618591800, 0.6207638083283396600, 0.9400000000000000600 ) ) ;
#10356 = ORIENTED_EDGE ( 'NONE', *, *, #10782, .F. ) ;
#10357 = ORIENTED_EDGE ( 'NONE', *, *, #3384, .T. ) ;
#10358 = VECTOR ( 'NONE', #8974, 1000.000000000000000 ) ;
#10359 = FACE_OUTER_BOUND ( 'NONE', #2955, .T. ) ;
#10360 = LINE ( 'NONE', #8264, #3618 ) ;
#10361 = DIRECTION ( 'NONE',  ( 0.0000000000000000000, 1.000000000000000000, -0.0000000000000000000 ) ) ;
#10362 = CARTESIAN_POINT ( 'NONE',  ( 0.0000000000000000000, 0.0000000000000000000, 0.9300000000000000500 ) ) ;
#10363 = ADVANCED_FACE ( 'NONE', ( #9520 ), #1046, .F. ) ;
#10364 =( NAMED_UNIT ( * ) SI_UNIT ( $, .STERADIAN. ) SOLID_ANGLE_UNIT ( ) );
#10365 = VERTEX_POINT ( 'NONE', #8637 ) ;
#10366 = ORIENTED_EDGE ( 'NONE', *, *, #5159, .F. ) ;
#10367 = ORIENTED_EDGE ( 'NONE', *, *, #2750, .T. ) ;
#10368 = DIRECTION ( 'NONE',  ( -1.000000000000000000, -0.0000000000000000000, -0.0000000000000000000 ) ) ;
#10369 = VECTOR ( 'NONE', #9635, 1000.000000000000000 ) ;
#10370 =( LENGTH_UNIT ( ) NAMED_UNIT ( * ) SI_UNIT ( .MILLI., .METRE. ) );
#10371 = CARTESIAN_POINT ( 'NONE',  ( 0.09499226788739424700, 0.6438406154277834800, 0.9400000000000000600 ) ) ;
#10372 = CARTESIAN_POINT ( 'NONE',  ( 0.5364250349926026300, 0.6205162313248981900, 0.9400000000000000600 ) ) ;
#10373 = CARTESIAN_POINT ( 'NONE',  ( 0.7982129580350048000, 0.6343310280960995400, 0.9400000000000000600 ) ) ;
#10374 = ORIENTED_EDGE ( 'NONE', *, *, #4910, .F. ) ;
#10375 = EDGE_LOOP ( 'NONE', ( #3483, #725, #4094, #4849, #922, #8441, #10094, #32, #1836, #207, #10176, #6925 ) ) ;
#10376 = DIRECTION ( 'NONE',  ( 0.0000000000000000000, 0.0000000000000000000, 1.000000000000000000 ) ) ;
#10377 = MECHANICAL_DESIGN_GEOMETRIC_PRESENTATION_REPRESENTATION (  '', ( #7578 ), #47 ) ;
#10378 = VERTEX_POINT ( 'NONE', #1089 ) ;
#10379 = VECTOR ( 'NONE', #7093, 1000.000000000000000 ) ;
#10380 = CARTESIAN_POINT ( 'NONE',  ( 0.0000000000000000000, 0.0000000000000000000, 0.9300000000000000500 ) ) ;
#10381 = B_SPLINE_CURVE_WITH_KNOTS ( 'NONE', 3,
 ( #10741, #714, #1571, #7440 ),
 .UNSPECIFIED., .F., .F.,
 ( 4, 4 ),
 ( 10.00000000000000000, 11.00000000000000000 ),
 .UNSPECIFIED. ) ;
#10382 = CARTESIAN_POINT ( 'NONE',  ( -0.1249999999999998900, -0.8750000000000000000, 0.0000000000000000000 ) ) ;
#10383 = DIRECTION ( 'NONE',  ( -0.0000000000000000000, -0.0000000000000000000, 1.000000000000000000 ) ) ;
#10384 = ORIENTED_EDGE ( 'NONE', *, *, #8566, .F. ) ;
#10385 = EDGE_CURVE ( 'NONE', #7859, #6103, #2384, .T. ) ;
#10386 = EDGE_CURVE ( 'NONE', #7205, #8836, #5300, .T. ) ;
#10387 = VECTOR ( 'NONE', #2319, 1000.000000000000000 ) ;
#10388 = EDGE_CURVE ( 'NONE', #4716, #6938, #9777, .T. ) ;
#10389 = EDGE_CURVE ( 'NONE', #9306, #9596, #7295, .T. ) ;
#10390 = CARTESIAN_POINT ( 'NONE',  ( 0.5894312713490678100, 0.8180331643712409600, 0.9400000000000000600 ) ) ;
#10391 = VECTOR ( 'NONE', #2741, 1000.000000000000200 ) ;
#10392 = LINE ( 'NONE', #10188, #1224 ) ;
#10393 = EDGE_CURVE ( 'NONE', #4204, #8837, #2793, .T. ) ;
#10394 = AXIS2_PLACEMENT_3D ( 'NONE', #107, #6794, #949 ) ;
#10395 = ORIENTED_EDGE ( 'NONE', *, *, #4848, .F. ) ;
#10396 = DIRECTION ( 'NONE',  ( -1.000000000000000000, -0.0000000000000000000, -0.0000000000000000000 ) ) ;
#10397 = EDGE_CURVE ( 'NONE', #10044, #2431, #3285, .T. ) ;
#10398 = DIRECTION ( 'NONE',  ( 0.0000000000000000000, 0.0000000000000000000, -1.000000000000000000 ) ) ;
#10399 = CARTESIAN_POINT ( 'NONE',  ( 0.3160356479979080600, 0.7168331264331474500, 0.9300000000000000500 ) ) ;
#10400 = ORIENTED_EDGE ( 'NONE', *, *, #3361, .F. ) ;
#10401 = CARTESIAN_POINT ( 'NONE',  ( 0.5737348893547593600, 0.6510177181028996600, 0.9300000000000000500 ) ) ;
#10402 = ORIENTED_EDGE ( 'NONE', *, *, #6283, .T. ) ;
#10403 = VECTOR ( 'NONE', #9497, 1000.000000000000000 ) ;
#10404 = FACE_OUTER_BOUND ( 'NONE', #8155, .T. ) ;
#10405 = CARTESIAN_POINT ( 'NONE',  ( 0.5944323268112803300, 0.5881826747243045200, 0.9400000000000000600 ) ) ;
#10406 =( NAMED_UNIT ( * ) PLANE_ANGLE_UNIT ( ) SI_UNIT ( $, .RADIAN. ) );
#10407 =( NAMED_UNIT ( * ) PLANE_ANGLE_UNIT ( ) SI_UNIT ( $, .RADIAN. ) );
#10408 = CARTESIAN_POINT ( 'NONE',  ( 0.4713617985869710800, 0.6402728761695148900, 0.9400000000000000600 ) ) ;
#10409 = ADVANCED_FACE ( 'NONE', ( #4740 ), #10352, .T. ) ;
#10410 = VERTEX_POINT ( 'NONE', #3542 ) ;
#10411 = ORIENTED_EDGE ( 'NONE', *, *, #5997, .T. ) ;
#10412 = DIRECTION ( 'NONE',  ( -0.0000000000000000000, -0.0000000000000000000, -1.000000000000000000 ) ) ;
#10413 = CARTESIAN_POINT ( 'NONE',  ( 0.6249999999999960000, -0.3750000000000063800, -0.02000000000000000000 ) ) ;
#10414 = FILL_AREA_STYLE_COLOUR ( '', #3323 ) ;
#10415 = STYLED_ITEM ( 'NONE', ( #4872 ), #10500 ) ;
#10416 = LINE ( 'NONE', #9468, #2013 ) ;
#10417 = DIRECTION ( 'NONE',  ( -0.0000000000000000000, 1.000000000000000000, -0.0000000000000000000 ) ) ;
#10418 = ADVANCED_FACE ( 'NONE', ( #9254 ), #6880, .F. ) ;
#10419 = DIRECTION ( 'NONE',  ( -0.0000000000000000000, -0.0000000000000000000, -1.000000000000000000 ) ) ;
#10420 = EDGE_LOOP ( 'NONE', ( #6148, #8779, #758, #7904, #9545, #9639 ) ) ;
#10421 = ORIENTED_EDGE ( 'NONE', *, *, #7308, .T. ) ;
#10422 = ORIENTED_EDGE ( 'NONE', *, *, #8905, .F. ) ;
#10423 = CARTESIAN_POINT ( 'NONE',  ( 0.5439018604852625700, 0.6290328802305755800, 0.9300000000000000500 ) ) ;
#10424 = ORIENTED_EDGE ( 'NONE', *, *, #9678, .T. ) ;
#10425 = LINE ( 'NONE', #3436, #5936 ) ;
#10426 = DIRECTION ( 'NONE',  ( -0.0000000000000000000, -0.0000000000000000000, -1.000000000000000000 ) ) ;
#10427 = DIRECTION ( 'NONE',  ( 0.3385350342956943100, 0.9409537876826964400, 0.0000000000000000000 ) ) ;
#10428 = LINE ( 'NONE', #6041, #1765 ) ;
#10429 = CARTESIAN_POINT ( 'NONE',  ( 0.1514581860088235200, 0.8972485831191486800, 0.9400000000000000600 ) ) ;
#10430 = DIRECTION ( 'NONE',  ( -0.0000000000000000000, -0.0000000000000000000, -1.000000000000000000 ) ) ;
#10431 = ORIENTED_EDGE ( 'NONE', *, *, #685, .T. ) ;
#10432 = B_SPLINE_SURFACE_WITH_KNOTS ( 'NONE', 3, 1, ( 
 ( #2558, #3949 ),
 ( #7368, #1494 ),
 ( #6471, #5646 ),
 ( #10671, #4770 ) ),
 .UNSPECIFIED., .F., .F., .F.,
 ( 4, 4 ),
 ( 2, 2 ),
 ( 4.000000000000000000, 5.000000000000000000 ),
 ( 0.0000000000000000000, 1.000000000000000000 ),
 .UNSPECIFIED. ) ;
#10433 = ORIENTED_EDGE ( 'NONE', *, *, #8578, .F. ) ;
#10434 = VECTOR ( 'NONE', #1159, 1000.000000000000000 ) ;
#10435 = B_SPLINE_CURVE_WITH_KNOTS ( 'NONE', 3,
 ( #10651, #7012, #10265, #10639 ),
 .UNSPECIFIED., .F., .F.,
 ( 4, 4 ),
 ( 24.00000000000000000, 25.00000000000000000 ),
 .UNSPECIFIED. ) ;
#10436 = FACE_OUTER_BOUND ( 'NONE', #7687, .T. ) ;
#10437 = CARTESIAN_POINT ( 'NONE',  ( -0.6249999999999998900, -0.8750000000000000000, 0.0000000000000000000 ) ) ;
#10438 = MECHANICAL_DESIGN_GEOMETRIC_PRESENTATION_REPRESENTATION (  '', ( #8776 ), #135 ) ;
#10439 = ORIENTED_EDGE ( 'NONE', *, *, #8722, .T. ) ;
#10440 = EDGE_CURVE ( 'NONE', #1742, #438, #10428, .T. ) ;
#10441 = VERTEX_POINT ( 'NONE', #6007 ) ;
#10442 = VERTEX_POINT ( 'NONE', #7799 ) ;
#10443 = STYLED_ITEM ( 'NONE', ( #10731 ), #8178 ) ;
#10444 = FACE_OUTER_BOUND ( 'NONE', #1613, .T. ) ;
#10445 = EDGE_CURVE ( 'NONE', #2981, #4041, #10169, .T. ) ;
#10446 = AXIS2_PLACEMENT_3D ( 'NONE', #6818, #7545, #9716 ) ;
#10447 = ORIENTED_EDGE ( 'NONE', *, *, #9333, .F. ) ;
#10448 = EDGE_CURVE ( 'NONE', #10442, #4750, #1308, .T. ) ;
#10449 =( NAMED_UNIT ( * ) SI_UNIT ( $, .STERADIAN. ) SOLID_ANGLE_UNIT ( ) );
#10450 = ADVANCED_FACE ( 'NONE', ( #3685 ), #10300, .F. ) ;
#10451 = VERTEX_POINT ( 'NONE', #264 ) ;
#10452 = DIRECTION ( 'NONE',  ( -0.0000000000000000000, 1.000000000000000000, -0.0000000000000000000 ) ) ;
#10453 = VECTOR ( 'NONE', #8242, 1000.000000000000000 ) ;
#10454 = VECTOR ( 'NONE', #5713, 1000.000000000000000 ) ;
#10455 = EDGE_CURVE ( 'NONE', #1228, #2244, #5939, .T. ) ;
#10456 = DIRECTION ( 'NONE',  ( 0.0000000000000000000, 1.000000000000000000, -0.0000000000000000000 ) ) ;
#10457 = DIRECTION ( 'NONE',  ( -1.000000000000000000, 1.047444401652940000E-014, 0.0000000000000000000 ) ) ;
#10458 = ORIENTED_EDGE ( 'NONE', *, *, #9833, .T. ) ;
#10459 = PLANE ( 'NONE',  #8911 ) ;
#10460 = CARTESIAN_POINT ( 'NONE',  ( 0.7339667257398894100, 0.6207638083283396600, 0.9400000000000000600 ) ) ;
#10461 = CARTESIAN_POINT ( 'NONE',  ( 0.5547952486203097100, 0.8291246141085187900, 0.9400000000000000600 ) ) ;
#10462 = ORIENTED_EDGE ( 'NONE', *, *, #2634, .F. ) ;
#10463 = AXIS2_PLACEMENT_3D ( 'NONE', #2339, #116, #7985 ) ;
#10464 = MANIFOLD_SOLID_BREP ( 'Í¹Ì¨-À­Éì4', #10507 ) ;
#10465 = DIRECTION ( 'NONE',  ( 0.3409177962187332500, 0.9400931103999018400, 0.0000000000000000000 ) ) ;
#10466 = LINE ( 'NONE', #5260, #8267 ) ;
#10467 = VECTOR ( 'NONE', #8505, 1000.000000000000000 ) ;
#10468 = CARTESIAN_POINT ( 'NONE',  ( 0.7824423029398259700, 0.6351727899062257200, 0.9300000000000000500 ) ) ;
#10469 = CARTESIAN_POINT ( 'NONE',  ( 0.4894596775109640300, 0.6290823956311254500, 0.9400000000000000600 ) ) ;
#10470 = ORIENTED_EDGE ( 'NONE', *, *, #10100, .T. ) ;
#10471 =( LENGTH_UNIT ( ) NAMED_UNIT ( * ) SI_UNIT ( .MILLI., .METRE. ) );
#10472 = CARTESIAN_POINT ( 'NONE',  ( -0.9999999999999997800, 1.000000000000000000, 0.0000000000000000000 ) ) ;
#10473 = ORIENTED_EDGE ( 'NONE', *, *, #8297, .T. ) ;
#10474 = VECTOR ( 'NONE', #86, 1000.000000000000000 ) ;
#10475 = COLOUR_RGB ( '',0.6666666666666666300, 0.6666666666666666300, 0.6666666666666666300 ) ;
#10476 = CARTESIAN_POINT ( 'NONE',  ( 0.4748773920304684700, 0.6322018658695104400, 0.9300000000000000500 ) ) ;
#10477 = VERTEX_POINT ( 'NONE', #3579 ) ;
#10478 = ADVANCED_FACE ( 'NONE', ( #9386 ), #4423, .F. ) ;
#10479 = B_SPLINE_SURFACE_WITH_KNOTS ( 'NONE', 3, 1, ( 
 ( #1626, #2396 ),
 ( #2435, #8359 ),
 ( #3260, #9185 ),
 ( #4101, #10020 ) ),
 .UNSPECIFIED., .F., .F., .F.,
 ( 4, 4 ),
 ( 2, 2 ),
 ( 11.00000000000000000, 12.00000000000000000 ),
 ( 0.0000000000000000000, 1.000000000000000000 ),
 .UNSPECIFIED. ) ;
#10480 = ORIENTED_EDGE ( 'NONE', *, *, #9181, .F. ) ;
#10481 = VERTEX_POINT ( 'NONE', #5282 ) ;
#10482 = LINE ( 'NONE', #1136, #5998 ) ;
#10483 = CARTESIAN_POINT ( 'NONE',  ( 0.4452424247632018100, 0.7064749667899272700, 0.9300000000000000500 ) ) ;
#10484 = AXIS2_PLACEMENT_3D ( 'NONE', #3748, #1545, #4613 ) ;
#10485 = DIRECTION ( 'NONE',  ( 0.0000000000000000000, 0.0000000000000000000, 1.000000000000000000 ) ) ;
#10486 = CARTESIAN_POINT ( 'NONE',  ( 0.5622225587120900400, 0.6449768392276955500, 0.9400000000000000600 ) ) ;
#10487 =( NAMED_UNIT ( * ) PLANE_ANGLE_UNIT ( ) SI_UNIT ( $, .RADIAN. ) );
#10488 = CARTESIAN_POINT ( 'NONE',  ( -0.3420636973039750700, 0.3834854731493751400, 0.0000000000000000000 ) ) ;
#10489 =( NAMED_UNIT ( * ) PLANE_ANGLE_UNIT ( ) SI_UNIT ( $, .RADIAN. ) );
#10490 = SURFACE_STYLE_FILL_AREA ( #3288 ) ;
#10491 = DIRECTION ( 'NONE',  ( -0.0000000000000000000, -0.0000000000000000000, -1.000000000000000000 ) ) ;
#10492 = PLANE ( 'NONE',  #6175 ) ;
#10493 = CARTESIAN_POINT ( 'NONE',  ( 0.1249999999999998900, 0.8750000000000000000, 0.0000000000000000000 ) ) ;
#10494 = DIRECTION ( 'NONE',  ( 0.0000000000000000000, 0.0000000000000000000, 1.000000000000000000 ) ) ;
#10495 = AXIS2_PLACEMENT_3D ( 'NONE', #338, #313, #303 ) ;
#10496 = VERTEX_POINT ( 'NONE', #6166 ) ;
#10497 = CARTESIAN_POINT ( 'NONE',  ( 0.2402887179797778000, 0.8276991024470791200, 0.9300000000000000500 ) ) ;
#10498 = EDGE_CURVE ( 'NONE', #2160, #6525, #2655, .T. ) ;
#10499 = VECTOR ( 'NONE', #5509, 1000.000000000000000 ) ;
#10500 = ADVANCED_FACE ( 'NONE', ( #6882 ), #1997, .F. ) ;
#10501 = B_SPLINE_CURVE_WITH_KNOTS ( 'NONE', 3,
 ( #9590, #9574, #8340, #9620 ),
 .UNSPECIFIED., .F., .F.,
 ( 4, 4 ),
 ( 5.000000000000000000, 6.000000000000000000 ),
 .UNSPECIFIED. ) ;
#10502 = CARTESIAN_POINT ( 'NONE',  ( 0.4635136075897990400, 0.8217468194176258400, 0.9400000000000000600 ) ) ;
#10503 = DIRECTION ( 'NONE',  ( 0.0000000000000000000, 1.000000000000000000, -0.0000000000000000000 ) ) ;
#10504 = EDGE_CURVE ( 'NONE', #5599, #1446, #6066, .T. ) ;
#10505 =( GEOMETRIC_REPRESENTATION_CONTEXT ( 3 ) GLOBAL_UNCERTAINTY_ASSIGNED_CONTEXT ( ( #1871 ) ) GLOBAL_UNIT_ASSIGNED_CONTEXT ( ( #4970, #5085, #4261 ) ) REPRESENTATION_CONTEXT ( 'NONE', 'WORKASPACE' ) );
#10506 = CARTESIAN_POINT ( 'NONE',  ( 0.5653420289508036500, 0.6383912909463753700, 0.9400000000000000600 ) ) ;
#10507 = CLOSED_SHELL ( 'NONE', ( #2986, #7824, #3675, #4531, #669, #10126, #7274, #375, #8326, #5153, #2383, #9069, #5758, #3189, #7337, #1291, #9483, #783, #4310, #9194, #9018, #4739, #3421, #250, #2838, #2786, #7686, #7748, #2337, #308, #5394, #8045, #1708, #7982, #9404, #1137, #9429, #1172, #1085, #2596, #986, #6479, #5908, #1497, #8123, #406, #2544, #515, #2092, #10613, #10500, #1209, #10713, #7720, #10659, #2037, #9665, #6413, #8178, #9550, #3745, #4067, #10418, #6172, #3957, #6131, #15, #6234, #999, #8246, #8581, #9689, #1650, #8747, #2619, #8562, #1967, #9531, #1558, #6031, #9547, #9597, #895, #1932, #5269, #9917, #8719, #7918, #5651, #1192, #1327, #1060, #1221, #3245, #2438, #8920, #142, #1450, #2767, #4477, #1983, #7446, #5214, #9368, #6350, #2735, #7075, #6065, #3692, #7621, #1347, #2803, #3084, #9896, #9041, #4800, #10344, #6632, #5860, #4431, #1237, #565, #10812, #1756, #322, #7054, #722, #3648, #8735, #2053, #4817, #4871, #10677, #1597, #3626, #3788, #7842, #10478, #3725, #6884, #1309, #7113, #10547, #8546, #2880, #5666, #4495, #1824, #6522, #6295, #4339, #2302, #5541, #7807, #7000, #8018, #3298, #3897, #9301, #8385, #8961, #2133, #3975, #4237, #3562, #9792, #5974, #10305, #7035, #5427, #8769, #4403, #4185, #2493, #7562, #5487, #9136, #3406, #2717, #3465, #5019, #8440, #8788, #950, #8485, #3489, #6750, #5722, #2116, #8279, #8821, #439, #4694, #3151, #2072, #5305, #616, #6827, #8702, #7960, #8869, #6574, #453, #4586, #6215, #4563, #10071, #5382, #2285, #1250, #8221, #2676, #3543, #8062, #10198, #10233, #7945, #4365, #10251, #195, #4641, #5234, #2853, #362, #3358, #7223, #4962, #4126, #5802, #5362, #7512, #10409, #5704, #6153, #4011, #2001, #6047, #3601, #5605, #7992, #7393, #6951, #1875, #7163, #1895, #3390, #9629, #73, #131, #2186, #3032, #6199, #7782, #7927, #9849, #3661, #3844, #6690, #1270, #5347, #4902, #8675, #4548, #836, #5331, #7089, #1392, #9447, #9957, #6094, #9462, #4845, #7671, #8848, #4249, #9584, #5128, #2237, #10363, #9747, #10758, #6845, #175, #1021, #6249, #6462, #9241, #5250, #4494, #10008, #7863, #1514, #8600, #2929, #3133, #5076, #10450 ) ) ;
#10508 = EDGE_CURVE ( 'NONE', #4874, #9337, #8345, .T. ) ;
#10509 = LINE ( 'NONE', #3225, #6843 ) ;
#10510 = VECTOR ( 'NONE', #2999, 1000.000000000000000 ) ;
#10511 = CARTESIAN_POINT ( 'NONE',  ( 0.5944323268112803300, 0.5881826747243045200, 0.9400000000000000600 ) ) ;
#10512 = EDGE_CURVE ( 'NONE', #529, #6953, #6391, .T. ) ;
#10513 = DIRECTION ( 'NONE',  ( -0.0000000000000000000, -1.000000000000000000, -0.0000000000000000000 ) ) ;
#10514 = CARTESIAN_POINT ( 'NONE',  ( 0.5568996531462886400, 0.6816677510825681600, 0.9400000000000000600 ) ) ;
#10515 = DIRECTION ( 'NONE',  ( -0.0000000000000000000, 1.000000000000000000, -0.0000000000000000000 ) ) ;
#10516 = LINE ( 'NONE', #7333, #10282 ) ;
#10517 = EDGE_CURVE ( 'NONE', #5606, #8812, #1371, .T. ) ;
#10518 = DIRECTION ( 'NONE',  ( -0.0000000000000000000, -0.0000000000000000000, -1.000000000000000000 ) ) ;
#10519 = DIRECTION ( 'NONE',  ( -0.0000000000000000000, -0.0000000000000000000, -1.000000000000000000 ) ) ;
#10520 = CARTESIAN_POINT ( 'NONE',  ( 0.7728363152205755000, 0.6318057426650612900, 0.9400000000000000600 ) ) ;
#10521 = DIRECTION ( 'NONE',  ( 0.0000000000000000000, 0.0000000000000000000, 1.000000000000000000 ) ) ;
#10522 = DIRECTION ( 'NONE',  ( -0.0000000000000000000, -0.0000000000000000000, -1.000000000000000000 ) ) ;
#10523 = ORIENTED_EDGE ( 'NONE', *, *, #9413, .T. ) ;
#10524 = CARTESIAN_POINT ( 'NONE',  ( 0.4809925440061695300, 0.6191298001079786900, 0.9300000000000000500 ) ) ;
#10525 = LINE ( 'NONE', #7127, #1617 ) ;
#10526 = PLANE ( 'NONE',  #1448 ) ;
#10527 = UNCERTAINTY_MEASURE_WITH_UNIT (LENGTH_MEASURE( 1.000000000000000100E-005 ), #8330, 'distance_accuracy_value', 'NONE');
#10528 = SURFACE_STYLE_FILL_AREA ( #4251 ) ;
#10529 = DIRECTION ( 'NONE',  ( -0.0000000000000000000, 1.000000000000000000, -0.0000000000000000000 ) ) ;
#10530 = CARTESIAN_POINT ( 'NONE',  ( 0.5634604437276604600, 0.6816677510825681600, 0.9400000000000000600 ) ) ;
#10531 = ORIENTED_EDGE ( 'NONE', *, *, #6146, .T. ) ;
#10532 = ORIENTED_EDGE ( 'NONE', *, *, #4140, .T. ) ;
#10533 = PRESENTATION_STYLE_ASSIGNMENT (( #3880 ) ) ;
#10534 = CARTESIAN_POINT ( 'NONE',  ( 0.4474458600906227000, 0.6318057426650551800, 0.9400000000000000600 ) ) ;
#10535 = ORIENTED_EDGE ( 'NONE', *, *, #494, .F. ) ;
#10536 = ORIENTED_EDGE ( 'NONE', *, *, #7244, .F. ) ;
#10537 = DIRECTION ( 'NONE',  ( 0.0000000000000000000, 0.0000000000000000000, 1.000000000000000000 ) ) ;
#10538 = VECTOR ( 'NONE', #3674, 1000.000000000000000 ) ;
#10539 = CARTESIAN_POINT ( 'NONE',  ( 0.5913871296734051200, 0.5881826747243045200, 0.9300000000000000500 ) ) ;
#10540 = VERTEX_POINT ( 'NONE', #7978 ) ;
#10541 = ORIENTED_EDGE ( 'NONE', *, *, #3791, .F. ) ;
#10542 = ORIENTED_EDGE ( 'NONE', *, *, #3239, .F. ) ;
#10543 = DIRECTION ( 'NONE',  ( -0.0000000000000000000, -0.0000000000000000000, -1.000000000000000000 ) ) ;
#10544 = CARTESIAN_POINT ( 'NONE',  ( 0.5547952486202794000, 0.7854520307678748400, 0.9400000000000000600 ) ) ;
#10545 = ORIENTED_EDGE ( 'NONE', *, *, #9477, .T. ) ;
#10546 = VECTOR ( 'NONE', #9850, 1000.000000000000000 ) ;
#10547 = ADVANCED_FACE ( 'NONE', ( #10304 ), #7192, .T. ) ;
#10548 = CARTESIAN_POINT ( 'NONE',  ( -0.8920589577662965100, 0.7972593383840376200, 0.9300000000000000500 ) ) ;
#10549 = LINE ( 'NONE', #1755, #1642 ) ;
#10550 = VERTEX_POINT ( 'NONE', #9627 ) ;
#10551 = CARTESIAN_POINT ( 'NONE',  ( 0.5146382587228371900, 0.6828066052966959000, 0.9300000000000000500 ) ) ;
#10552 = EDGE_LOOP ( 'NONE', ( #8639, #1904, #5557, #4539 ) ) ;
#10553 = FILL_AREA_STYLE_COLOUR ( '', #4920 ) ;
#10554 = ORIENTED_EDGE ( 'NONE', *, *, #3460, .F. ) ;
#10555 = ORIENTED_EDGE ( 'NONE', *, *, #823, .F. ) ;
#10556 = DIRECTION ( 'NONE',  ( -0.0000000000000000000, -0.0000000000000000000, -1.000000000000000000 ) ) ;
#10557 = CARTESIAN_POINT ( 'NONE',  ( 0.8684505538054236900, 0.7176159319277641800, 0.9300000000000000500 ) ) ;
#10558 = DIRECTION ( 'NONE',  ( -0.0000000000000000000, -0.0000000000000000000, 1.000000000000000000 ) ) ;
#10559 = FACE_OUTER_BOUND ( 'NONE', #4863, .T. ) ;
#10561 = SURFACE_STYLE_USAGE ( .BOTH. , #4673 ) ;
#10560 = VECTOR ( 'NONE', #2769, 1000.000000000000000 ) ;
#10562 = CARTESIAN_POINT ( 'NONE',  ( 0.1250000000000001100, -0.8749999999999998900, -0.02000000000000000000 ) ) ;
#10563 = FILL_AREA_STYLE ('',( #544 ) ) ;
#10564 = PLANE ( 'NONE',  #7991 ) ;
#10565 = EDGE_CURVE ( 'NONE', #3602, #7217, #5804, .T. ) ;
#10566 = ORIENTED_EDGE ( 'NONE', *, *, #3771, .F. ) ;
#10567 = EDGE_CURVE ( 'NONE', #5675, #5830, #9677, .T. ) ;
#10568 = EDGE_LOOP ( 'NONE', ( #3118, #6876, #1483, #1628 ) ) ;
#10569 = B_SPLINE_CURVE_WITH_KNOTS ( 'NONE', 3,
 ( #4510, #5378, #1235, #7091 ),
 .UNSPECIFIED., .F., .F.,
 ( 4, 4 ),
 ( 20.00000000000000000, 21.00000000000000000 ),
 .UNSPECIFIED. ) ;
#10570 = ORIENTED_EDGE ( 'NONE', *, *, #2481, .T. ) ;
#10571 = B_SPLINE_CURVE_WITH_KNOTS ( 'NONE', 3,
 ( #5005, #3520, #3399, #3441 ),
 .UNSPECIFIED., .F., .F.,
 ( 4, 4 ),
 ( 0.0000000000000000000, 1.000000000000000000 ),
 .UNSPECIFIED. ) ;
#10572 =( NAMED_UNIT ( * ) SI_UNIT ( $, .STERADIAN. ) SOLID_ANGLE_UNIT ( ) );
#10573 = EDGE_CURVE ( 'NONE', #3951, #8584, #3651, .T. ) ;
#10574 = DIRECTION ( 'NONE',  ( -1.000000000000000000, 0.0000000000000000000, 0.0000000000000000000 ) ) ;
#10575 = CARTESIAN_POINT ( 'NONE',  ( 0.05849601238471229000, 0.8876080615742205600, 0.9400000000000000600 ) ) ;
#10576 = LINE ( 'NONE', #3916, #8382 ) ;
#10577 = PLANE ( 'NONE',  #3396 ) ;
#10578 = SURFACE_SIDE_STYLE ('',( #5869 ) ) ;
#10579 = EDGE_CURVE ( 'NONE', #5864, #3739, #3559, .T. ) ;
#10580 = PLANE ( 'NONE',  #4972 ) ;
#10581 = VERTEX_POINT ( 'NONE', #7183 ) ;
#10582 = DIRECTION ( 'NONE',  ( -1.000000000000000000, 0.0000000000000000000, -0.0000000000000000000 ) ) ;
#10583 = VECTOR ( 'NONE', #4618, 1000.000000000000000 ) ;
#10584 = LINE ( 'NONE', #4595, #5602 ) ;
#10585 = EDGE_CURVE ( 'NONE', #10581, #10796, #1451, .T. ) ;
#10586 = PRESENTATION_LAYER_ASSIGNMENT (  '', '', ( #9486 ) ) ;
#10587 = VECTOR ( 'NONE', #279, 1000.000000000000000 ) ;
#10588 = B_SPLINE_SURFACE_WITH_KNOTS ( 'NONE', 3, 1, ( 
 ( #7174, #3529 ),
 ( #2380, #6108 ),
 ( #1598, #2549 ),
 ( #4629, #1741 ) ),
 .UNSPECIFIED., .F., .F., .F.,
 ( 4, 4 ),
 ( 2, 2 ),
 ( 26.00000000000000000, 27.00000000000000000 ),
 ( 0.0000000000000000000, 1.000000000000000000 ),
 .UNSPECIFIED. ) ;
#10589 = DIRECTION ( 'NONE',  ( -0.0000000000000000000, -0.0000000000000000000, -1.000000000000000000 ) ) ;
#10590 = EDGE_CURVE ( 'NONE', #8847, #6535, #1381, .T. ) ;
#10591 = ORIENTED_EDGE ( 'NONE', *, *, #2468, .T. ) ;
#10592 = CARTESIAN_POINT ( 'NONE',  ( 0.5547952486203071600, 0.8601212548927491500, 0.9400000000000000600 ) ) ;
#10593 = ORIENTED_EDGE ( 'NONE', *, *, #8162, .T. ) ;
#10594 = EDGE_CURVE ( 'NONE', #2763, #5996, #8095, .T. ) ;
#10595 = CARTESIAN_POINT ( 'NONE',  ( 0.5021851354685962200, 0.6314591348604966500, 0.9300000000000000500 ) ) ;
#10596 = VECTOR ( 'NONE', #227, 1000.000000000000000 ) ;
#10597 = PRESENTATION_STYLE_ASSIGNMENT (( #4626 ) ) ;
#10598 = LINE ( 'NONE', #1542, #8144 ) ;
#10599 = VECTOR ( 'NONE', #3804, 1000.000000000000000 ) ;
#10600 = CARTESIAN_POINT ( 'NONE',  ( -0.6249999999999978900, 0.6250000000000021100, 0.0000000000000000000 ) ) ;
#10601 = CARTESIAN_POINT ( 'NONE',  ( 0.03439470811148989000, 0.8703928434151132500, 0.9400000000000000600 ) ) ;
#10602 = CARTESIAN_POINT ( 'NONE',  ( 0.2478634031010534800, 0.8070408416423106000, 0.9400000000000000600 ) ) ;
#10603 =( GEOMETRIC_REPRESENTATION_CONTEXT ( 3 ) GLOBAL_UNCERTAINTY_ASSIGNED_CONTEXT ( ( #4103 ) ) GLOBAL_UNIT_ASSIGNED_CONTEXT ( ( #5122, #5637, #5244 ) ) REPRESENTATION_CONTEXT ( 'NONE', 'WORKASPACE' ) );
#10604 = DIRECTION ( 'NONE',  ( -0.3493954794689488900, 0.9369753459545578900, 0.0000000000000000000 ) ) ;
#10605 = EDGE_LOOP ( 'NONE', ( #8656, #3563, #4075, #10689 ) ) ;
#10606 = SURFACE_STYLE_USAGE ( .BOTH. , #5196 ) ;
#10607 = CARTESIAN_POINT ( 'NONE',  ( 0.4649990696081569000, 0.6245764941751733600, 0.9300000000000000500 ) ) ;
#10608 = B_SPLINE_SURFACE_WITH_KNOTS ( 'NONE', 3, 1, ( 
 ( #430, #6929 ),
 ( #4150, #2100 ),
 ( #1128, #9619 ),
 ( #6686, #5788 ),
 ( #1396, #1121 ),
 ( #1194, #6159 ),
 ( #5979, #1977 ) ),
 .UNSPECIFIED., .F., .F., .F.,
 ( 4, 3, 4 ),
 ( 2, 2 ),
 ( 0.0000000000000000000, 1.000000000000000000, 2.000000000000000000 ),
 ( 0.0000000000000000000, 1.000000000000000000 ),
 .UNSPECIFIED. ) ;
#10609 = ORIENTED_EDGE ( 'NONE', *, *, #2897, .F. ) ;
#10610 = LINE ( 'NONE', #1051, #8415 ) ;
#10611 = PRESENTATION_STYLE_ASSIGNMENT (( #1163 ) ) ;
#10612 = DIRECTION ( 'NONE',  ( -0.0000000000000000000, -0.0000000000000000000, -1.000000000000000000 ) ) ;
#10613 = ADVANCED_FACE ( 'NONE', ( #7845 ), #10564, .F. ) ;
#10614 = CARTESIAN_POINT ( 'NONE',  ( 0.5092163223555850000, 0.8728962282509370500, 0.9300000000000000500 ) ) ;
#10615 = ORIENTED_EDGE ( 'NONE', *, *, #6807, .F. ) ;
#10616 = PRESENTATION_STYLE_ASSIGNMENT (( #8057 ) ) ;
#10617 = FACE_OUTER_BOUND ( 'NONE', #8207, .T. ) ;
#10618 = CARTESIAN_POINT ( 'NONE',  ( 0.5000000000000000000, 0.0000000000000000000, -0.02000000000000000000 ) ) ;
#10619 = CARTESIAN_POINT ( 'NONE',  ( 0.5913871296734051200, 0.5881826747243045200, 0.9400000000000000600 ) ) ;
#10620 = UNCERTAINTY_MEASURE_WITH_UNIT (LENGTH_MEASURE( 1.000000000000000100E-005 ), #6267, 'distance_accuracy_value', 'NONE');
#10621 = ORIENTED_EDGE ( 'NONE', *, *, #1557, .T. ) ;
#10622 = ORIENTED_EDGE ( 'NONE', *, *, #10579, .F. ) ;
#10623 = AXIS2_PLACEMENT_3D ( 'NONE', #2234, #3370, #8831 ) ;
#10624 = DIRECTION ( 'NONE',  ( -1.000000000000000000, 4.336808689942017700E-016, 0.0000000000000000000 ) ) ;
#10625 = FACE_BOUND ( 'NONE', #8458, .T. ) ;
#10626 = LINE ( 'NONE', #2355, #10387 ) ;
#10627 = DIRECTION ( 'NONE',  ( 0.0000000000000000000, -0.0000000000000000000, -1.000000000000000000 ) ) ;
#10628 = CARTESIAN_POINT ( 'NONE',  ( 0.5436542834821478400, 0.6695859933328316400, 0.9400000000000000600 ) ) ;
#10629 = CARTESIAN_POINT ( 'NONE',  ( 0.09499226788739424700, 0.6479722570819322900, 0.9300000000000000500 ) ) ;
#10630 = EDGE_CURVE ( 'NONE', #7903, #3490, #4731, .T. ) ;
#10631 = ORIENTED_EDGE ( 'NONE', *, *, #1960, .F. ) ;
#10632 = CARTESIAN_POINT ( 'NONE',  ( -0.07991432450440462400, 0.7312939247580169100, 0.9300000000000000500 ) ) ;
#10633 = DIRECTION ( 'NONE',  ( -0.0000000000000000000, -0.0000000000000000000, -1.000000000000000000 ) ) ;
#10634 = ORIENTED_EDGE ( 'NONE', *, *, #6944, .F. ) ;
#10635 = LINE ( 'NONE', #518, #1478 ) ;
#10636 = LINE ( 'NONE', #9345, #6695 ) ;
#10637 = CARTESIAN_POINT ( 'NONE',  ( 0.6606839328312630300, 0.8571008154554812200, 0.9300000000000000500 ) ) ;
#10638 = CARTESIAN_POINT ( 'NONE',  ( 0.4689603016569947600, 0.6209618699305621300, 0.9400000000000000600 ) ) ;
#10639 = CARTESIAN_POINT ( 'NONE',  ( 0.2237620725598240000, 0.6624330291384651300, 0.9400000000000000600 ) ) ;
#10640 = B_SPLINE_CURVE_WITH_KNOTS ( 'NONE', 3,
 ( #9695, #7489, #2404, #8327 ),
 .UNSPECIFIED., .F., .F.,
 ( 4, 4 ),
 ( 0.0000000000000000000, 1.000000000000000000 ),
 .UNSPECIFIED. ) ;
#10641 = CARTESIAN_POINT ( 'NONE',  ( 0.4452424247632018100, 0.7176159319277641800, 0.9400000000000000600 ) ) ;
#10642 = EDGE_CURVE ( 'NONE', #4691, #3530, #2007, .T. ) ;
#10643 = EDGE_LOOP ( 'NONE', ( #10022, #2532, #8855, #5340 ) ) ;
#10644 = B_SPLINE_CURVE_WITH_KNOTS ( 'NONE', 3,
 ( #8582, #8520, #8515, #8486 ),
 .UNSPECIFIED., .F., .F.,
 ( 4, 4 ),
 ( 11.00000000000000000, 12.00000000000000000 ),
 .UNSPECIFIED. ) ;
#10645 = MECHANICAL_DESIGN_GEOMETRIC_PRESENTATION_REPRESENTATION (  '', ( #8964 ), #352 ) ;
#10646 = VECTOR ( 'NONE', #6641, 1000.000000000000000 ) ;
#10647 = CARTESIAN_POINT ( 'NONE',  ( 0.5547952486202794000, 0.8180331643712409600, 0.9300000000000000500 ) ) ;
#10648 = CARTESIAN_POINT ( 'NONE',  ( 0.1177163495195692300, 0.8559320615082910400, 0.9400000000000000600 ) ) ;
#10649 = EDGE_CURVE ( 'NONE', #3904, #6264, #2510, .T. ) ;
#10650 = STYLED_ITEM ( 'NONE', ( #6130 ), #515 ) ;
#10651 = CARTESIAN_POINT ( 'NONE',  ( 0.2733419037463276100, 0.7161445019787834300, 0.9400000000000000600 ) ) ;
#10652 = DIRECTION ( 'NONE',  ( -0.0000000000000000000, -0.0000000000000000000, -1.000000000000000000 ) ) ;
#10653 = EDGE_CURVE ( 'NONE', #10550, #5789, #339, .T. ) ;
#10654 = CARTESIAN_POINT ( 'NONE',  ( 0.5887628134409231800, 0.5885292825288691600, 0.9300000000000000500 ) ) ;
#10655 = ORIENTED_EDGE ( 'NONE', *, *, #4505, .T. ) ;
#10656 = VECTOR ( 'NONE', #4689, 1000.000000000000000 ) ;
#10657 = CARTESIAN_POINT ( 'NONE',  ( 0.7961333112089773500, 0.6912737388011590500, 0.9400000000000000600 ) ) ;
#10658 = CARTESIAN_POINT ( 'NONE',  ( 0.6760832224229544900, 0.7064749667899301600, 0.9300000000000000500 ) ) ;
#10659 = ADVANCED_FACE ( 'NONE', ( #8976 ), #5620, .F. ) ;
#10660 =( GEOMETRIC_REPRESENTATION_CONTEXT ( 3 ) GLOBAL_UNCERTAINTY_ASSIGNED_CONTEXT ( ( #8861 ) ) GLOBAL_UNIT_ASSIGNED_CONTEXT ( ( #144, #5960, #985 ) ) REPRESENTATION_CONTEXT ( 'NONE', 'WORKASPACE' ) );
#10661 = CARTESIAN_POINT ( 'NONE',  ( 0.1672961807064031200, 0.8559320615082910400, 0.9400000000000000600 ) ) ;
#10662 = ORIENTED_EDGE ( 'NONE', *, *, #8037, .F. ) ;
#10663 = ORIENTED_EDGE ( 'NONE', *, *, #1940, .T. ) ;
#10664 = AXIS2_PLACEMENT_3D ( 'NONE', #4570, #6974, #6961 ) ;
#10665 = COLOUR_RGB ( '',0.6666666666666666300, 0.6666666666666666300, 0.6666666666666666300 ) ;
#10666 = LINE ( 'NONE', #7153, #3927 ) ;
#10667 = PLANE ( 'NONE',  #3076 ) ;
#10668 = DIRECTION ( 'NONE',  ( -0.3385350343141482800, -0.9409537876760570900, 0.0000000000000000000 ) ) ;
#10669 = CARTESIAN_POINT ( 'NONE',  ( 0.6126787519372730600, 0.8712622200305797400, 0.9300000000000000500 ) ) ;
#10670 = AXIS2_PLACEMENT_3D ( 'NONE', #3834, #8893, #10604 ) ;
#10671 = CARTESIAN_POINT ( 'NONE',  ( 0.4643801271002033200, 0.8586357928740651100, 0.9400000000000000600 ) ) ;
#10672 = CARTESIAN_POINT ( 'NONE',  ( 0.4658160737180047600, 0.6732996483785580500, 0.9400000000000000600 ) ) ;
#10673 = B_SPLINE_SURFACE_WITH_KNOTS ( 'NONE', 3, 1, ( 
 ( #6034, #5459 ),
 ( #6886, #7188 ),
 ( #3553, #504 ),
 ( #4393, #3243 ) ),
 .UNSPECIFIED., .F., .F., .F.,
 ( 4, 4 ),
 ( 2, 2 ),
 ( 1.000000000000000000, 2.000000000000000000 ),
 ( 0.0000000000000000000, 1.000000000000000000 ),
 .UNSPECIFIED. ) ;
#10674 = ORIENTED_EDGE ( 'NONE', *, *, #2891, .F. ) ;
#10675 = LINE ( 'NONE', #6044, #81 ) ;
#10676 = CARTESIAN_POINT ( 'NONE',  ( 0.2905571210839667500, 0.6514153005493975600, 0.9400000000000000600 ) ) ;
#10677 = ADVANCED_FACE ( 'NONE', ( #7957 ), #3557, .F. ) ;
#10678 = CARTESIAN_POINT ( 'NONE',  ( 0.5345929651700160900, 0.6603266134181407000, 0.9400000000000000600 ) ) ;
#10679 = DIRECTION ( 'NONE',  ( -0.6951582048693603100, -0.7188567800353616900, 0.0000000000000000000 ) ) ;
#10680 = DIRECTION ( 'NONE',  ( -0.3897582650655330200, -0.9209172030172450000, -0.0000000000000000000 ) ) ;
#10681 = EDGE_LOOP ( 'NONE', ( #1164, #1546, #7289, #8598 ) ) ;
#10682 = VERTEX_POINT ( 'NONE', #5647 ) ;
#10683 = ORIENTED_EDGE ( 'NONE', *, *, #2766, .F. ) ;
#10684 = DIRECTION ( 'NONE',  ( 1.000000000000000000, -4.336808689942017700E-016, 0.0000000000000000000 ) ) ;
#10685 = DIRECTION ( 'NONE',  ( 0.0000000000000000000, 1.000000000000000000, -0.0000000000000000000 ) ) ;
#10686 = VECTOR ( 'NONE', #3895, 1000.000000000000000 ) ;
#10687 = B_SPLINE_CURVE_WITH_KNOTS ( 'NONE', 3,
 ( #5930, #2665, #4968, #2442 ),
 .UNSPECIFIED., .F., .F.,
 ( 4, 4 ),
 ( 5.000000000000000000, 6.000000000000000000 ),
 .UNSPECIFIED. ) ;
#10688 = VERTEX_POINT ( 'NONE', #3950 ) ;
#10689 = ORIENTED_EDGE ( 'NONE', *, *, #10257, .T. ) ;
#10690 = ORIENTED_EDGE ( 'NONE', *, *, #6921, .F. ) ;
#10691 = DIRECTION ( 'NONE',  ( 0.0000000000000000000, 0.0000000000000000000, 1.000000000000000000 ) ) ;
#10692 = CARTESIAN_POINT ( 'NONE',  ( 0.4635136075897990400, 0.8217468194176258400, 0.9300000000000000500 ) ) ;
#10693 = EDGE_LOOP ( 'NONE', ( #4763, #4501, #4521, #6210 ) ) ;
#10694 = CARTESIAN_POINT ( 'NONE',  ( 0.5764334786880764800, 0.6479477632650728600, 0.9300000000000000500 ) ) ;
#10695 = CARTESIAN_POINT ( 'NONE',  ( 0.4503920264270551700, 0.8366014396011827200, 0.9400000000000000600 ) ) ;
#10696 = PRESENTATION_STYLE_ASSIGNMENT (( #7606 ) ) ;
#10697 = COLOUR_RGB ( '',0.6666666666666666300, 0.6666666666666666300, 0.6666666666666666300 ) ;
#10698 = SURFACE_STYLE_FILL_AREA ( #8530 ) ;
#10699 = DIRECTION ( 'NONE',  ( -0.0000000000000000000, -0.0000000000000000000, -1.000000000000000000 ) ) ;
#10700 = CARTESIAN_POINT ( 'NONE',  ( 0.7890526089214275900, 0.6973641330769089200, 0.9300000000000000500 ) ) ;
#10701 = EDGE_LOOP ( 'NONE', ( #5699, #10662, #443, #1271 ) ) ;
#10702 = CARTESIAN_POINT ( 'NONE',  ( 0.6915320274138230200, 0.8090708768605522300, 0.9300000000000000500 ) ) ;
#10703 = ORIENTED_EDGE ( 'NONE', *, *, #9688, .F. ) ;
#10704 = CARTESIAN_POINT ( 'NONE',  ( 0.5622225587120900400, 0.6449768392276955500, 0.9400000000000000600 ) ) ;
#10705 = CARTESIAN_POINT ( 'NONE',  ( 0.5887628134409231800, 0.5885292825288691600, 0.9400000000000000600 ) ) ;
#10706 = LINE ( 'NONE', #9075, #10453 ) ;
#10707 = VECTOR ( 'NONE', #4137, 1000.000000000000000 ) ;
#10708 = CARTESIAN_POINT ( 'NONE',  ( 0.4590572215344044200, 0.6392825681577188900, 0.9400000000000000600 ) ) ;
#10709 = EDGE_CURVE ( 'NONE', #5425, #8025, #3408, .T. ) ;
#10710 = EDGE_CURVE ( 'NONE', #5642, #6061, #6692, .T. ) ;
#10711 = CARTESIAN_POINT ( 'NONE',  ( 0.4503920264270551700, 0.8210040884079528000, 0.9400000000000000600 ) ) ;
#10712 = B_SPLINE_SURFACE_WITH_KNOTS ( 'NONE', 3, 1, ( 
 ( #9860, #10692 ),
 ( #666, #6500 ),
 ( #1512, #7391 ),
 ( #2317, #8243 ) ),
 .UNSPECIFIED., .F., .F., .F.,
 ( 4, 4 ),
 ( 2, 2 ),
 ( 9.000000000000000000, 10.00000000000000000 ),
 ( 0.0000000000000000000, 1.000000000000000000 ),
 .UNSPECIFIED. ) ;
#10713 = ADVANCED_FACE ( 'NONE', ( #10161 ), #5677, .F. ) ;
#10714 = ORIENTED_EDGE ( 'NONE', *, *, #8172, .F. ) ;
#10715 = B_SPLINE_CURVE_WITH_KNOTS ( 'NONE', 3,
 ( #9268, #3336, #4188, #10115 ),
 .UNSPECIFIED., .F., .F.,
 ( 4, 4 ),
 ( 7.000000000000000000, 8.000000000000000000 ),
 .UNSPECIFIED. ) ;
#10716 = EDGE_CURVE ( 'NONE', #6398, #9141, #6273, .T. ) ;
#10717 = EDGE_LOOP ( 'NONE', ( #6855, #8607, #7590, #315 ) ) ;
#10718 = FILL_AREA_STYLE_COLOUR ( '', #6128 ) ;
#10719 = DIRECTION ( 'NONE',  ( -1.000000000000000000, -0.0000000000000000000, -0.0000000000000000000 ) ) ;
#10720 = CARTESIAN_POINT ( 'NONE',  ( 0.02544280034949358100, 0.7898256637061896700, 0.9300000000000000500 ) ) ;
#10721 = VECTOR ( 'NONE', #2589, 1000.000000000000000 ) ;
#10722 = EDGE_CURVE ( 'NONE', #1943, #8181, #7428, .T. ) ;
#10723 = DIRECTION ( 'NONE',  ( 1.000000000000000000, -0.0000000000000000000, -0.0000000000000000000 ) ) ;
#10724 = CARTESIAN_POINT ( 'NONE',  ( 0.8181924221821361700, 0.6207638083283396600, 0.9400000000000000600 ) ) ;
#10725 = ORIENTED_EDGE ( 'NONE', *, *, #2193, .F. ) ;
#10726 = EDGE_CURVE ( 'NONE', #4992, #941, #4757, .T. ) ;
#10727 = AXIS2_PLACEMENT_3D ( 'NONE', #9814, #2236, #7293 ) ;
#10728 = UNCERTAINTY_MEASURE_WITH_UNIT (LENGTH_MEASURE( 1.000000000000000100E-005 ), #650, 'distance_accuracy_value', 'NONE');
#10729 = ORIENTED_EDGE ( 'NONE', *, *, #3595, .T. ) ;
#10730 = VECTOR ( 'NONE', #9202, 1000.000000000000000 ) ;
#10731 = PRESENTATION_STYLE_ASSIGNMENT (( #2175 ) ) ;
#10732 = DIRECTION ( 'NONE',  ( -0.0000000000000000000, -0.0000000000000000000, -1.000000000000000000 ) ) ;
#10733 = EDGE_CURVE ( 'NONE', #853, #438, #2643, .T. ) ;
#10734 = CARTESIAN_POINT ( 'NONE',  ( -0.1250000000000001100, 0.8749999999999998900, -0.02000000000000000000 ) ) ;
#10735 = VERTEX_POINT ( 'NONE', #4883 ) ;
#10736 = ORIENTED_EDGE ( 'NONE', *, *, #1202, .F. ) ;
#10737 = FACE_OUTER_BOUND ( 'NONE', #4077, .T. ) ;
#10738 = FACE_OUTER_BOUND ( 'NONE', #10643, .T. ) ;
#10739 = UNCERTAINTY_MEASURE_WITH_UNIT (LENGTH_MEASURE( 1.000000000000000100E-005 ), #2272, 'distance_accuracy_value', 'NONE');
#10740 = CARTESIAN_POINT ( 'NONE',  ( 0.7615963192816301900, 0.7176159319277641800, 0.9400000000000000600 ) ) ;
#10741 = CARTESIAN_POINT ( 'NONE',  ( 0.02613139853584862300, 0.5749797460765683200, 0.9300000000000000500 ) ) ;
#10742 =( NAMED_UNIT ( * ) SI_UNIT ( $, .STERADIAN. ) SOLID_ANGLE_UNIT ( ) );
#10743 = CARTESIAN_POINT ( 'NONE',  ( 0.4820076097185750900, 0.6618615908373892700, 0.9400000000000000600 ) ) ;
#10744 = VERTEX_POINT ( 'NONE', #4061 ) ;
#10745 = PLANE ( 'NONE',  #2482 ) ;
#10746 = STYLED_ITEM ( 'NONE', ( #1249 ), #10713 ) ;
#10747 = CARTESIAN_POINT ( 'NONE',  ( 0.7605317381683398500, 0.6318057426650612900, 0.9400000000000000600 ) ) ;
#10748 = DIRECTION ( 'NONE',  ( 0.0000000000000000000, 1.000000000000000000, 0.0000000000000000000 ) ) ;
#10749 = EDGE_LOOP ( 'NONE', ( #8316, #1829, #6888, #4552 ) ) ;
#10750 = ORIENTED_EDGE ( 'NONE', *, *, #4164, .F. ) ;
#10751 = VECTOR ( 'NONE', #5940, 1000.000000000000000 ) ;
#10752 = CARTESIAN_POINT ( 'NONE',  ( 0.5887628134409231800, 0.5885292825288691600, 0.9400000000000000600 ) ) ;
#10753 = ORIENTED_EDGE ( 'NONE', *, *, #9603, .F. ) ;
#10754 = B_SPLINE_CURVE_WITH_KNOTS ( 'NONE', 3,
 ( #1867, #6896, #9769, #10132 ),
 .UNSPECIFIED., .F., .F.,
 ( 4, 4 ),
 ( 4.000000000000000000, 5.000000000000000000 ),
 .UNSPECIFIED. ) ;
#10755 = B_SPLINE_SURFACE_WITH_KNOTS ( 'NONE', 3, 1, ( 
 ( #2718, #2559 ),
 ( #2518, #2486 ),
 ( #2375, #2312 ),
 ( #2278, #2243 ) ),
 .UNSPECIFIED., .F., .F., .F.,
 ( 4, 4 ),
 ( 2, 2 ),
 ( 10.00000000000000000, 11.00000000000000000 ),
 ( 0.0000000000000000000, 1.000000000000000000 ),
 .UNSPECIFIED. ) ;
#10756 = DIRECTION ( 'NONE',  ( 0.0000000000000000000, -0.0000000000000000000, 1.000000000000000000 ) ) ;
#10757 = SURFACE_SIDE_STYLE ('',( #5697 ) ) ;
#10758 = ADVANCED_FACE ( 'NONE', ( #9095 ), #5783, .F. ) ;
#10759 = ORIENTED_EDGE ( 'NONE', *, *, #6652, .T. ) ;
#10760 = CARTESIAN_POINT ( 'NONE',  ( 0.5777951522050398500, 0.6395796605610599700, 0.9300000000000000500 ) ) ;
#10761 = SURFACE_SIDE_STYLE ('',( #2576 ) ) ;
#10762 = EDGE_LOOP ( 'NONE', ( #9838, #8244, #2840, #2487 ) ) ;
#10763 = VECTOR ( 'NONE', #2364, 1000.000000000000000 ) ;
#10764 = LINE ( 'NONE', #3252, #1600 ) ;
#10765 = EDGE_CURVE ( 'NONE', #4443, #9430, #5838, .T. ) ;
#10766 = ORIENTED_EDGE ( 'NONE', *, *, #3098, .F. ) ;
#10767 = CARTESIAN_POINT ( 'NONE',  ( 0.6251813905923989700, 0.7854520307678748400, 0.9400000000000000600 ) ) ;
#10768 = FILL_AREA_STYLE_COLOUR ( '', #4099 ) ;
#10769 = ORIENTED_EDGE ( 'NONE', *, *, #1131, .T. ) ;
#10770 = DIRECTION ( 'NONE',  ( 0.0000000000000000000, -1.000000000000000000, 0.0000000000000000000 ) ) ;
#10771 = LINE ( 'NONE', #4265, #4319 ) ;
#10772 = CARTESIAN_POINT ( 'NONE',  ( 0.4424943200293258200, 0.6643868762684275200, 0.9400000000000000600 ) ) ;
#10773 = CARTESIAN_POINT ( 'NONE',  ( -0.1232966932103497500, 0.7023723281082751000, 0.9300000000000000500 ) ) ;
#10774 = CARTESIAN_POINT ( 'NONE',  ( 0.5436542834821478400, 0.6723588557673174600, 0.9400000000000000600 ) ) ;
#10775 = CARTESIAN_POINT ( 'NONE',  ( 0.6178035959001904100, 0.6335387816865267800, 0.9400000000000000600 ) ) ;
#10776 = EDGE_CURVE ( 'NONE', #9306, #4375, #6868, .T. ) ;
#10777 = STYLED_ITEM ( 'NONE', ( #1304 ), #8581 ) ;
#10778 = ORIENTED_EDGE ( 'NONE', *, *, #4367, .F. ) ;
#10779 = VERTEX_POINT ( 'NONE', #4957 ) ;
#10780 = SURFACE_SIDE_STYLE ('',( #6229 ) ) ;
#10781 = CARTESIAN_POINT ( 'NONE',  ( 0.8915247304913177500, 0.6207638083283396600, 0.9400000000000000600 ) ) ;
#10782 = EDGE_CURVE ( 'NONE', #9451, #3145, #205, .T. ) ;
#10783 = CARTESIAN_POINT ( 'NONE',  ( 0.6249999999999998900, 0.6250000000000000000, -0.02000000000000000000 ) ) ;
#10784 = LINE ( 'NONE', #10106, #6580 ) ;
#10785 = EDGE_CURVE ( 'NONE', #600, #2952, #4603, .T. ) ;
#10786 = CARTESIAN_POINT ( 'NONE',  ( 0.5943828114103957300, 0.7854520307678748400, 0.9400000000000000600 ) ) ;
#10787 = ORIENTED_EDGE ( 'NONE', *, *, #5225, .F. ) ;
#10788 = EDGE_LOOP ( 'NONE', ( #9089, #187, #5582, #2864 ) ) ;
#10789 = COLOUR_RGB ( '',0.6666666666666666300, 0.6666666666666666300, 0.6666666666666666300 ) ;
#10790 = VERTEX_POINT ( 'NONE', #7556 ) ;
#10791 = DIRECTION ( 'NONE',  ( 0.0000000000000000000, 1.000000000000000000, -0.0000000000000000000 ) ) ;
#10792 = DIRECTION ( 'NONE',  ( -0.0000000000000000000, 1.000000000000000000, -0.0000000000000000000 ) ) ;
#10793 =( GEOMETRIC_REPRESENTATION_CONTEXT ( 3 ) GLOBAL_UNCERTAINTY_ASSIGNED_CONTEXT ( ( #8154 ) ) GLOBAL_UNIT_ASSIGNED_CONTEXT ( ( #2814, #9621, #2103 ) ) REPRESENTATION_CONTEXT ( 'NONE', 'WORKASPACE' ) );
#10794 = DIRECTION ( 'NONE',  ( 1.000000000000000000, -0.0000000000000000000, -0.0000000000000000000 ) ) ;
#10795 = EDGE_LOOP ( 'NONE', ( #134, #10615, #3719, #3679 ) ) ;
#10796 = VERTEX_POINT ( 'NONE', #3290 ) ;
#10797 = VERTEX_POINT ( 'NONE', #9219 ) ;
#10798 = DIRECTION ( 'NONE',  ( 0.9369753459439838000, 0.3493954794973055900, -0.0000000000000000000 ) ) ;
#10799 = DIRECTION ( 'NONE',  ( -0.0000000000000000000, -0.0000000000000000000, -1.000000000000000000 ) ) ;
#10800 = CARTESIAN_POINT ( 'NONE',  ( 0.4711142215838566300, 0.7771829588656382600, 0.9400000000000000600 ) ) ;
#10801 = FACE_OUTER_BOUND ( 'NONE', #7775, .T. ) ;
#10802 = AXIS2_PLACEMENT_3D ( 'NONE', #8818, #4583, #10485 ) ;
#10803 = CARTESIAN_POINT ( 'NONE',  ( 0.5463033574149133200, 0.6659218536876677600, 0.9300000000000000500 ) ) ;
#10804 = CARTESIAN_POINT ( 'NONE',  ( 0.4802993283973856500, 0.6290823956311254500, 0.9400000000000000600 ) ) ;
#10805 = CARTESIAN_POINT ( 'NONE',  ( 0.5894312713490678100, 0.8291246141085187900, 0.9400000000000000600 ) ) ;
#10806 = ORIENTED_EDGE ( 'NONE', *, *, #7673, .F. ) ;
#10807 = ORIENTED_EDGE ( 'NONE', *, *, #6070, .T. ) ;
#10808 = ORIENTED_EDGE ( 'NONE', *, *, #4937, .T. ) ;
#10809 = CARTESIAN_POINT ( 'NONE',  ( 0.5622225587120900400, 0.6449768392276955500, 0.9400000000000000600 ) ) ;
#10810 = FILL_AREA_STYLE_COLOUR ( '', #10697 ) ;
#10811 = EDGE_LOOP ( 'NONE', ( #6436, #9736, #7635, #9359 ) ) ;
#10812 = ADVANCED_FACE ( 'NONE', ( #4328 ), #7268, .F. ) ;
#10813 = ORIENTED_EDGE ( 'NONE', *, *, #5324, .T. ) ;
#10814 = COLOUR_RGB ( '',0.6666666666666666300, 0.6666666666666666300, 0.6666666666666666300 ) ;
#10815 = CARTESIAN_POINT ( 'NONE',  ( 0.5436542834821478400, 0.6723588557673174600, 0.9400000000000000600 ) ) ;
#10816 = CARTESIAN_POINT ( 'NONE',  ( 0.8749999999999998900, 0.6250000000000000000, -0.02000000000000000000 ) ) ;
#10817 = DIRECTION ( 'NONE',  ( 0.0000000000000000000, 0.0000000000000000000, -1.000000000000000000 ) ) ;
#10818 = LINE ( 'NONE', #10254, #1652 ) ;
#10819 = LINE ( 'NONE', #4406, #10560 ) ;
#10820 = ORIENTED_EDGE ( 'NONE', *, *, #4705, .T. ) ;
#10821 = CARTESIAN_POINT ( 'NONE',  ( 0.6760832224229499400, 0.6643868762684275200, 0.9400000000000000600 ) ) ;
#10822 = ORIENTED_EDGE ( 'NONE', *, *, #4795, .T. ) ;
#10823 = AXIS2_PLACEMENT_3D ( 'NONE', #2782, #1965, #6997 ) ;
#10825 = ORIENTED_EDGE ( 'NONE', *, *, #4975, .T. ) ;
#10824 = CARTESIAN_POINT ( 'NONE',  ( 0.7884831818150220800, 0.6252697097836351600, 0.9400000000000000600 ) ) ;
#10826 = EDGE_CURVE ( 'NONE', #6936, #6821, #8343, .T. ) ;
#10827 = VECTOR ( 'NONE', #4955, 1000.000000000000000 ) ;
#10828 = B_SPLINE_CURVE_WITH_KNOTS ( 'NONE', 3,
 ( #5165, #3499, #2342, #297 ),
 .UNSPECIFIED., .F., .F.,
 ( 4, 4 ),
 ( 2.000000000000000000, 3.000000000000000000 ),
 .UNSPECIFIED. ) ;
#10829 = VECTOR ( 'NONE', #3082, 1000.000000000000000 ) ;
#10830 = B_SPLINE_SURFACE_WITH_KNOTS ( 'NONE', 3, 1, ( 
 ( #43, #6565 ),
 ( #10752, #10654 ),
 ( #10619, #10539 ),
 ( #10511, #3541 ) ),
 .UNSPECIFIED., .F., .F., .F.,
 ( 4, 4 ),
 ( 2, 2 ),
 ( 2.000000000000000000, 3.000000000000000000 ),
 ( 0.0000000000000000000, 1.000000000000000000 ),
 .UNSPECIFIED. ) ;
#10831 = COLOUR_RGB ( '',0.2980392156862745100, 0.2980392156862745100, 0.2980392156862745100 ) ;
#10832 = EDGE_CURVE ( 'NONE', #8376, #10797, #10784, .T. ) ;
#10833 = VERTEX_POINT ( 'NONE', #2506 ) ;
#10834 = ORIENTED_EDGE ( 'NONE', *, *, #6415, .T. ) ;
#10835 = CARTESIAN_POINT ( 'NONE',  ( 0.5436542834821478400, 0.6723588557673174600, 0.9300000000000000500 ) ) ;
#10836 = VECTOR ( 'NONE', #6756, 1000.000000000000000 ) ;
#10837 = VECTOR ( 'NONE', #7935, 1000.000000000000000 ) ;
#10838 = STYLED_ITEM ( 'NONE', ( #10597 ), #4586 ) ;
#10839 = LINE ( 'NONE', #381, #6372 ) ;
#10840 = EDGE_CURVE ( 'NONE', #1401, #8847, #8592, .T. ) ;
#10841 = ORIENTED_EDGE ( 'NONE', *, *, #2897, .T. ) ;
#10842 = FILL_AREA_STYLE_COLOUR ( '', #3057 ) ;
#10843 = CARTESIAN_POINT ( 'NONE',  ( 0.8613450938169312500, 0.7052370817740308800, 0.9300000000000000500 ) ) ;
#10844 = VERTEX_POINT ( 'NONE', #6745 ) ;
#10845 = DIRECTION ( 'NONE',  ( -0.0000000000000000000, -0.0000000000000000000, -1.000000000000000000 ) ) ;
#10846 = DIRECTION ( 'NONE',  ( -0.0000000000000000000, -0.0000000000000000000, -1.000000000000000000 ) ) ;
#10847 = EDGE_CURVE ( 'NONE', #4409, #5917, #1720, .T. ) ;
#10848 = MECHANICAL_DESIGN_GEOMETRIC_PRESENTATION_REPRESENTATION (  '', ( #9189 ), #556 ) ;
#10849 = LINE ( 'NONE', #3928, #2436 ) ;
#10850 =( LENGTH_UNIT ( ) NAMED_UNIT ( * ) SI_UNIT ( .MILLI., .METRE. ) );
#10851 = EDGE_CURVE ( 'NONE', #5642, #4050, #2374, .T. ) ;
ENDSEC;
END-ISO-10303-21;
